W0503 04:24:28.990000 128237 torch/distributed/run.py:852] 
W0503 04:24:28.990000 128237 torch/distributed/run.py:852] *****************************************
W0503 04:24:28.990000 128237 torch/distributed/run.py:852] Setting OMP_NUM_THREADS environment variable for each process to be 1 in default, to avoid your system being overloaded, please further tune the variable for optimal performance in your application as needed. 
W0503 04:24:28.990000 128237 torch/distributed/run.py:852] *****************************************
Fetching 4 files:   0%|          | 0/4 [00:00<?, ?it/s]Fetching 4 files: 100%|██████████| 4/4 [00:00<00:00, 82241.25it/s]
Fetching 4 files:   0%|          | 0/4 [00:00<?, ?it/s]Fetching 4 files: 100%|██████████| 4/4 [00:00<00:00, 76959.71it/s]
Fetching 4 files:   0%|          | 0/4 [00:00<?, ?it/s]Fetching 4 files: 100%|██████████| 4/4 [00:00<00:00, 93206.76it/s]
Warning: You are sending unauthenticated requests to the HF Hub. Please set a HF_TOKEN to enable higher rate limits and faster downloads.
Warning: You are sending unauthenticated requests to the HF Hub. Please set a HF_TOKEN to enable higher rate limits and faster downloads.
Warning: You are sending unauthenticated requests to the HF Hub. Please set a HF_TOKEN to enable higher rate limits and faster downloads.
Fetching 4 files:   0%|          | 0/4 [00:00<?, ?it/s]Fetching 4 files: 100%|██████████| 4/4 [00:00<00:00, 88768.34it/s]
Fetching 4 files:   0%|          | 0/4 [00:00<?, ?it/s]Fetching 4 files: 100%|██████████| 4/4 [00:00<00:00, 92691.80it/s]
Fetching 4 files:   0%|          | 0/4 [00:00<?, ?it/s]Fetching 4 files: 100%|██████████| 4/4 [00:00<00:00, 20971.52it/s]
Fetching 4 files:   0%|          | 0/4 [00:00<?, ?it/s]Fetching 4 files: 100%|██████████| 4/4 [00:00<00:00, 42799.02it/s]
Fetching 4 files:   0%|          | 0/4 [00:00<?, ?it/s]Fetching 4 files: 100%|██████████| 4/4 [00:00<00:00, 77314.36it/s]
[Gloo] Rank [Gloo] Rank [Gloo] Rank 3[Gloo] Rank [Gloo] Rank 1 is connected to 402 is connected to [Gloo] Rank 7[Gloo] Rank [Gloo] Rank  is connected to  is connected to  is connected to 77 peer ranks. 56777 peer ranks.  is connected to Expected number of connected peer ranks is :  is connected to  is connected to  peer ranks.  peer ranks.  peer ranks. Expected number of connected peer ranks is : 7777Expected number of connected peer ranks is : Expected number of connected peer ranks is : Expected number of connected peer ranks is : 7 peer ranks. 
 peer ranks.  peer ranks. 777
Expected number of connected peer ranks is : Expected number of connected peer ranks is : Expected number of connected peer ranks is : 


777


logs/medium_runs/token_strided_conv_w16_e32_stream_20260503_042420.txt
Compiling model and warming up kernels (~7 minutes on first execution)
Sampling steps [0, 1, 343, 344, 345, 687, 688, 689, 1031, 1032, 1033, 1374, 1375, 1376, 1718, 1719, 1720, 2062, 2063, 2064, 2406, 2407, 2408, 2749, 2750, 2751] for warmup
Resetting Model
step:0/4150 val_loss:10.8294 train_time:0ms step_avg:0.03ms
step:1/4150 train_time:79ms step_avg:78.86ms
step:2/4150 train_time:122ms step_avg:60.94ms
step:3/4150 train_time:183ms step_avg:61.09ms
step:4/4150 train_time:245ms step_avg:61.33ms
step:5/4150 train_time:312ms step_avg:62.44ms
step:6/4150 train_time:371ms step_avg:61.80ms
step:7/4150 train_time:433ms step_avg:61.90ms
step:8/4150 train_time:495ms step_avg:61.87ms
step:9/4150 train_time:558ms step_avg:62.02ms
step:10/4150 train_time:620ms step_avg:62.02ms
step:11/4150 train_time:684ms step_avg:62.20ms
step:12/4150 train_time:745ms step_avg:62.10ms
step:13/4150 train_time:809ms step_avg:62.23ms
step:14/4150 train_time:871ms step_avg:62.20ms
step:15/4150 train_time:936ms step_avg:62.37ms
step:16/4150 train_time:1000ms step_avg:62.53ms
step:17/4150 train_time:1069ms step_avg:62.87ms
step:18/4150 train_time:1133ms step_avg:62.96ms
step:19/4150 train_time:1198ms step_avg:63.04ms
step:20/4150 train_time:1262ms step_avg:63.08ms
step:21/4150 train_time:1327ms step_avg:63.18ms
step:22/4150 train_time:1389ms step_avg:63.15ms
step:23/4150 train_time:1454ms step_avg:63.20ms
step:24/4150 train_time:1515ms step_avg:63.11ms
step:25/4150 train_time:1578ms step_avg:63.14ms
step:26/4150 train_time:1640ms step_avg:63.08ms
step:27/4150 train_time:1704ms step_avg:63.12ms
step:28/4150 train_time:1766ms step_avg:63.08ms
step:29/4150 train_time:1831ms step_avg:63.15ms
step:30/4150 train_time:1894ms step_avg:63.12ms
step:31/4150 train_time:1959ms step_avg:63.20ms
step:32/4150 train_time:2023ms step_avg:63.21ms
step:33/4150 train_time:2090ms step_avg:63.32ms
step:34/4150 train_time:2153ms step_avg:63.32ms
step:35/4150 train_time:2218ms step_avg:63.38ms
step:36/4150 train_time:2282ms step_avg:63.39ms
step:37/4150 train_time:2348ms step_avg:63.45ms
step:38/4150 train_time:2411ms step_avg:63.44ms
step:39/4150 train_time:2475ms step_avg:63.46ms
step:40/4150 train_time:2537ms step_avg:63.43ms
step:41/4150 train_time:2601ms step_avg:63.44ms
step:42/4150 train_time:2664ms step_avg:63.43ms
step:43/4150 train_time:2728ms step_avg:63.44ms
step:44/4150 train_time:2789ms step_avg:63.39ms
step:45/4150 train_time:2854ms step_avg:63.42ms
step:46/4150 train_time:2917ms step_avg:63.42ms
step:47/4150 train_time:2982ms step_avg:63.45ms
step:48/4150 train_time:3045ms step_avg:63.44ms
step:49/4150 train_time:3111ms step_avg:63.48ms
step:50/4150 train_time:3173ms step_avg:63.47ms
step:51/4150 train_time:3239ms step_avg:63.50ms
step:52/4150 train_time:3302ms step_avg:63.50ms
step:53/4150 train_time:3368ms step_avg:63.55ms
step:54/4150 train_time:3431ms step_avg:63.54ms
step:55/4150 train_time:3495ms step_avg:63.55ms
step:56/4150 train_time:3559ms step_avg:63.55ms
step:57/4150 train_time:3625ms step_avg:63.59ms
step:58/4150 train_time:3686ms step_avg:63.56ms
step:59/4150 train_time:3751ms step_avg:63.58ms
step:60/4150 train_time:3813ms step_avg:63.54ms
step:61/4150 train_time:3877ms step_avg:63.56ms
step:62/4150 train_time:3940ms step_avg:63.54ms
step:63/4150 train_time:4004ms step_avg:63.56ms
step:64/4150 train_time:4067ms step_avg:63.55ms
step:65/4150 train_time:4133ms step_avg:63.58ms
step:66/4150 train_time:4194ms step_avg:63.55ms
step:67/4150 train_time:4260ms step_avg:63.57ms
step:68/4150 train_time:4322ms step_avg:63.56ms
step:69/4150 train_time:4387ms step_avg:63.58ms
step:70/4150 train_time:4449ms step_avg:63.56ms
step:71/4150 train_time:4515ms step_avg:63.59ms
step:72/4150 train_time:4577ms step_avg:63.57ms
step:73/4150 train_time:4643ms step_avg:63.60ms
step:74/4150 train_time:4705ms step_avg:63.58ms
step:75/4150 train_time:4770ms step_avg:63.60ms
step:76/4150 train_time:4832ms step_avg:63.58ms
step:77/4150 train_time:4896ms step_avg:63.59ms
step:78/4150 train_time:4960ms step_avg:63.60ms
step:79/4150 train_time:5026ms step_avg:63.61ms
step:80/4150 train_time:5088ms step_avg:63.60ms
step:81/4150 train_time:5154ms step_avg:63.63ms
step:82/4150 train_time:5216ms step_avg:63.61ms
step:83/4150 train_time:5281ms step_avg:63.63ms
step:84/4150 train_time:5344ms step_avg:63.61ms
step:85/4150 train_time:5410ms step_avg:63.64ms
step:86/4150 train_time:5473ms step_avg:63.64ms
step:87/4150 train_time:5537ms step_avg:63.65ms
step:88/4150 train_time:5601ms step_avg:63.64ms
step:89/4150 train_time:5667ms step_avg:63.67ms
step:90/4150 train_time:5729ms step_avg:63.65ms
step:91/4150 train_time:5793ms step_avg:63.66ms
step:92/4150 train_time:5856ms step_avg:63.65ms
step:93/4150 train_time:5921ms step_avg:63.66ms
step:94/4150 train_time:5983ms step_avg:63.65ms
step:95/4150 train_time:6047ms step_avg:63.66ms
step:96/4150 train_time:6110ms step_avg:63.64ms
step:97/4150 train_time:6174ms step_avg:63.65ms
step:98/4150 train_time:6238ms step_avg:63.65ms
step:99/4150 train_time:6303ms step_avg:63.67ms
step:100/4150 train_time:6367ms step_avg:63.67ms
step:101/4150 train_time:6431ms step_avg:63.68ms
step:102/4150 train_time:6494ms step_avg:63.67ms
step:103/4150 train_time:6559ms step_avg:63.68ms
step:104/4150 train_time:6622ms step_avg:63.68ms
step:105/4150 train_time:6688ms step_avg:63.70ms
step:106/4150 train_time:6750ms step_avg:63.68ms
step:107/4150 train_time:6816ms step_avg:63.70ms
step:108/4150 train_time:6878ms step_avg:63.68ms
step:109/4150 train_time:6943ms step_avg:63.69ms
step:110/4150 train_time:7005ms step_avg:63.68ms
step:111/4150 train_time:7070ms step_avg:63.69ms
step:112/4150 train_time:7132ms step_avg:63.68ms
step:113/4150 train_time:7197ms step_avg:63.69ms
step:114/4150 train_time:7259ms step_avg:63.68ms
step:115/4150 train_time:7324ms step_avg:63.69ms
step:116/4150 train_time:7386ms step_avg:63.68ms
step:117/4150 train_time:7453ms step_avg:63.70ms
step:118/4150 train_time:7516ms step_avg:63.70ms
step:119/4150 train_time:7582ms step_avg:63.71ms
step:120/4150 train_time:7644ms step_avg:63.70ms
step:121/4150 train_time:7709ms step_avg:63.71ms
step:122/4150 train_time:7771ms step_avg:63.70ms
step:123/4150 train_time:7836ms step_avg:63.71ms
step:124/4150 train_time:7898ms step_avg:63.70ms
step:125/4150 train_time:7964ms step_avg:63.71ms
step:126/4150 train_time:8026ms step_avg:63.70ms
step:127/4150 train_time:8092ms step_avg:63.71ms
step:128/4150 train_time:8154ms step_avg:63.70ms
step:129/4150 train_time:8219ms step_avg:63.71ms
step:130/4150 train_time:8282ms step_avg:63.71ms
step:131/4150 train_time:8348ms step_avg:63.73ms
step:132/4150 train_time:8411ms step_avg:63.72ms
step:133/4150 train_time:8476ms step_avg:63.73ms
step:134/4150 train_time:8538ms step_avg:63.72ms
step:135/4150 train_time:8603ms step_avg:63.72ms
step:136/4150 train_time:8666ms step_avg:63.72ms
step:137/4150 train_time:8731ms step_avg:63.73ms
step:138/4150 train_time:8793ms step_avg:63.72ms
step:139/4150 train_time:8859ms step_avg:63.73ms
step:140/4150 train_time:8921ms step_avg:63.72ms
step:141/4150 train_time:8986ms step_avg:63.73ms
step:142/4150 train_time:9048ms step_avg:63.72ms
step:143/4150 train_time:9113ms step_avg:63.73ms
step:144/4150 train_time:9175ms step_avg:63.72ms
step:145/4150 train_time:9240ms step_avg:63.72ms
step:146/4150 train_time:9302ms step_avg:63.71ms
step:147/4150 train_time:9368ms step_avg:63.73ms
step:148/4150 train_time:9430ms step_avg:63.72ms
step:149/4150 train_time:9494ms step_avg:63.72ms
step:150/4150 train_time:9556ms step_avg:63.71ms
step:151/4150 train_time:9622ms step_avg:63.72ms
step:152/4150 train_time:9684ms step_avg:63.71ms
step:153/4150 train_time:9749ms step_avg:63.72ms
step:154/4150 train_time:9811ms step_avg:63.70ms
step:155/4150 train_time:9875ms step_avg:63.71ms
step:156/4150 train_time:9938ms step_avg:63.71ms
step:157/4150 train_time:10003ms step_avg:63.72ms
step:158/4150 train_time:10066ms step_avg:63.71ms
step:159/4150 train_time:10131ms step_avg:63.72ms
step:160/4150 train_time:10194ms step_avg:63.71ms
step:161/4150 train_time:10259ms step_avg:63.72ms
step:162/4150 train_time:10322ms step_avg:63.72ms
step:163/4150 train_time:10387ms step_avg:63.73ms
step:164/4150 train_time:10450ms step_avg:63.72ms
step:165/4150 train_time:10514ms step_avg:63.72ms
step:166/4150 train_time:10577ms step_avg:63.72ms
step:167/4150 train_time:10642ms step_avg:63.73ms
step:168/4150 train_time:10705ms step_avg:63.72ms
step:169/4150 train_time:10771ms step_avg:63.73ms
step:170/4150 train_time:10832ms step_avg:63.72ms
step:171/4150 train_time:10896ms step_avg:63.72ms
step:172/4150 train_time:10959ms step_avg:63.72ms
step:173/4150 train_time:11024ms step_avg:63.72ms
step:174/4150 train_time:11086ms step_avg:63.71ms
step:175/4150 train_time:11151ms step_avg:63.72ms
step:176/4150 train_time:11213ms step_avg:63.71ms
step:177/4150 train_time:11277ms step_avg:63.71ms
step:178/4150 train_time:11340ms step_avg:63.71ms
step:179/4150 train_time:11404ms step_avg:63.71ms
step:180/4150 train_time:11466ms step_avg:63.70ms
step:181/4150 train_time:11531ms step_avg:63.71ms
step:182/4150 train_time:11593ms step_avg:63.70ms
step:183/4150 train_time:11658ms step_avg:63.71ms
step:184/4150 train_time:11721ms step_avg:63.70ms
step:185/4150 train_time:11786ms step_avg:63.71ms
step:186/4150 train_time:11847ms step_avg:63.70ms
step:187/4150 train_time:11913ms step_avg:63.70ms
step:188/4150 train_time:11974ms step_avg:63.69ms
step:189/4150 train_time:12038ms step_avg:63.70ms
step:190/4150 train_time:12100ms step_avg:63.68ms
step:191/4150 train_time:12165ms step_avg:63.69ms
step:192/4150 train_time:12228ms step_avg:63.69ms
step:193/4150 train_time:12292ms step_avg:63.69ms
step:194/4150 train_time:12354ms step_avg:63.68ms
step:195/4150 train_time:12420ms step_avg:63.69ms
step:196/4150 train_time:12482ms step_avg:63.68ms
step:197/4150 train_time:12546ms step_avg:63.69ms
step:198/4150 train_time:12608ms step_avg:63.68ms
step:199/4150 train_time:12678ms step_avg:63.71ms
step:200/4150 train_time:12735ms step_avg:63.68ms
step:201/4150 train_time:12799ms step_avg:63.68ms
step:202/4150 train_time:12862ms step_avg:63.67ms
step:203/4150 train_time:12926ms step_avg:63.68ms
step:204/4150 train_time:12989ms step_avg:63.67ms
step:205/4150 train_time:13054ms step_avg:63.68ms
step:206/4150 train_time:13116ms step_avg:63.67ms
step:207/4150 train_time:13182ms step_avg:63.68ms
step:208/4150 train_time:13244ms step_avg:63.67ms
step:209/4150 train_time:13308ms step_avg:63.67ms
step:210/4150 train_time:13370ms step_avg:63.67ms
step:211/4150 train_time:13436ms step_avg:63.68ms
step:212/4150 train_time:13499ms step_avg:63.67ms
step:213/4150 train_time:13563ms step_avg:63.68ms
step:214/4150 train_time:13625ms step_avg:63.67ms
step:215/4150 train_time:13689ms step_avg:63.67ms
step:216/4150 train_time:13751ms step_avg:63.66ms
step:217/4150 train_time:13815ms step_avg:63.67ms
step:218/4150 train_time:13878ms step_avg:63.66ms
step:219/4150 train_time:13943ms step_avg:63.67ms
step:220/4150 train_time:14006ms step_avg:63.66ms
step:221/4150 train_time:14070ms step_avg:63.67ms
step:222/4150 train_time:14132ms step_avg:63.66ms
step:223/4150 train_time:14196ms step_avg:63.66ms
step:224/4150 train_time:14259ms step_avg:63.66ms
step:225/4150 train_time:14324ms step_avg:63.66ms
step:226/4150 train_time:14386ms step_avg:63.66ms
step:227/4150 train_time:14452ms step_avg:63.66ms
step:228/4150 train_time:14513ms step_avg:63.65ms
step:229/4150 train_time:14577ms step_avg:63.65ms
step:230/4150 train_time:14639ms step_avg:63.65ms
step:231/4150 train_time:14705ms step_avg:63.66ms
step:232/4150 train_time:14767ms step_avg:63.65ms
step:233/4150 train_time:14832ms step_avg:63.65ms
step:234/4150 train_time:14894ms step_avg:63.65ms
step:235/4150 train_time:14959ms step_avg:63.65ms
step:236/4150 train_time:15021ms step_avg:63.65ms
step:237/4150 train_time:15086ms step_avg:63.65ms
step:238/4150 train_time:15147ms step_avg:63.64ms
step:239/4150 train_time:15212ms step_avg:63.65ms
step:240/4150 train_time:15274ms step_avg:63.64ms
step:241/4150 train_time:15339ms step_avg:63.65ms
step:242/4150 train_time:15401ms step_avg:63.64ms
step:243/4150 train_time:15466ms step_avg:63.65ms
step:244/4150 train_time:15528ms step_avg:63.64ms
step:245/4150 train_time:15593ms step_avg:63.65ms
step:246/4150 train_time:15655ms step_avg:63.64ms
step:247/4150 train_time:15720ms step_avg:63.64ms
step:248/4150 train_time:15782ms step_avg:63.64ms
step:249/4150 train_time:15847ms step_avg:63.64ms
step:250/4150 train_time:15909ms step_avg:63.63ms
step:250/4150 val_loss:4.4440 train_time:15969ms step_avg:63.87ms
step:251/4150 train_time:15995ms step_avg:63.73ms
step:252/4150 train_time:16039ms step_avg:63.65ms
step:253/4150 train_time:16102ms step_avg:63.64ms
step:254/4150 train_time:16164ms step_avg:63.64ms
step:255/4150 train_time:16228ms step_avg:63.64ms
step:256/4150 train_time:16292ms step_avg:63.64ms
step:257/4150 train_time:16358ms step_avg:63.65ms
step:258/4150 train_time:16420ms step_avg:63.65ms
step:259/4150 train_time:16485ms step_avg:63.65ms
step:260/4150 train_time:16548ms step_avg:63.65ms
step:261/4150 train_time:16612ms step_avg:63.65ms
step:262/4150 train_time:16674ms step_avg:63.64ms
step:263/4150 train_time:16738ms step_avg:63.64ms
step:264/4150 train_time:16798ms step_avg:63.63ms
step:265/4150 train_time:16864ms step_avg:63.64ms
step:266/4150 train_time:16928ms step_avg:63.64ms
step:267/4150 train_time:16994ms step_avg:63.65ms
step:268/4150 train_time:17057ms step_avg:63.65ms
step:269/4150 train_time:17122ms step_avg:63.65ms
step:270/4150 train_time:17186ms step_avg:63.65ms
step:271/4150 train_time:17251ms step_avg:63.66ms
step:272/4150 train_time:17313ms step_avg:63.65ms
step:273/4150 train_time:17378ms step_avg:63.66ms
step:274/4150 train_time:17440ms step_avg:63.65ms
step:275/4150 train_time:17506ms step_avg:63.66ms
step:276/4150 train_time:17570ms step_avg:63.66ms
step:277/4150 train_time:17635ms step_avg:63.66ms
step:278/4150 train_time:17696ms step_avg:63.65ms
step:279/4150 train_time:17760ms step_avg:63.65ms
step:280/4150 train_time:17821ms step_avg:63.65ms
step:281/4150 train_time:17886ms step_avg:63.65ms
step:282/4150 train_time:17948ms step_avg:63.65ms
step:283/4150 train_time:18013ms step_avg:63.65ms
step:284/4150 train_time:18075ms step_avg:63.65ms
step:285/4150 train_time:18140ms step_avg:63.65ms
step:286/4150 train_time:18202ms step_avg:63.64ms
step:287/4150 train_time:18267ms step_avg:63.65ms
step:288/4150 train_time:18329ms step_avg:63.64ms
step:289/4150 train_time:18394ms step_avg:63.65ms
step:290/4150 train_time:18456ms step_avg:63.64ms
step:291/4150 train_time:18522ms step_avg:63.65ms
step:292/4150 train_time:18585ms step_avg:63.65ms
step:293/4150 train_time:18649ms step_avg:63.65ms
step:294/4150 train_time:18711ms step_avg:63.64ms
step:295/4150 train_time:18775ms step_avg:63.64ms
step:296/4150 train_time:18837ms step_avg:63.64ms
step:297/4150 train_time:18901ms step_avg:63.64ms
step:298/4150 train_time:18963ms step_avg:63.63ms
step:299/4150 train_time:19029ms step_avg:63.64ms
step:300/4150 train_time:19091ms step_avg:63.64ms
step:301/4150 train_time:19155ms step_avg:63.64ms
step:302/4150 train_time:19217ms step_avg:63.63ms
step:303/4150 train_time:19283ms step_avg:63.64ms
step:304/4150 train_time:19345ms step_avg:63.63ms
step:305/4150 train_time:19410ms step_avg:63.64ms
step:306/4150 train_time:19471ms step_avg:63.63ms
step:307/4150 train_time:19536ms step_avg:63.64ms
step:308/4150 train_time:19597ms step_avg:63.63ms
step:309/4150 train_time:19662ms step_avg:63.63ms
step:310/4150 train_time:19724ms step_avg:63.62ms
step:311/4150 train_time:19788ms step_avg:63.63ms
step:312/4150 train_time:19849ms step_avg:63.62ms
step:313/4150 train_time:19914ms step_avg:63.62ms
step:314/4150 train_time:19976ms step_avg:63.62ms
step:315/4150 train_time:20042ms step_avg:63.62ms
step:316/4150 train_time:20104ms step_avg:63.62ms
step:317/4150 train_time:20169ms step_avg:63.62ms
step:318/4150 train_time:20230ms step_avg:63.62ms
step:319/4150 train_time:20295ms step_avg:63.62ms
step:320/4150 train_time:20356ms step_avg:63.61ms
step:321/4150 train_time:20421ms step_avg:63.62ms
step:322/4150 train_time:20484ms step_avg:63.61ms
step:323/4150 train_time:20549ms step_avg:63.62ms
step:324/4150 train_time:20611ms step_avg:63.61ms
step:325/4150 train_time:20675ms step_avg:63.61ms
step:326/4150 train_time:20738ms step_avg:63.61ms
step:327/4150 train_time:20802ms step_avg:63.61ms
step:328/4150 train_time:20863ms step_avg:63.61ms
step:329/4150 train_time:20928ms step_avg:63.61ms
step:330/4150 train_time:20990ms step_avg:63.61ms
step:331/4150 train_time:21054ms step_avg:63.61ms
step:332/4150 train_time:21116ms step_avg:63.60ms
step:333/4150 train_time:21180ms step_avg:63.60ms
step:334/4150 train_time:21242ms step_avg:63.60ms
step:335/4150 train_time:21306ms step_avg:63.60ms
step:336/4150 train_time:21367ms step_avg:63.59ms
step:337/4150 train_time:21432ms step_avg:63.60ms
step:338/4150 train_time:21494ms step_avg:63.59ms
step:339/4150 train_time:21558ms step_avg:63.59ms
step:340/4150 train_time:21620ms step_avg:63.59ms
step:341/4150 train_time:21685ms step_avg:63.59ms
step:342/4150 train_time:21747ms step_avg:63.59ms
step:343/4150 train_time:21812ms step_avg:63.59ms
step:344/4150 train_time:21874ms step_avg:63.59ms
step:345/4150 train_time:21961ms step_avg:63.65ms
step:346/4150 train_time:22068ms step_avg:63.78ms
step:347/4150 train_time:22185ms step_avg:63.93ms
step:348/4150 train_time:22301ms step_avg:64.08ms
step:349/4150 train_time:22419ms step_avg:64.24ms
step:350/4150 train_time:22534ms step_avg:64.38ms
step:351/4150 train_time:22653ms step_avg:64.54ms
step:352/4150 train_time:22769ms step_avg:64.68ms
step:353/4150 train_time:22885ms step_avg:64.83ms
step:354/4150 train_time:23000ms step_avg:64.97ms
step:355/4150 train_time:23117ms step_avg:65.12ms
step:356/4150 train_time:23233ms step_avg:65.26ms
step:357/4150 train_time:23350ms step_avg:65.41ms
step:358/4150 train_time:23466ms step_avg:65.55ms
step:359/4150 train_time:23582ms step_avg:65.69ms
step:360/4150 train_time:23698ms step_avg:65.83ms
step:361/4150 train_time:23815ms step_avg:65.97ms
step:362/4150 train_time:23932ms step_avg:66.11ms
step:363/4150 train_time:24048ms step_avg:66.25ms
step:364/4150 train_time:24164ms step_avg:66.38ms
step:365/4150 train_time:24281ms step_avg:66.52ms
step:366/4150 train_time:24397ms step_avg:66.66ms
step:367/4150 train_time:24513ms step_avg:66.79ms
step:368/4150 train_time:24629ms step_avg:66.93ms
step:369/4150 train_time:24746ms step_avg:67.06ms
step:370/4150 train_time:24863ms step_avg:67.20ms
step:371/4150 train_time:24980ms step_avg:67.33ms
step:372/4150 train_time:25094ms step_avg:67.46ms
step:373/4150 train_time:25210ms step_avg:67.59ms
step:374/4150 train_time:25325ms step_avg:67.71ms
step:375/4150 train_time:25442ms step_avg:67.85ms
step:376/4150 train_time:25557ms step_avg:67.97ms
step:377/4150 train_time:25675ms step_avg:68.10ms
step:378/4150 train_time:25791ms step_avg:68.23ms
step:379/4150 train_time:25908ms step_avg:68.36ms
step:380/4150 train_time:26024ms step_avg:68.49ms
step:381/4150 train_time:26140ms step_avg:68.61ms
step:382/4150 train_time:26255ms step_avg:68.73ms
step:383/4150 train_time:26371ms step_avg:68.85ms
step:384/4150 train_time:26487ms step_avg:68.98ms
step:385/4150 train_time:26604ms step_avg:69.10ms
step:386/4150 train_time:26720ms step_avg:69.22ms
step:387/4150 train_time:26837ms step_avg:69.35ms
step:388/4150 train_time:26953ms step_avg:69.47ms
step:389/4150 train_time:27069ms step_avg:69.59ms
step:390/4150 train_time:27186ms step_avg:69.71ms
step:391/4150 train_time:27306ms step_avg:69.84ms
step:392/4150 train_time:27419ms step_avg:69.95ms
step:393/4150 train_time:27534ms step_avg:70.06ms
step:394/4150 train_time:27649ms step_avg:70.18ms
step:395/4150 train_time:27768ms step_avg:70.30ms
step:396/4150 train_time:27884ms step_avg:70.42ms
step:397/4150 train_time:28001ms step_avg:70.53ms
step:398/4150 train_time:28117ms step_avg:70.64ms
step:399/4150 train_time:28233ms step_avg:70.76ms
step:400/4150 train_time:28348ms step_avg:70.87ms
step:401/4150 train_time:28465ms step_avg:70.99ms
step:402/4150 train_time:28580ms step_avg:71.09ms
step:403/4150 train_time:28698ms step_avg:71.21ms
step:404/4150 train_time:28815ms step_avg:71.32ms
step:405/4150 train_time:28931ms step_avg:71.44ms
step:406/4150 train_time:29046ms step_avg:71.54ms
step:407/4150 train_time:29162ms step_avg:71.65ms
step:408/4150 train_time:29278ms step_avg:71.76ms
step:409/4150 train_time:29395ms step_avg:71.87ms
step:410/4150 train_time:29510ms step_avg:71.98ms
step:411/4150 train_time:29628ms step_avg:72.09ms
step:412/4150 train_time:29745ms step_avg:72.20ms
step:413/4150 train_time:29863ms step_avg:72.31ms
step:414/4150 train_time:29977ms step_avg:72.41ms
step:415/4150 train_time:30094ms step_avg:72.52ms
step:416/4150 train_time:30208ms step_avg:72.62ms
step:417/4150 train_time:30325ms step_avg:72.72ms
step:418/4150 train_time:30440ms step_avg:72.82ms
step:419/4150 train_time:30558ms step_avg:72.93ms
step:420/4150 train_time:30672ms step_avg:73.03ms
step:421/4150 train_time:30789ms step_avg:73.13ms
step:422/4150 train_time:30904ms step_avg:73.23ms
step:423/4150 train_time:31020ms step_avg:73.33ms
step:424/4150 train_time:31136ms step_avg:73.43ms
step:425/4150 train_time:31253ms step_avg:73.54ms
step:426/4150 train_time:31369ms step_avg:73.64ms
step:427/4150 train_time:31487ms step_avg:73.74ms
step:428/4150 train_time:31604ms step_avg:73.84ms
step:429/4150 train_time:31720ms step_avg:73.94ms
step:430/4150 train_time:31835ms step_avg:74.03ms
step:431/4150 train_time:31951ms step_avg:74.13ms
step:432/4150 train_time:32068ms step_avg:74.23ms
step:433/4150 train_time:32187ms step_avg:74.33ms
step:434/4150 train_time:32303ms step_avg:74.43ms
step:435/4150 train_time:32418ms step_avg:74.52ms
step:436/4150 train_time:32535ms step_avg:74.62ms
step:437/4150 train_time:32651ms step_avg:74.72ms
step:438/4150 train_time:32767ms step_avg:74.81ms
step:439/4150 train_time:32882ms step_avg:74.90ms
step:440/4150 train_time:32999ms step_avg:75.00ms
step:441/4150 train_time:33115ms step_avg:75.09ms
step:442/4150 train_time:33231ms step_avg:75.18ms
step:443/4150 train_time:33349ms step_avg:75.28ms
step:444/4150 train_time:33465ms step_avg:75.37ms
step:445/4150 train_time:33582ms step_avg:75.47ms
step:446/4150 train_time:33701ms step_avg:75.56ms
step:447/4150 train_time:33811ms step_avg:75.64ms
step:448/4150 train_time:33926ms step_avg:75.73ms
step:449/4150 train_time:34043ms step_avg:75.82ms
step:450/4150 train_time:34159ms step_avg:75.91ms
step:451/4150 train_time:34278ms step_avg:76.00ms
step:452/4150 train_time:34394ms step_avg:76.09ms
step:453/4150 train_time:34512ms step_avg:76.19ms
step:454/4150 train_time:34627ms step_avg:76.27ms
step:455/4150 train_time:34745ms step_avg:76.36ms
step:456/4150 train_time:34862ms step_avg:76.45ms
step:457/4150 train_time:34978ms step_avg:76.54ms
step:458/4150 train_time:35093ms step_avg:76.62ms
step:459/4150 train_time:35209ms step_avg:76.71ms
step:460/4150 train_time:35326ms step_avg:76.80ms
step:461/4150 train_time:35443ms step_avg:76.88ms
step:462/4150 train_time:35558ms step_avg:76.97ms
step:463/4150 train_time:35676ms step_avg:77.05ms
step:464/4150 train_time:35792ms step_avg:77.14ms
step:465/4150 train_time:35909ms step_avg:77.22ms
step:466/4150 train_time:36024ms step_avg:77.30ms
step:467/4150 train_time:36142ms step_avg:77.39ms
step:468/4150 train_time:36258ms step_avg:77.47ms
step:469/4150 train_time:36375ms step_avg:77.56ms
step:470/4150 train_time:36491ms step_avg:77.64ms
step:471/4150 train_time:36607ms step_avg:77.72ms
step:472/4150 train_time:36725ms step_avg:77.81ms
step:473/4150 train_time:36841ms step_avg:77.89ms
step:474/4150 train_time:36958ms step_avg:77.97ms
step:475/4150 train_time:37074ms step_avg:78.05ms
step:476/4150 train_time:37190ms step_avg:78.13ms
step:477/4150 train_time:37306ms step_avg:78.21ms
step:478/4150 train_time:37422ms step_avg:78.29ms
step:479/4150 train_time:37539ms step_avg:78.37ms
step:480/4150 train_time:37656ms step_avg:78.45ms
step:481/4150 train_time:37773ms step_avg:78.53ms
step:482/4150 train_time:37889ms step_avg:78.61ms
step:483/4150 train_time:38004ms step_avg:78.68ms
step:484/4150 train_time:38120ms step_avg:78.76ms
step:485/4150 train_time:38237ms step_avg:78.84ms
step:486/4150 train_time:38353ms step_avg:78.91ms
step:487/4150 train_time:38470ms step_avg:78.99ms
step:488/4150 train_time:38586ms step_avg:79.07ms
step:489/4150 train_time:38703ms step_avg:79.15ms
step:490/4150 train_time:38819ms step_avg:79.22ms
step:491/4150 train_time:38935ms step_avg:79.30ms
step:492/4150 train_time:39051ms step_avg:79.37ms
step:493/4150 train_time:39169ms step_avg:79.45ms
step:494/4150 train_time:39286ms step_avg:79.53ms
step:495/4150 train_time:39402ms step_avg:79.60ms
step:496/4150 train_time:39518ms step_avg:79.67ms
step:497/4150 train_time:39635ms step_avg:79.75ms
step:498/4150 train_time:39750ms step_avg:79.82ms
step:499/4150 train_time:39867ms step_avg:79.89ms
step:500/4150 train_time:39982ms step_avg:79.96ms
step:500/4150 val_loss:3.9166 train_time:40078ms step_avg:80.16ms
step:501/4150 train_time:40110ms step_avg:80.06ms
step:502/4150 train_time:40220ms step_avg:80.12ms
step:503/4150 train_time:40333ms step_avg:80.18ms
step:504/4150 train_time:40454ms step_avg:80.27ms
step:505/4150 train_time:40573ms step_avg:80.34ms
step:506/4150 train_time:40689ms step_avg:80.41ms
step:507/4150 train_time:40804ms step_avg:80.48ms
step:508/4150 train_time:40918ms step_avg:80.55ms
step:509/4150 train_time:41039ms step_avg:80.63ms
step:510/4150 train_time:41155ms step_avg:80.70ms
step:511/4150 train_time:41272ms step_avg:80.77ms
step:512/4150 train_time:41389ms step_avg:80.84ms
step:513/4150 train_time:41506ms step_avg:80.91ms
step:514/4150 train_time:41624ms step_avg:80.98ms
step:515/4150 train_time:41739ms step_avg:81.05ms
step:516/4150 train_time:41853ms step_avg:81.11ms
step:517/4150 train_time:41968ms step_avg:81.18ms
step:518/4150 train_time:42087ms step_avg:81.25ms
step:519/4150 train_time:42205ms step_avg:81.32ms
step:520/4150 train_time:42320ms step_avg:81.39ms
step:521/4150 train_time:42437ms step_avg:81.45ms
step:522/4150 train_time:42552ms step_avg:81.52ms
step:523/4150 train_time:42669ms step_avg:81.58ms
step:524/4150 train_time:42783ms step_avg:81.65ms
step:525/4150 train_time:42899ms step_avg:81.71ms
step:526/4150 train_time:43016ms step_avg:81.78ms
step:527/4150 train_time:43135ms step_avg:81.85ms
step:528/4150 train_time:43251ms step_avg:81.91ms
step:529/4150 train_time:43368ms step_avg:81.98ms
step:530/4150 train_time:43484ms step_avg:82.05ms
step:531/4150 train_time:43600ms step_avg:82.11ms
step:532/4150 train_time:43716ms step_avg:82.17ms
step:533/4150 train_time:43832ms step_avg:82.24ms
step:534/4150 train_time:43948ms step_avg:82.30ms
step:535/4150 train_time:44065ms step_avg:82.36ms
step:536/4150 train_time:44181ms step_avg:82.43ms
step:537/4150 train_time:44297ms step_avg:82.49ms
step:538/4150 train_time:44413ms step_avg:82.55ms
step:539/4150 train_time:44529ms step_avg:82.61ms
step:540/4150 train_time:44645ms step_avg:82.68ms
step:541/4150 train_time:44765ms step_avg:82.75ms
step:542/4150 train_time:44879ms step_avg:82.80ms
step:543/4150 train_time:44995ms step_avg:82.86ms
step:544/4150 train_time:45111ms step_avg:82.92ms
step:545/4150 train_time:45228ms step_avg:82.99ms
step:546/4150 train_time:45343ms step_avg:83.05ms
step:547/4150 train_time:45461ms step_avg:83.11ms
step:548/4150 train_time:45577ms step_avg:83.17ms
step:549/4150 train_time:45695ms step_avg:83.23ms
step:550/4150 train_time:45810ms step_avg:83.29ms
step:551/4150 train_time:45928ms step_avg:83.35ms
step:552/4150 train_time:46044ms step_avg:83.41ms
step:553/4150 train_time:46161ms step_avg:83.47ms
step:554/4150 train_time:46276ms step_avg:83.53ms
step:555/4150 train_time:46393ms step_avg:83.59ms
step:556/4150 train_time:46509ms step_avg:83.65ms
step:557/4150 train_time:46626ms step_avg:83.71ms
step:558/4150 train_time:46742ms step_avg:83.77ms
step:559/4150 train_time:46860ms step_avg:83.83ms
step:560/4150 train_time:46977ms step_avg:83.89ms
step:561/4150 train_time:47092ms step_avg:83.94ms
step:562/4150 train_time:47209ms step_avg:84.00ms
step:563/4150 train_time:47325ms step_avg:84.06ms
step:564/4150 train_time:47442ms step_avg:84.12ms
step:565/4150 train_time:47558ms step_avg:84.17ms
step:566/4150 train_time:47674ms step_avg:84.23ms
step:567/4150 train_time:47790ms step_avg:84.29ms
step:568/4150 train_time:47907ms step_avg:84.34ms
step:569/4150 train_time:48028ms step_avg:84.41ms
step:570/4150 train_time:48141ms step_avg:84.46ms
step:571/4150 train_time:48258ms step_avg:84.51ms
step:572/4150 train_time:48375ms step_avg:84.57ms
step:573/4150 train_time:48492ms step_avg:84.63ms
step:574/4150 train_time:48608ms step_avg:84.68ms
step:575/4150 train_time:48725ms step_avg:84.74ms
step:576/4150 train_time:48842ms step_avg:84.79ms
step:577/4150 train_time:48957ms step_avg:84.85ms
step:578/4150 train_time:49073ms step_avg:84.90ms
step:579/4150 train_time:49190ms step_avg:84.96ms
step:580/4150 train_time:49307ms step_avg:85.01ms
step:581/4150 train_time:49424ms step_avg:85.07ms
step:582/4150 train_time:49541ms step_avg:85.12ms
step:583/4150 train_time:49658ms step_avg:85.18ms
step:584/4150 train_time:49772ms step_avg:85.23ms
step:585/4150 train_time:49889ms step_avg:85.28ms
step:586/4150 train_time:50005ms step_avg:85.33ms
step:587/4150 train_time:50121ms step_avg:85.39ms
step:588/4150 train_time:50237ms step_avg:85.44ms
step:589/4150 train_time:50354ms step_avg:85.49ms
step:590/4150 train_time:50469ms step_avg:85.54ms
step:591/4150 train_time:50588ms step_avg:85.60ms
step:592/4150 train_time:50705ms step_avg:85.65ms
step:593/4150 train_time:50821ms step_avg:85.70ms
step:594/4150 train_time:50938ms step_avg:85.75ms
step:595/4150 train_time:51055ms step_avg:85.81ms
step:596/4150 train_time:51171ms step_avg:85.86ms
step:597/4150 train_time:51290ms step_avg:85.91ms
step:598/4150 train_time:51405ms step_avg:85.96ms
step:599/4150 train_time:51522ms step_avg:86.01ms
step:600/4150 train_time:51639ms step_avg:86.06ms
step:601/4150 train_time:51756ms step_avg:86.12ms
step:602/4150 train_time:51872ms step_avg:86.17ms
step:603/4150 train_time:51989ms step_avg:86.22ms
step:604/4150 train_time:52105ms step_avg:86.27ms
step:605/4150 train_time:52222ms step_avg:86.32ms
step:606/4150 train_time:52337ms step_avg:86.36ms
step:607/4150 train_time:52455ms step_avg:86.42ms
step:608/4150 train_time:52571ms step_avg:86.47ms
step:609/4150 train_time:52688ms step_avg:86.52ms
step:610/4150 train_time:52803ms step_avg:86.56ms
step:611/4150 train_time:52920ms step_avg:86.61ms
step:612/4150 train_time:53036ms step_avg:86.66ms
step:613/4150 train_time:53155ms step_avg:86.71ms
step:614/4150 train_time:53272ms step_avg:86.76ms
step:615/4150 train_time:53389ms step_avg:86.81ms
step:616/4150 train_time:53506ms step_avg:86.86ms
step:617/4150 train_time:53623ms step_avg:86.91ms
step:618/4150 train_time:53738ms step_avg:86.96ms
step:619/4150 train_time:53856ms step_avg:87.00ms
step:620/4150 train_time:53971ms step_avg:87.05ms
step:621/4150 train_time:54088ms step_avg:87.10ms
step:622/4150 train_time:54204ms step_avg:87.14ms
step:623/4150 train_time:54321ms step_avg:87.19ms
step:624/4150 train_time:54439ms step_avg:87.24ms
step:625/4150 train_time:54554ms step_avg:87.29ms
step:626/4150 train_time:54670ms step_avg:87.33ms
step:627/4150 train_time:54787ms step_avg:87.38ms
step:628/4150 train_time:54905ms step_avg:87.43ms
step:629/4150 train_time:55023ms step_avg:87.48ms
step:630/4150 train_time:55139ms step_avg:87.52ms
step:631/4150 train_time:55256ms step_avg:87.57ms
step:632/4150 train_time:55372ms step_avg:87.61ms
step:633/4150 train_time:55490ms step_avg:87.66ms
step:634/4150 train_time:55607ms step_avg:87.71ms
step:635/4150 train_time:55724ms step_avg:87.75ms
step:636/4150 train_time:55840ms step_avg:87.80ms
step:637/4150 train_time:55957ms step_avg:87.85ms
step:638/4150 train_time:56073ms step_avg:87.89ms
step:639/4150 train_time:56189ms step_avg:87.93ms
step:640/4150 train_time:56305ms step_avg:87.98ms
step:641/4150 train_time:56422ms step_avg:88.02ms
step:642/4150 train_time:56538ms step_avg:88.06ms
step:643/4150 train_time:56655ms step_avg:88.11ms
step:644/4150 train_time:56770ms step_avg:88.15ms
step:645/4150 train_time:56888ms step_avg:88.20ms
step:646/4150 train_time:57004ms step_avg:88.24ms
step:647/4150 train_time:57121ms step_avg:88.29ms
step:648/4150 train_time:57236ms step_avg:88.33ms
step:649/4150 train_time:57354ms step_avg:88.37ms
step:650/4150 train_time:57469ms step_avg:88.41ms
step:651/4150 train_time:57586ms step_avg:88.46ms
step:652/4150 train_time:57701ms step_avg:88.50ms
step:653/4150 train_time:57819ms step_avg:88.54ms
step:654/4150 train_time:57935ms step_avg:88.59ms
step:655/4150 train_time:58052ms step_avg:88.63ms
step:656/4150 train_time:58169ms step_avg:88.67ms
step:657/4150 train_time:58286ms step_avg:88.72ms
step:658/4150 train_time:58404ms step_avg:88.76ms
step:659/4150 train_time:58522ms step_avg:88.80ms
step:660/4150 train_time:58637ms step_avg:88.84ms
step:661/4150 train_time:58755ms step_avg:88.89ms
step:662/4150 train_time:58871ms step_avg:88.93ms
step:663/4150 train_time:58988ms step_avg:88.97ms
step:664/4150 train_time:59103ms step_avg:89.01ms
step:665/4150 train_time:59220ms step_avg:89.05ms
step:666/4150 train_time:59337ms step_avg:89.09ms
step:667/4150 train_time:59454ms step_avg:89.14ms
step:668/4150 train_time:59569ms step_avg:89.18ms
step:669/4150 train_time:59688ms step_avg:89.22ms
step:670/4150 train_time:59803ms step_avg:89.26ms
step:671/4150 train_time:59920ms step_avg:89.30ms
step:672/4150 train_time:60036ms step_avg:89.34ms
step:673/4150 train_time:60153ms step_avg:89.38ms
step:674/4150 train_time:60268ms step_avg:89.42ms
step:675/4150 train_time:60387ms step_avg:89.46ms
step:676/4150 train_time:60502ms step_avg:89.50ms
step:677/4150 train_time:60620ms step_avg:89.54ms
step:678/4150 train_time:60737ms step_avg:89.58ms
step:679/4150 train_time:60855ms step_avg:89.62ms
step:680/4150 train_time:60970ms step_avg:89.66ms
step:681/4150 train_time:61085ms step_avg:89.70ms
step:682/4150 train_time:61202ms step_avg:89.74ms
step:683/4150 train_time:61321ms step_avg:89.78ms
step:684/4150 train_time:61437ms step_avg:89.82ms
step:685/4150 train_time:61555ms step_avg:89.86ms
step:686/4150 train_time:61670ms step_avg:89.90ms
step:687/4150 train_time:61788ms step_avg:89.94ms
step:688/4150 train_time:61905ms step_avg:89.98ms
step:689/4150 train_time:62031ms step_avg:90.03ms
step:690/4150 train_time:62193ms step_avg:90.14ms
step:691/4150 train_time:62367ms step_avg:90.26ms
step:692/4150 train_time:62540ms step_avg:90.38ms
step:693/4150 train_time:62714ms step_avg:90.50ms
step:694/4150 train_time:62886ms step_avg:90.61ms
step:695/4150 train_time:63058ms step_avg:90.73ms
step:696/4150 train_time:63229ms step_avg:90.85ms
step:697/4150 train_time:63403ms step_avg:90.97ms
step:698/4150 train_time:63576ms step_avg:91.08ms
step:699/4150 train_time:63748ms step_avg:91.20ms
step:700/4150 train_time:63920ms step_avg:91.31ms
step:701/4150 train_time:64094ms step_avg:91.43ms
step:702/4150 train_time:64265ms step_avg:91.55ms
step:703/4150 train_time:64436ms step_avg:91.66ms
step:704/4150 train_time:64609ms step_avg:91.77ms
step:705/4150 train_time:64782ms step_avg:91.89ms
step:706/4150 train_time:64953ms step_avg:92.00ms
step:707/4150 train_time:65125ms step_avg:92.11ms
step:708/4150 train_time:65296ms step_avg:92.23ms
step:709/4150 train_time:65470ms step_avg:92.34ms
step:710/4150 train_time:65642ms step_avg:92.45ms
step:711/4150 train_time:65815ms step_avg:92.57ms
step:712/4150 train_time:65987ms step_avg:92.68ms
step:713/4150 train_time:66159ms step_avg:92.79ms
step:714/4150 train_time:66330ms step_avg:92.90ms
step:715/4150 train_time:66504ms step_avg:93.01ms
step:716/4150 train_time:66674ms step_avg:93.12ms
step:717/4150 train_time:66848ms step_avg:93.23ms
step:718/4150 train_time:67019ms step_avg:93.34ms
step:719/4150 train_time:67191ms step_avg:93.45ms
step:720/4150 train_time:67365ms step_avg:93.56ms
step:721/4150 train_time:67537ms step_avg:93.67ms
step:722/4150 train_time:67711ms step_avg:93.78ms
step:723/4150 train_time:67885ms step_avg:93.89ms
step:724/4150 train_time:68058ms step_avg:94.00ms
step:725/4150 train_time:68229ms step_avg:94.11ms
step:726/4150 train_time:68401ms step_avg:94.22ms
step:727/4150 train_time:68574ms step_avg:94.33ms
step:728/4150 train_time:68746ms step_avg:94.43ms
step:729/4150 train_time:68920ms step_avg:94.54ms
step:730/4150 train_time:69091ms step_avg:94.64ms
step:731/4150 train_time:69264ms step_avg:94.75ms
step:732/4150 train_time:69435ms step_avg:94.86ms
step:733/4150 train_time:69609ms step_avg:94.96ms
step:734/4150 train_time:69782ms step_avg:95.07ms
step:735/4150 train_time:69955ms step_avg:95.18ms
step:736/4150 train_time:70126ms step_avg:95.28ms
step:737/4150 train_time:70298ms step_avg:95.38ms
step:738/4150 train_time:70472ms step_avg:95.49ms
step:739/4150 train_time:70643ms step_avg:95.59ms
step:740/4150 train_time:70814ms step_avg:95.69ms
step:741/4150 train_time:70988ms step_avg:95.80ms
step:742/4150 train_time:71159ms step_avg:95.90ms
step:743/4150 train_time:71330ms step_avg:96.00ms
step:744/4150 train_time:71501ms step_avg:96.10ms
step:745/4150 train_time:71677ms step_avg:96.21ms
step:746/4150 train_time:71846ms step_avg:96.31ms
step:747/4150 train_time:72019ms step_avg:96.41ms
step:748/4150 train_time:72190ms step_avg:96.51ms
step:749/4150 train_time:72364ms step_avg:96.61ms
step:750/4150 train_time:72537ms step_avg:96.72ms
step:750/4150 val_loss:3.5519 train_time:72692ms step_avg:96.92ms
step:751/4150 train_time:72728ms step_avg:96.84ms
step:752/4150 train_time:72892ms step_avg:96.93ms
step:753/4150 train_time:73070ms step_avg:97.04ms
step:754/4150 train_time:73243ms step_avg:97.14ms
step:755/4150 train_time:73414ms step_avg:97.24ms
step:756/4150 train_time:73582ms step_avg:97.33ms
step:757/4150 train_time:73759ms step_avg:97.44ms
step:758/4150 train_time:73931ms step_avg:97.53ms
step:759/4150 train_time:74104ms step_avg:97.63ms
step:760/4150 train_time:74276ms step_avg:97.73ms
step:761/4150 train_time:74446ms step_avg:97.83ms
step:762/4150 train_time:74619ms step_avg:97.93ms
step:763/4150 train_time:74792ms step_avg:98.02ms
step:764/4150 train_time:74963ms step_avg:98.12ms
step:765/4150 train_time:75137ms step_avg:98.22ms
step:766/4150 train_time:75309ms step_avg:98.31ms
step:767/4150 train_time:75481ms step_avg:98.41ms
step:768/4150 train_time:75654ms step_avg:98.51ms
step:769/4150 train_time:75826ms step_avg:98.60ms
step:770/4150 train_time:75996ms step_avg:98.70ms
step:771/4150 train_time:76168ms step_avg:98.79ms
step:772/4150 train_time:76340ms step_avg:98.89ms
step:773/4150 train_time:76513ms step_avg:98.98ms
step:774/4150 train_time:76685ms step_avg:99.08ms
step:775/4150 train_time:76858ms step_avg:99.17ms
step:776/4150 train_time:77029ms step_avg:99.26ms
step:777/4150 train_time:77202ms step_avg:99.36ms
step:778/4150 train_time:77372ms step_avg:99.45ms
step:779/4150 train_time:77545ms step_avg:99.54ms
step:780/4150 train_time:77716ms step_avg:99.64ms
step:781/4150 train_time:77890ms step_avg:99.73ms
step:782/4150 train_time:78061ms step_avg:99.82ms
step:783/4150 train_time:78235ms step_avg:99.92ms
step:784/4150 train_time:78406ms step_avg:100.01ms
step:785/4150 train_time:78578ms step_avg:100.10ms
step:786/4150 train_time:78751ms step_avg:100.19ms
step:787/4150 train_time:78924ms step_avg:100.28ms
step:788/4150 train_time:79096ms step_avg:100.38ms
step:789/4150 train_time:79267ms step_avg:100.46ms
step:790/4150 train_time:79438ms step_avg:100.55ms
step:791/4150 train_time:79610ms step_avg:100.64ms
step:792/4150 train_time:79781ms step_avg:100.73ms
step:793/4150 train_time:79954ms step_avg:100.83ms
step:794/4150 train_time:80124ms step_avg:100.91ms
step:795/4150 train_time:80297ms step_avg:101.00ms
step:796/4150 train_time:80468ms step_avg:101.09ms
step:797/4150 train_time:80640ms step_avg:101.18ms
step:798/4150 train_time:80812ms step_avg:101.27ms
step:799/4150 train_time:80984ms step_avg:101.36ms
step:800/4150 train_time:81161ms step_avg:101.45ms
step:801/4150 train_time:81334ms step_avg:101.54ms
step:802/4150 train_time:81503ms step_avg:101.62ms
step:803/4150 train_time:81675ms step_avg:101.71ms
step:804/4150 train_time:81846ms step_avg:101.80ms
step:805/4150 train_time:82019ms step_avg:101.89ms
step:806/4150 train_time:82191ms step_avg:101.97ms
step:807/4150 train_time:82364ms step_avg:102.06ms
step:808/4150 train_time:82535ms step_avg:102.15ms
step:809/4150 train_time:82706ms step_avg:102.23ms
step:810/4150 train_time:82878ms step_avg:102.32ms
step:811/4150 train_time:83050ms step_avg:102.40ms
step:812/4150 train_time:83222ms step_avg:102.49ms
step:813/4150 train_time:83398ms step_avg:102.58ms
step:814/4150 train_time:83567ms step_avg:102.66ms
step:815/4150 train_time:83741ms step_avg:102.75ms
step:816/4150 train_time:83911ms step_avg:102.83ms
step:817/4150 train_time:84083ms step_avg:102.92ms
step:818/4150 train_time:84254ms step_avg:103.00ms
step:819/4150 train_time:84429ms step_avg:103.09ms
step:820/4150 train_time:84600ms step_avg:103.17ms
step:821/4150 train_time:84773ms step_avg:103.26ms
step:822/4150 train_time:84943ms step_avg:103.34ms
step:823/4150 train_time:85117ms step_avg:103.42ms
step:824/4150 train_time:85288ms step_avg:103.51ms
step:825/4150 train_time:85463ms step_avg:103.59ms
step:826/4150 train_time:85634ms step_avg:103.67ms
step:827/4150 train_time:85805ms step_avg:103.76ms
step:828/4150 train_time:85979ms step_avg:103.84ms
step:829/4150 train_time:86151ms step_avg:103.92ms
step:830/4150 train_time:86323ms step_avg:104.00ms
step:831/4150 train_time:86496ms step_avg:104.09ms
step:832/4150 train_time:86667ms step_avg:104.17ms
step:833/4150 train_time:86840ms step_avg:104.25ms
step:834/4150 train_time:87012ms step_avg:104.33ms
step:835/4150 train_time:87183ms step_avg:104.41ms
step:836/4150 train_time:87356ms step_avg:104.49ms
step:837/4150 train_time:87529ms step_avg:104.57ms
step:838/4150 train_time:87701ms step_avg:104.65ms
step:839/4150 train_time:87873ms step_avg:104.74ms
step:840/4150 train_time:88043ms step_avg:104.81ms
step:841/4150 train_time:88216ms step_avg:104.89ms
step:842/4150 train_time:88388ms step_avg:104.97ms
step:843/4150 train_time:88559ms step_avg:105.05ms
step:844/4150 train_time:88731ms step_avg:105.13ms
step:845/4150 train_time:88903ms step_avg:105.21ms
step:846/4150 train_time:89073ms step_avg:105.29ms
step:847/4150 train_time:89245ms step_avg:105.37ms
step:848/4150 train_time:89418ms step_avg:105.45ms
step:849/4150 train_time:89592ms step_avg:105.53ms
step:850/4150 train_time:89763ms step_avg:105.60ms
step:851/4150 train_time:89939ms step_avg:105.69ms
step:852/4150 train_time:90110ms step_avg:105.76ms
step:853/4150 train_time:90282ms step_avg:105.84ms
step:854/4150 train_time:90454ms step_avg:105.92ms
step:855/4150 train_time:90628ms step_avg:106.00ms
step:856/4150 train_time:90798ms step_avg:106.07ms
step:857/4150 train_time:90973ms step_avg:106.15ms
step:858/4150 train_time:91142ms step_avg:106.23ms
step:859/4150 train_time:91317ms step_avg:106.31ms
step:860/4150 train_time:91488ms step_avg:106.38ms
step:861/4150 train_time:91663ms step_avg:106.46ms
step:862/4150 train_time:91835ms step_avg:106.54ms
step:863/4150 train_time:92007ms step_avg:106.61ms
step:864/4150 train_time:92175ms step_avg:106.68ms
step:865/4150 train_time:92349ms step_avg:106.76ms
step:866/4150 train_time:92521ms step_avg:106.84ms
step:867/4150 train_time:92694ms step_avg:106.91ms
step:868/4150 train_time:92865ms step_avg:106.99ms
step:869/4150 train_time:93038ms step_avg:107.06ms
step:870/4150 train_time:93209ms step_avg:107.14ms
step:871/4150 train_time:93383ms step_avg:107.21ms
step:872/4150 train_time:93555ms step_avg:107.29ms
step:873/4150 train_time:93728ms step_avg:107.36ms
step:874/4150 train_time:93899ms step_avg:107.44ms
step:875/4150 train_time:94075ms step_avg:107.51ms
step:876/4150 train_time:94245ms step_avg:107.59ms
step:877/4150 train_time:94416ms step_avg:107.66ms
step:878/4150 train_time:94586ms step_avg:107.73ms
step:879/4150 train_time:94761ms step_avg:107.81ms
step:880/4150 train_time:94930ms step_avg:107.88ms
step:881/4150 train_time:95103ms step_avg:107.95ms
step:882/4150 train_time:95275ms step_avg:108.02ms
step:883/4150 train_time:95449ms step_avg:108.10ms
step:884/4150 train_time:95620ms step_avg:108.17ms
step:885/4150 train_time:95795ms step_avg:108.24ms
step:886/4150 train_time:95965ms step_avg:108.31ms
step:887/4150 train_time:96139ms step_avg:108.39ms
step:888/4150 train_time:96310ms step_avg:108.46ms
step:889/4150 train_time:96484ms step_avg:108.53ms
step:890/4150 train_time:96657ms step_avg:108.60ms
step:891/4150 train_time:96831ms step_avg:108.68ms
step:892/4150 train_time:97000ms step_avg:108.74ms
step:893/4150 train_time:97174ms step_avg:108.82ms
step:894/4150 train_time:97344ms step_avg:108.89ms
step:895/4150 train_time:97517ms step_avg:108.96ms
step:896/4150 train_time:97688ms step_avg:109.03ms
step:897/4150 train_time:97862ms step_avg:109.10ms
step:898/4150 train_time:98035ms step_avg:109.17ms
step:899/4150 train_time:98206ms step_avg:109.24ms
step:900/4150 train_time:98377ms step_avg:109.31ms
step:901/4150 train_time:98551ms step_avg:109.38ms
step:902/4150 train_time:98722ms step_avg:109.45ms
step:903/4150 train_time:98896ms step_avg:109.52ms
step:904/4150 train_time:99067ms step_avg:109.59ms
step:905/4150 train_time:99240ms step_avg:109.66ms
step:906/4150 train_time:99411ms step_avg:109.73ms
step:907/4150 train_time:99584ms step_avg:109.80ms
step:908/4150 train_time:99756ms step_avg:109.86ms
step:909/4150 train_time:99930ms step_avg:109.93ms
step:910/4150 train_time:100101ms step_avg:110.00ms
step:911/4150 train_time:100274ms step_avg:110.07ms
step:912/4150 train_time:100444ms step_avg:110.14ms
step:913/4150 train_time:100617ms step_avg:110.20ms
step:914/4150 train_time:100789ms step_avg:110.27ms
step:915/4150 train_time:100963ms step_avg:110.34ms
step:916/4150 train_time:101134ms step_avg:110.41ms
step:917/4150 train_time:101305ms step_avg:110.47ms
step:918/4150 train_time:101476ms step_avg:110.54ms
step:919/4150 train_time:101649ms step_avg:110.61ms
step:920/4150 train_time:101821ms step_avg:110.68ms
step:921/4150 train_time:101995ms step_avg:110.74ms
step:922/4150 train_time:102167ms step_avg:110.81ms
step:923/4150 train_time:102339ms step_avg:110.88ms
step:924/4150 train_time:102509ms step_avg:110.94ms
step:925/4150 train_time:102682ms step_avg:111.01ms
step:926/4150 train_time:102855ms step_avg:111.07ms
step:927/4150 train_time:103027ms step_avg:111.14ms
step:928/4150 train_time:103199ms step_avg:111.21ms
step:929/4150 train_time:103374ms step_avg:111.28ms
step:930/4150 train_time:103547ms step_avg:111.34ms
step:931/4150 train_time:103718ms step_avg:111.40ms
step:932/4150 train_time:103888ms step_avg:111.47ms
step:933/4150 train_time:104061ms step_avg:111.53ms
step:934/4150 train_time:104232ms step_avg:111.60ms
step:935/4150 train_time:104404ms step_avg:111.66ms
step:936/4150 train_time:104576ms step_avg:111.73ms
step:937/4150 train_time:104747ms step_avg:111.79ms
step:938/4150 train_time:104920ms step_avg:111.85ms
step:939/4150 train_time:105094ms step_avg:111.92ms
step:940/4150 train_time:105265ms step_avg:111.98ms
step:941/4150 train_time:105440ms step_avg:112.05ms
step:942/4150 train_time:105610ms step_avg:112.11ms
step:943/4150 train_time:105783ms step_avg:112.18ms
step:944/4150 train_time:105954ms step_avg:112.24ms
step:945/4150 train_time:106127ms step_avg:112.30ms
step:946/4150 train_time:106298ms step_avg:112.37ms
step:947/4150 train_time:106470ms step_avg:112.43ms
step:948/4150 train_time:106642ms step_avg:112.49ms
step:949/4150 train_time:106816ms step_avg:112.56ms
step:950/4150 train_time:106988ms step_avg:112.62ms
step:951/4150 train_time:107161ms step_avg:112.68ms
step:952/4150 train_time:107331ms step_avg:112.74ms
step:953/4150 train_time:107504ms step_avg:112.81ms
step:954/4150 train_time:107676ms step_avg:112.87ms
step:955/4150 train_time:107852ms step_avg:112.93ms
step:956/4150 train_time:108024ms step_avg:113.00ms
step:957/4150 train_time:108196ms step_avg:113.06ms
step:958/4150 train_time:108367ms step_avg:113.12ms
step:959/4150 train_time:108540ms step_avg:113.18ms
step:960/4150 train_time:108713ms step_avg:113.24ms
step:961/4150 train_time:108887ms step_avg:113.31ms
step:962/4150 train_time:109058ms step_avg:113.37ms
step:963/4150 train_time:109232ms step_avg:113.43ms
step:964/4150 train_time:109403ms step_avg:113.49ms
step:965/4150 train_time:109576ms step_avg:113.55ms
step:966/4150 train_time:109747ms step_avg:113.61ms
step:967/4150 train_time:109923ms step_avg:113.67ms
step:968/4150 train_time:110092ms step_avg:113.73ms
step:969/4150 train_time:110264ms step_avg:113.79ms
step:970/4150 train_time:110435ms step_avg:113.85ms
step:971/4150 train_time:110610ms step_avg:113.91ms
step:972/4150 train_time:110781ms step_avg:113.97ms
step:973/4150 train_time:110956ms step_avg:114.04ms
step:974/4150 train_time:111127ms step_avg:114.09ms
step:975/4150 train_time:111300ms step_avg:114.15ms
step:976/4150 train_time:111473ms step_avg:114.21ms
step:977/4150 train_time:111645ms step_avg:114.27ms
step:978/4150 train_time:111817ms step_avg:114.33ms
step:979/4150 train_time:111990ms step_avg:114.39ms
step:980/4150 train_time:112161ms step_avg:114.45ms
step:981/4150 train_time:112335ms step_avg:114.51ms
step:982/4150 train_time:112507ms step_avg:114.57ms
step:983/4150 train_time:112680ms step_avg:114.63ms
step:984/4150 train_time:112853ms step_avg:114.69ms
step:985/4150 train_time:113026ms step_avg:114.75ms
step:986/4150 train_time:113201ms step_avg:114.81ms
step:987/4150 train_time:113369ms step_avg:114.86ms
step:988/4150 train_time:113542ms step_avg:114.92ms
step:989/4150 train_time:113716ms step_avg:114.98ms
step:990/4150 train_time:113888ms step_avg:115.04ms
step:991/4150 train_time:114062ms step_avg:115.10ms
step:992/4150 train_time:114234ms step_avg:115.16ms
step:993/4150 train_time:114406ms step_avg:115.21ms
step:994/4150 train_time:114577ms step_avg:115.27ms
step:995/4150 train_time:114752ms step_avg:115.33ms
step:996/4150 train_time:114925ms step_avg:115.39ms
step:997/4150 train_time:115099ms step_avg:115.45ms
step:998/4150 train_time:115270ms step_avg:115.50ms
step:999/4150 train_time:115443ms step_avg:115.56ms
step:1000/4150 train_time:115614ms step_avg:115.61ms
step:1000/4150 val_loss:3.4370 train_time:115769ms step_avg:115.77ms
step:1001/4150 train_time:115806ms step_avg:115.69ms
step:1002/4150 train_time:115969ms step_avg:115.74ms
step:1003/4150 train_time:116147ms step_avg:115.80ms
step:1004/4150 train_time:116321ms step_avg:115.86ms
step:1005/4150 train_time:116490ms step_avg:115.91ms
step:1006/4150 train_time:116659ms step_avg:115.96ms
step:1007/4150 train_time:116836ms step_avg:116.02ms
step:1008/4150 train_time:117007ms step_avg:116.08ms
step:1009/4150 train_time:117181ms step_avg:116.14ms
step:1010/4150 train_time:117353ms step_avg:116.19ms
step:1011/4150 train_time:117525ms step_avg:116.25ms
step:1012/4150 train_time:117699ms step_avg:116.30ms
step:1013/4150 train_time:117874ms step_avg:116.36ms
step:1014/4150 train_time:118044ms step_avg:116.41ms
step:1015/4150 train_time:118217ms step_avg:116.47ms
step:1016/4150 train_time:118388ms step_avg:116.52ms
step:1017/4150 train_time:118561ms step_avg:116.58ms
step:1018/4150 train_time:118732ms step_avg:116.63ms
step:1019/4150 train_time:118905ms step_avg:116.69ms
step:1020/4150 train_time:119077ms step_avg:116.74ms
step:1021/4150 train_time:119249ms step_avg:116.80ms
step:1022/4150 train_time:119419ms step_avg:116.85ms
step:1023/4150 train_time:119593ms step_avg:116.90ms
step:1024/4150 train_time:119763ms step_avg:116.96ms
step:1025/4150 train_time:119938ms step_avg:117.01ms
step:1026/4150 train_time:120110ms step_avg:117.07ms
step:1027/4150 train_time:120283ms step_avg:117.12ms
step:1028/4150 train_time:120454ms step_avg:117.17ms
step:1029/4150 train_time:120626ms step_avg:117.23ms
step:1030/4150 train_time:120799ms step_avg:117.28ms
step:1031/4150 train_time:120974ms step_avg:117.34ms
step:1032/4150 train_time:121149ms step_avg:117.39ms
step:1033/4150 train_time:121330ms step_avg:117.45ms
step:1034/4150 train_time:121551ms step_avg:117.55ms
step:1035/4150 train_time:121772ms step_avg:117.65ms
step:1036/4150 train_time:122003ms step_avg:117.76ms
step:1037/4150 train_time:122223ms step_avg:117.86ms
step:1038/4150 train_time:122450ms step_avg:117.97ms
step:1039/4150 train_time:122671ms step_avg:118.07ms
step:1040/4150 train_time:122903ms step_avg:118.18ms
step:1041/4150 train_time:123124ms step_avg:118.27ms
step:1042/4150 train_time:123351ms step_avg:118.38ms
step:1043/4150 train_time:123572ms step_avg:118.48ms
step:1044/4150 train_time:123801ms step_avg:118.58ms
step:1045/4150 train_time:124022ms step_avg:118.68ms
step:1046/4150 train_time:124251ms step_avg:118.79ms
step:1047/4150 train_time:124472ms step_avg:118.88ms
step:1048/4150 train_time:124701ms step_avg:118.99ms
step:1049/4150 train_time:124924ms step_avg:119.09ms
step:1050/4150 train_time:125152ms step_avg:119.19ms
step:1051/4150 train_time:125372ms step_avg:119.29ms
step:1052/4150 train_time:125599ms step_avg:119.39ms
step:1053/4150 train_time:125822ms step_avg:119.49ms
step:1054/4150 train_time:126053ms step_avg:119.59ms
step:1055/4150 train_time:126273ms step_avg:119.69ms
step:1056/4150 train_time:126499ms step_avg:119.79ms
step:1057/4150 train_time:126721ms step_avg:119.89ms
step:1058/4150 train_time:126950ms step_avg:119.99ms
step:1059/4150 train_time:127172ms step_avg:120.09ms
step:1060/4150 train_time:127402ms step_avg:120.19ms
step:1061/4150 train_time:127622ms step_avg:120.28ms
step:1062/4150 train_time:127849ms step_avg:120.39ms
step:1063/4150 train_time:128071ms step_avg:120.48ms
step:1064/4150 train_time:128298ms step_avg:120.58ms
step:1065/4150 train_time:128520ms step_avg:120.68ms
step:1066/4150 train_time:128749ms step_avg:120.78ms
step:1067/4150 train_time:128970ms step_avg:120.87ms
step:1068/4150 train_time:129201ms step_avg:120.98ms
step:1069/4150 train_time:129423ms step_avg:121.07ms
step:1070/4150 train_time:129651ms step_avg:121.17ms
step:1071/4150 train_time:129871ms step_avg:121.26ms
step:1072/4150 train_time:130098ms step_avg:121.36ms
step:1073/4150 train_time:130321ms step_avg:121.46ms
step:1074/4150 train_time:130549ms step_avg:121.55ms
step:1075/4150 train_time:130769ms step_avg:121.65ms
step:1076/4150 train_time:130998ms step_avg:121.75ms
step:1077/4150 train_time:131219ms step_avg:121.84ms
step:1078/4150 train_time:131449ms step_avg:121.94ms
step:1079/4150 train_time:131670ms step_avg:122.03ms
step:1080/4150 train_time:131900ms step_avg:122.13ms
step:1081/4150 train_time:132120ms step_avg:122.22ms
step:1082/4150 train_time:132352ms step_avg:122.32ms
step:1083/4150 train_time:132573ms step_avg:122.41ms
step:1084/4150 train_time:132801ms step_avg:122.51ms
step:1085/4150 train_time:133024ms step_avg:122.60ms
step:1086/4150 train_time:133252ms step_avg:122.70ms
step:1087/4150 train_time:133473ms step_avg:122.79ms
step:1088/4150 train_time:133701ms step_avg:122.89ms
step:1089/4150 train_time:133921ms step_avg:122.98ms
step:1090/4150 train_time:134150ms step_avg:123.07ms
step:1091/4150 train_time:134370ms step_avg:123.16ms
step:1092/4150 train_time:134601ms step_avg:123.26ms
step:1093/4150 train_time:134822ms step_avg:123.35ms
step:1094/4150 train_time:135050ms step_avg:123.45ms
step:1095/4150 train_time:135271ms step_avg:123.54ms
step:1096/4150 train_time:135502ms step_avg:123.63ms
step:1097/4150 train_time:135720ms step_avg:123.72ms
step:1098/4150 train_time:135948ms step_avg:123.81ms
step:1099/4150 train_time:136169ms step_avg:123.90ms
step:1100/4150 train_time:136398ms step_avg:124.00ms
step:1101/4150 train_time:136619ms step_avg:124.09ms
step:1102/4150 train_time:136845ms step_avg:124.18ms
step:1103/4150 train_time:137068ms step_avg:124.27ms
step:1104/4150 train_time:137298ms step_avg:124.36ms
step:1105/4150 train_time:137522ms step_avg:124.45ms
step:1106/4150 train_time:137749ms step_avg:124.55ms
step:1107/4150 train_time:137970ms step_avg:124.63ms
step:1108/4150 train_time:138201ms step_avg:124.73ms
step:1109/4150 train_time:138423ms step_avg:124.82ms
step:1110/4150 train_time:138651ms step_avg:124.91ms
step:1111/4150 train_time:138872ms step_avg:125.00ms
step:1112/4150 train_time:139101ms step_avg:125.09ms
step:1113/4150 train_time:139320ms step_avg:125.18ms
step:1114/4150 train_time:139551ms step_avg:125.27ms
step:1115/4150 train_time:139772ms step_avg:125.36ms
step:1116/4150 train_time:140000ms step_avg:125.45ms
step:1117/4150 train_time:140220ms step_avg:125.53ms
step:1118/4150 train_time:140449ms step_avg:125.63ms
step:1119/4150 train_time:140673ms step_avg:125.71ms
step:1120/4150 train_time:140899ms step_avg:125.80ms
step:1121/4150 train_time:141120ms step_avg:125.89ms
step:1122/4150 train_time:141350ms step_avg:125.98ms
step:1123/4150 train_time:141572ms step_avg:126.07ms
step:1124/4150 train_time:141803ms step_avg:126.16ms
step:1125/4150 train_time:142024ms step_avg:126.24ms
step:1126/4150 train_time:142253ms step_avg:126.34ms
step:1127/4150 train_time:142473ms step_avg:126.42ms
step:1128/4150 train_time:142701ms step_avg:126.51ms
step:1129/4150 train_time:142924ms step_avg:126.59ms
step:1130/4150 train_time:143153ms step_avg:126.68ms
step:1131/4150 train_time:143374ms step_avg:126.77ms
step:1132/4150 train_time:143602ms step_avg:126.86ms
step:1133/4150 train_time:143822ms step_avg:126.94ms
step:1134/4150 train_time:144050ms step_avg:127.03ms
step:1135/4150 train_time:144271ms step_avg:127.11ms
step:1136/4150 train_time:144501ms step_avg:127.20ms
step:1137/4150 train_time:144722ms step_avg:127.28ms
step:1138/4150 train_time:144949ms step_avg:127.37ms
step:1139/4150 train_time:145174ms step_avg:127.46ms
step:1140/4150 train_time:145402ms step_avg:127.55ms
step:1141/4150 train_time:145623ms step_avg:127.63ms
step:1142/4150 train_time:145851ms step_avg:127.72ms
step:1143/4150 train_time:146071ms step_avg:127.80ms
step:1144/4150 train_time:146301ms step_avg:127.89ms
step:1145/4150 train_time:146523ms step_avg:127.97ms
step:1146/4150 train_time:146750ms step_avg:128.05ms
step:1147/4150 train_time:146972ms step_avg:128.14ms
step:1148/4150 train_time:147200ms step_avg:128.22ms
step:1149/4150 train_time:147423ms step_avg:128.31ms
step:1150/4150 train_time:147654ms step_avg:128.39ms
step:1151/4150 train_time:147875ms step_avg:128.47ms
step:1152/4150 train_time:148101ms step_avg:128.56ms
step:1153/4150 train_time:148323ms step_avg:128.64ms
step:1154/4150 train_time:148552ms step_avg:128.73ms
step:1155/4150 train_time:148773ms step_avg:128.81ms
step:1156/4150 train_time:149001ms step_avg:128.89ms
step:1157/4150 train_time:149222ms step_avg:128.97ms
step:1158/4150 train_time:149452ms step_avg:129.06ms
step:1159/4150 train_time:149672ms step_avg:129.14ms
step:1160/4150 train_time:149900ms step_avg:129.22ms
step:1161/4150 train_time:150122ms step_avg:129.30ms
step:1162/4150 train_time:150351ms step_avg:129.39ms
step:1163/4150 train_time:150571ms step_avg:129.47ms
step:1164/4150 train_time:150799ms step_avg:129.55ms
step:1165/4150 train_time:151022ms step_avg:129.63ms
step:1166/4150 train_time:151251ms step_avg:129.72ms
step:1167/4150 train_time:151471ms step_avg:129.80ms
step:1168/4150 train_time:151699ms step_avg:129.88ms
step:1169/4150 train_time:151922ms step_avg:129.96ms
step:1170/4150 train_time:152151ms step_avg:130.04ms
step:1171/4150 train_time:152372ms step_avg:130.12ms
step:1172/4150 train_time:152599ms step_avg:130.20ms
step:1173/4150 train_time:152823ms step_avg:130.28ms
step:1174/4150 train_time:153051ms step_avg:130.37ms
step:1175/4150 train_time:153271ms step_avg:130.44ms
step:1176/4150 train_time:153499ms step_avg:130.53ms
step:1177/4150 train_time:153721ms step_avg:130.60ms
step:1178/4150 train_time:153949ms step_avg:130.69ms
step:1179/4150 train_time:154169ms step_avg:130.76ms
step:1180/4150 train_time:154398ms step_avg:130.85ms
step:1181/4150 train_time:154619ms step_avg:130.92ms
step:1182/4150 train_time:154849ms step_avg:131.01ms
step:1183/4150 train_time:155069ms step_avg:131.08ms
step:1184/4150 train_time:155298ms step_avg:131.16ms
step:1185/4150 train_time:155518ms step_avg:131.24ms
step:1186/4150 train_time:155745ms step_avg:131.32ms
step:1187/4150 train_time:155966ms step_avg:131.39ms
step:1188/4150 train_time:156194ms step_avg:131.48ms
step:1189/4150 train_time:156414ms step_avg:131.55ms
step:1190/4150 train_time:156643ms step_avg:131.63ms
step:1191/4150 train_time:156863ms step_avg:131.71ms
step:1192/4150 train_time:157092ms step_avg:131.79ms
step:1193/4150 train_time:157313ms step_avg:131.86ms
step:1194/4150 train_time:157543ms step_avg:131.95ms
step:1195/4150 train_time:157764ms step_avg:132.02ms
step:1196/4150 train_time:157993ms step_avg:132.10ms
step:1197/4150 train_time:158214ms step_avg:132.18ms
step:1198/4150 train_time:158444ms step_avg:132.26ms
step:1199/4150 train_time:158665ms step_avg:132.33ms
step:1200/4150 train_time:158893ms step_avg:132.41ms
step:1201/4150 train_time:159114ms step_avg:132.48ms
step:1202/4150 train_time:159343ms step_avg:132.56ms
step:1203/4150 train_time:159563ms step_avg:132.64ms
step:1204/4150 train_time:159791ms step_avg:132.72ms
step:1205/4150 train_time:160014ms step_avg:132.79ms
step:1206/4150 train_time:160241ms step_avg:132.87ms
step:1207/4150 train_time:160462ms step_avg:132.94ms
step:1208/4150 train_time:160690ms step_avg:133.02ms
step:1209/4150 train_time:160911ms step_avg:133.09ms
step:1210/4150 train_time:161141ms step_avg:133.17ms
step:1211/4150 train_time:161363ms step_avg:133.25ms
step:1212/4150 train_time:161594ms step_avg:133.33ms
step:1213/4150 train_time:161814ms step_avg:133.40ms
step:1214/4150 train_time:162041ms step_avg:133.48ms
step:1215/4150 train_time:162263ms step_avg:133.55ms
step:1216/4150 train_time:162490ms step_avg:133.63ms
step:1217/4150 train_time:162711ms step_avg:133.70ms
step:1218/4150 train_time:162941ms step_avg:133.78ms
step:1219/4150 train_time:163160ms step_avg:133.85ms
step:1220/4150 train_time:163389ms step_avg:133.93ms
step:1221/4150 train_time:163612ms step_avg:134.00ms
step:1222/4150 train_time:163840ms step_avg:134.08ms
step:1223/4150 train_time:164063ms step_avg:134.15ms
step:1224/4150 train_time:164296ms step_avg:134.23ms
step:1225/4150 train_time:164517ms step_avg:134.30ms
step:1226/4150 train_time:164743ms step_avg:134.37ms
step:1227/4150 train_time:164966ms step_avg:134.45ms
step:1228/4150 train_time:165195ms step_avg:134.52ms
step:1229/4150 train_time:165417ms step_avg:134.59ms
step:1230/4150 train_time:165644ms step_avg:134.67ms
step:1231/4150 train_time:165864ms step_avg:134.74ms
step:1232/4150 train_time:166093ms step_avg:134.82ms
step:1233/4150 train_time:166315ms step_avg:134.89ms
step:1234/4150 train_time:166542ms step_avg:134.96ms
step:1235/4150 train_time:166763ms step_avg:135.03ms
step:1236/4150 train_time:166993ms step_avg:135.11ms
step:1237/4150 train_time:167214ms step_avg:135.18ms
step:1238/4150 train_time:167441ms step_avg:135.25ms
step:1239/4150 train_time:167661ms step_avg:135.32ms
step:1240/4150 train_time:167891ms step_avg:135.40ms
step:1241/4150 train_time:168115ms step_avg:135.47ms
step:1242/4150 train_time:168343ms step_avg:135.54ms
step:1243/4150 train_time:168563ms step_avg:135.61ms
step:1244/4150 train_time:168792ms step_avg:135.69ms
step:1245/4150 train_time:169013ms step_avg:135.75ms
step:1246/4150 train_time:169241ms step_avg:135.83ms
step:1247/4150 train_time:169461ms step_avg:135.89ms
step:1248/4150 train_time:169688ms step_avg:135.97ms
step:1249/4150 train_time:169911ms step_avg:136.04ms
step:1250/4150 train_time:170138ms step_avg:136.11ms
step:1250/4150 val_loss:3.3583 train_time:170343ms step_avg:136.27ms
step:1251/4150 train_time:170378ms step_avg:136.19ms
step:1252/4150 train_time:170603ms step_avg:136.26ms
step:1253/4150 train_time:170827ms step_avg:136.33ms
step:1254/4150 train_time:171057ms step_avg:136.41ms
step:1255/4150 train_time:171275ms step_avg:136.47ms
step:1256/4150 train_time:171508ms step_avg:136.55ms
step:1257/4150 train_time:171729ms step_avg:136.62ms
step:1258/4150 train_time:171959ms step_avg:136.69ms
step:1259/4150 train_time:172176ms step_avg:136.76ms
step:1260/4150 train_time:172408ms step_avg:136.83ms
step:1261/4150 train_time:172631ms step_avg:136.90ms
step:1262/4150 train_time:172860ms step_avg:136.97ms
step:1263/4150 train_time:173080ms step_avg:137.04ms
step:1264/4150 train_time:173308ms step_avg:137.11ms
step:1265/4150 train_time:173531ms step_avg:137.18ms
step:1266/4150 train_time:173758ms step_avg:137.25ms
step:1267/4150 train_time:173980ms step_avg:137.32ms
step:1268/4150 train_time:174208ms step_avg:137.39ms
step:1269/4150 train_time:174429ms step_avg:137.45ms
step:1270/4150 train_time:174657ms step_avg:137.53ms
step:1271/4150 train_time:174880ms step_avg:137.59ms
step:1272/4150 train_time:175108ms step_avg:137.66ms
step:1273/4150 train_time:175327ms step_avg:137.73ms
step:1274/4150 train_time:175556ms step_avg:137.80ms
step:1275/4150 train_time:175776ms step_avg:137.86ms
step:1276/4150 train_time:176004ms step_avg:137.93ms
step:1277/4150 train_time:176223ms step_avg:138.00ms
step:1278/4150 train_time:176455ms step_avg:138.07ms
step:1279/4150 train_time:176676ms step_avg:138.14ms
step:1280/4150 train_time:176904ms step_avg:138.21ms
step:1281/4150 train_time:177125ms step_avg:138.27ms
step:1282/4150 train_time:177354ms step_avg:138.34ms
step:1283/4150 train_time:177576ms step_avg:138.41ms
step:1284/4150 train_time:177804ms step_avg:138.48ms
step:1285/4150 train_time:178025ms step_avg:138.54ms
step:1286/4150 train_time:178254ms step_avg:138.61ms
step:1287/4150 train_time:178474ms step_avg:138.67ms
step:1288/4150 train_time:178701ms step_avg:138.74ms
step:1289/4150 train_time:178924ms step_avg:138.81ms
step:1290/4150 train_time:179151ms step_avg:138.88ms
step:1291/4150 train_time:179373ms step_avg:138.94ms
step:1292/4150 train_time:179601ms step_avg:139.01ms
step:1293/4150 train_time:179824ms step_avg:139.08ms
step:1294/4150 train_time:180054ms step_avg:139.15ms
step:1295/4150 train_time:180273ms step_avg:139.21ms
step:1296/4150 train_time:180502ms step_avg:139.28ms
step:1297/4150 train_time:180726ms step_avg:139.34ms
step:1298/4150 train_time:180955ms step_avg:139.41ms
step:1299/4150 train_time:181177ms step_avg:139.47ms
step:1300/4150 train_time:181404ms step_avg:139.54ms
step:1301/4150 train_time:181625ms step_avg:139.60ms
step:1302/4150 train_time:181853ms step_avg:139.67ms
step:1303/4150 train_time:182075ms step_avg:139.74ms
step:1304/4150 train_time:182302ms step_avg:139.80ms
step:1305/4150 train_time:182524ms step_avg:139.87ms
step:1306/4150 train_time:182754ms step_avg:139.93ms
step:1307/4150 train_time:182977ms step_avg:140.00ms
step:1308/4150 train_time:183203ms step_avg:140.06ms
step:1309/4150 train_time:183424ms step_avg:140.12ms
step:1310/4150 train_time:183656ms step_avg:140.20ms
step:1311/4150 train_time:183882ms step_avg:140.26ms
step:1312/4150 train_time:184111ms step_avg:140.33ms
step:1313/4150 train_time:184330ms step_avg:140.39ms
step:1314/4150 train_time:184558ms step_avg:140.46ms
step:1315/4150 train_time:184781ms step_avg:140.52ms
step:1316/4150 train_time:185009ms step_avg:140.58ms
step:1317/4150 train_time:185231ms step_avg:140.65ms
step:1318/4150 train_time:185460ms step_avg:140.71ms
step:1319/4150 train_time:185680ms step_avg:140.77ms
step:1320/4150 train_time:185909ms step_avg:140.84ms
step:1321/4150 train_time:186128ms step_avg:140.90ms
step:1322/4150 train_time:186357ms step_avg:140.97ms
step:1323/4150 train_time:186579ms step_avg:141.03ms
step:1324/4150 train_time:186806ms step_avg:141.09ms
step:1325/4150 train_time:187027ms step_avg:141.15ms
step:1326/4150 train_time:187256ms step_avg:141.22ms
step:1327/4150 train_time:187476ms step_avg:141.28ms
step:1328/4150 train_time:187703ms step_avg:141.34ms
step:1329/4150 train_time:187926ms step_avg:141.40ms
step:1330/4150 train_time:188154ms step_avg:141.47ms
step:1331/4150 train_time:188377ms step_avg:141.53ms
step:1332/4150 train_time:188604ms step_avg:141.59ms
step:1333/4150 train_time:188826ms step_avg:141.65ms
step:1334/4150 train_time:189055ms step_avg:141.72ms
step:1335/4150 train_time:189280ms step_avg:141.78ms
step:1336/4150 train_time:189506ms step_avg:141.85ms
step:1337/4150 train_time:189727ms step_avg:141.90ms
step:1338/4150 train_time:189957ms step_avg:141.97ms
step:1339/4150 train_time:190180ms step_avg:142.03ms
step:1340/4150 train_time:190407ms step_avg:142.09ms
step:1341/4150 train_time:190627ms step_avg:142.15ms
step:1342/4150 train_time:190858ms step_avg:142.22ms
step:1343/4150 train_time:191080ms step_avg:142.28ms
step:1344/4150 train_time:191308ms step_avg:142.34ms
step:1345/4150 train_time:191529ms step_avg:142.40ms
step:1346/4150 train_time:191758ms step_avg:142.46ms
step:1347/4150 train_time:191978ms step_avg:142.52ms
step:1348/4150 train_time:192207ms step_avg:142.59ms
step:1349/4150 train_time:192428ms step_avg:142.64ms
step:1350/4150 train_time:192656ms step_avg:142.71ms
step:1351/4150 train_time:192877ms step_avg:142.77ms
step:1352/4150 train_time:193105ms step_avg:142.83ms
step:1353/4150 train_time:193327ms step_avg:142.89ms
step:1354/4150 train_time:193555ms step_avg:142.95ms
step:1355/4150 train_time:193776ms step_avg:143.01ms
step:1356/4150 train_time:194003ms step_avg:143.07ms
step:1357/4150 train_time:194225ms step_avg:143.13ms
step:1358/4150 train_time:194455ms step_avg:143.19ms
step:1359/4150 train_time:194674ms step_avg:143.25ms
step:1360/4150 train_time:194903ms step_avg:143.31ms
step:1361/4150 train_time:195123ms step_avg:143.37ms
step:1362/4150 train_time:195355ms step_avg:143.43ms
step:1363/4150 train_time:195576ms step_avg:143.49ms
step:1364/4150 train_time:195803ms step_avg:143.55ms
step:1365/4150 train_time:196024ms step_avg:143.61ms
step:1366/4150 train_time:196252ms step_avg:143.67ms
step:1367/4150 train_time:196475ms step_avg:143.73ms
step:1368/4150 train_time:196703ms step_avg:143.79ms
step:1369/4150 train_time:196925ms step_avg:143.85ms
step:1370/4150 train_time:197155ms step_avg:143.91ms
step:1371/4150 train_time:197375ms step_avg:143.96ms
step:1372/4150 train_time:197606ms step_avg:144.03ms
step:1373/4150 train_time:197826ms step_avg:144.08ms
step:1374/4150 train_time:198057ms step_avg:144.15ms
step:1375/4150 train_time:198279ms step_avg:144.20ms
step:1376/4150 train_time:198509ms step_avg:144.27ms
step:1377/4150 train_time:198731ms step_avg:144.32ms
step:1378/4150 train_time:198960ms step_avg:144.38ms
step:1379/4150 train_time:199183ms step_avg:144.44ms
step:1380/4150 train_time:199413ms step_avg:144.50ms
step:1381/4150 train_time:199634ms step_avg:144.56ms
step:1382/4150 train_time:199866ms step_avg:144.62ms
step:1383/4150 train_time:200088ms step_avg:144.68ms
step:1384/4150 train_time:200318ms step_avg:144.74ms
step:1385/4150 train_time:200541ms step_avg:144.80ms
step:1386/4150 train_time:200772ms step_avg:144.86ms
step:1387/4150 train_time:200991ms step_avg:144.91ms
step:1388/4150 train_time:201220ms step_avg:144.97ms
step:1389/4150 train_time:201443ms step_avg:145.03ms
step:1390/4150 train_time:201673ms step_avg:145.09ms
step:1391/4150 train_time:201894ms step_avg:145.14ms
step:1392/4150 train_time:202124ms step_avg:145.20ms
step:1393/4150 train_time:202348ms step_avg:145.26ms
step:1394/4150 train_time:202578ms step_avg:145.32ms
step:1395/4150 train_time:202800ms step_avg:145.38ms
step:1396/4150 train_time:203031ms step_avg:145.44ms
step:1397/4150 train_time:203254ms step_avg:145.49ms
step:1398/4150 train_time:203486ms step_avg:145.56ms
step:1399/4150 train_time:203709ms step_avg:145.61ms
step:1400/4150 train_time:203937ms step_avg:145.67ms
step:1401/4150 train_time:204160ms step_avg:145.72ms
step:1402/4150 train_time:204391ms step_avg:145.78ms
step:1403/4150 train_time:204612ms step_avg:145.84ms
step:1404/4150 train_time:204842ms step_avg:145.90ms
step:1405/4150 train_time:205066ms step_avg:145.95ms
step:1406/4150 train_time:205293ms step_avg:146.01ms
step:1407/4150 train_time:205517ms step_avg:146.07ms
step:1408/4150 train_time:205746ms step_avg:146.13ms
step:1409/4150 train_time:205968ms step_avg:146.18ms
step:1410/4150 train_time:206197ms step_avg:146.24ms
step:1411/4150 train_time:206419ms step_avg:146.29ms
step:1412/4150 train_time:206647ms step_avg:146.35ms
step:1413/4150 train_time:206868ms step_avg:146.40ms
step:1414/4150 train_time:207097ms step_avg:146.46ms
step:1415/4150 train_time:207318ms step_avg:146.51ms
step:1416/4150 train_time:207547ms step_avg:146.57ms
step:1417/4150 train_time:207769ms step_avg:146.63ms
step:1418/4150 train_time:208000ms step_avg:146.69ms
step:1419/4150 train_time:208223ms step_avg:146.74ms
step:1420/4150 train_time:208451ms step_avg:146.80ms
step:1421/4150 train_time:208673ms step_avg:146.85ms
step:1422/4150 train_time:208904ms step_avg:146.91ms
step:1423/4150 train_time:209126ms step_avg:146.96ms
step:1424/4150 train_time:209357ms step_avg:147.02ms
step:1425/4150 train_time:209578ms step_avg:147.07ms
step:1426/4150 train_time:209807ms step_avg:147.13ms
step:1427/4150 train_time:210028ms step_avg:147.18ms
step:1428/4150 train_time:210257ms step_avg:147.24ms
step:1429/4150 train_time:210477ms step_avg:147.29ms
step:1430/4150 train_time:210706ms step_avg:147.35ms
step:1431/4150 train_time:210928ms step_avg:147.40ms
step:1432/4150 train_time:211158ms step_avg:147.46ms
step:1433/4150 train_time:211381ms step_avg:147.51ms
step:1434/4150 train_time:211608ms step_avg:147.57ms
step:1435/4150 train_time:211830ms step_avg:147.62ms
step:1436/4150 train_time:212059ms step_avg:147.67ms
step:1437/4150 train_time:212282ms step_avg:147.73ms
step:1438/4150 train_time:212513ms step_avg:147.78ms
step:1439/4150 train_time:212737ms step_avg:147.84ms
step:1440/4150 train_time:212965ms step_avg:147.89ms
step:1441/4150 train_time:213187ms step_avg:147.94ms
step:1442/4150 train_time:213415ms step_avg:148.00ms
step:1443/4150 train_time:213636ms step_avg:148.05ms
step:1444/4150 train_time:213868ms step_avg:148.11ms
step:1445/4150 train_time:214091ms step_avg:148.16ms
step:1446/4150 train_time:214322ms step_avg:148.22ms
step:1447/4150 train_time:214545ms step_avg:148.27ms
step:1448/4150 train_time:214776ms step_avg:148.33ms
step:1449/4150 train_time:214995ms step_avg:148.37ms
step:1450/4150 train_time:215224ms step_avg:148.43ms
step:1451/4150 train_time:215447ms step_avg:148.48ms
step:1452/4150 train_time:215675ms step_avg:148.54ms
step:1453/4150 train_time:215897ms step_avg:148.59ms
step:1454/4150 train_time:216127ms step_avg:148.64ms
step:1455/4150 train_time:216350ms step_avg:148.69ms
step:1456/4150 train_time:216580ms step_avg:148.75ms
step:1457/4150 train_time:216799ms step_avg:148.80ms
step:1458/4150 train_time:217032ms step_avg:148.86ms
step:1459/4150 train_time:217254ms step_avg:148.91ms
step:1460/4150 train_time:217485ms step_avg:148.96ms
step:1461/4150 train_time:217706ms step_avg:149.01ms
step:1462/4150 train_time:217937ms step_avg:149.07ms
step:1463/4150 train_time:218159ms step_avg:149.12ms
step:1464/4150 train_time:218390ms step_avg:149.17ms
step:1465/4150 train_time:218614ms step_avg:149.22ms
step:1466/4150 train_time:218842ms step_avg:149.28ms
step:1467/4150 train_time:219064ms step_avg:149.33ms
step:1468/4150 train_time:219292ms step_avg:149.38ms
step:1469/4150 train_time:219517ms step_avg:149.43ms
step:1470/4150 train_time:219745ms step_avg:149.49ms
step:1471/4150 train_time:219969ms step_avg:149.54ms
step:1472/4150 train_time:220197ms step_avg:149.59ms
step:1473/4150 train_time:220421ms step_avg:149.64ms
step:1474/4150 train_time:220648ms step_avg:149.69ms
step:1475/4150 train_time:220873ms step_avg:149.74ms
step:1476/4150 train_time:221101ms step_avg:149.80ms
step:1477/4150 train_time:221326ms step_avg:149.85ms
step:1478/4150 train_time:221555ms step_avg:149.90ms
step:1479/4150 train_time:221776ms step_avg:149.95ms
step:1480/4150 train_time:222006ms step_avg:150.00ms
step:1481/4150 train_time:222234ms step_avg:150.06ms
step:1482/4150 train_time:222466ms step_avg:150.11ms
step:1483/4150 train_time:222689ms step_avg:150.16ms
step:1484/4150 train_time:222919ms step_avg:150.21ms
step:1485/4150 train_time:223142ms step_avg:150.26ms
step:1486/4150 train_time:223373ms step_avg:150.32ms
step:1487/4150 train_time:223593ms step_avg:150.37ms
step:1488/4150 train_time:223821ms step_avg:150.42ms
step:1489/4150 train_time:224044ms step_avg:150.47ms
step:1490/4150 train_time:224274ms step_avg:150.52ms
step:1491/4150 train_time:224496ms step_avg:150.57ms
step:1492/4150 train_time:224726ms step_avg:150.62ms
step:1493/4150 train_time:224946ms step_avg:150.67ms
step:1494/4150 train_time:225175ms step_avg:150.72ms
step:1495/4150 train_time:225400ms step_avg:150.77ms
step:1496/4150 train_time:225627ms step_avg:150.82ms
step:1497/4150 train_time:225851ms step_avg:150.87ms
step:1498/4150 train_time:226081ms step_avg:150.92ms
step:1499/4150 train_time:226303ms step_avg:150.97ms
step:1500/4150 train_time:226534ms step_avg:151.02ms
step:1500/4150 val_loss:3.2797 train_time:226738ms step_avg:151.16ms
step:1501/4150 train_time:226774ms step_avg:151.08ms
step:1502/4150 train_time:226998ms step_avg:151.13ms
step:1503/4150 train_time:227225ms step_avg:151.18ms
step:1504/4150 train_time:227455ms step_avg:151.23ms
step:1505/4150 train_time:227676ms step_avg:151.28ms
step:1506/4150 train_time:227909ms step_avg:151.33ms
step:1507/4150 train_time:228132ms step_avg:151.38ms
step:1508/4150 train_time:228362ms step_avg:151.43ms
step:1509/4150 train_time:228580ms step_avg:151.48ms
step:1510/4150 train_time:228814ms step_avg:151.53ms
step:1511/4150 train_time:229036ms step_avg:151.58ms
step:1512/4150 train_time:229269ms step_avg:151.63ms
step:1513/4150 train_time:229488ms step_avg:151.68ms
step:1514/4150 train_time:229718ms step_avg:151.73ms
step:1515/4150 train_time:229940ms step_avg:151.78ms
step:1516/4150 train_time:230172ms step_avg:151.83ms
step:1517/4150 train_time:230394ms step_avg:151.87ms
step:1518/4150 train_time:230622ms step_avg:151.93ms
step:1519/4150 train_time:230844ms step_avg:151.97ms
step:1520/4150 train_time:231073ms step_avg:152.02ms
step:1521/4150 train_time:231294ms step_avg:152.07ms
step:1522/4150 train_time:231524ms step_avg:152.12ms
step:1523/4150 train_time:231748ms step_avg:152.17ms
step:1524/4150 train_time:231977ms step_avg:152.22ms
step:1525/4150 train_time:232198ms step_avg:152.26ms
step:1526/4150 train_time:232429ms step_avg:152.31ms
step:1527/4150 train_time:232649ms step_avg:152.36ms
step:1528/4150 train_time:232881ms step_avg:152.41ms
step:1529/4150 train_time:233102ms step_avg:152.45ms
step:1530/4150 train_time:233333ms step_avg:152.51ms
step:1531/4150 train_time:233555ms step_avg:152.55ms
step:1532/4150 train_time:233783ms step_avg:152.60ms
step:1533/4150 train_time:234005ms step_avg:152.65ms
step:1534/4150 train_time:234236ms step_avg:152.70ms
step:1535/4150 train_time:234459ms step_avg:152.74ms
step:1536/4150 train_time:234691ms step_avg:152.79ms
step:1537/4150 train_time:234913ms step_avg:152.84ms
step:1538/4150 train_time:235141ms step_avg:152.89ms
step:1539/4150 train_time:235362ms step_avg:152.93ms
step:1540/4150 train_time:235593ms step_avg:152.98ms
step:1541/4150 train_time:235816ms step_avg:153.03ms
step:1542/4150 train_time:236043ms step_avg:153.08ms
step:1543/4150 train_time:236265ms step_avg:153.12ms
step:1544/4150 train_time:236496ms step_avg:153.17ms
step:1545/4150 train_time:236721ms step_avg:153.22ms
step:1546/4150 train_time:236950ms step_avg:153.27ms
step:1547/4150 train_time:237170ms step_avg:153.31ms
step:1548/4150 train_time:237400ms step_avg:153.36ms
step:1549/4150 train_time:237623ms step_avg:153.40ms
step:1550/4150 train_time:237853ms step_avg:153.45ms
step:1551/4150 train_time:238075ms step_avg:153.50ms
step:1552/4150 train_time:238306ms step_avg:153.55ms
step:1553/4150 train_time:238531ms step_avg:153.59ms
step:1554/4150 train_time:238761ms step_avg:153.64ms
step:1555/4150 train_time:238984ms step_avg:153.69ms
step:1556/4150 train_time:239212ms step_avg:153.74ms
step:1557/4150 train_time:239435ms step_avg:153.78ms
step:1558/4150 train_time:239664ms step_avg:153.83ms
step:1559/4150 train_time:239888ms step_avg:153.87ms
step:1560/4150 train_time:240118ms step_avg:153.92ms
step:1561/4150 train_time:240340ms step_avg:153.97ms
step:1562/4150 train_time:240572ms step_avg:154.02ms
step:1563/4150 train_time:240794ms step_avg:154.06ms
step:1564/4150 train_time:241025ms step_avg:154.11ms
step:1565/4150 train_time:241249ms step_avg:154.15ms
step:1566/4150 train_time:241479ms step_avg:154.20ms
step:1567/4150 train_time:241702ms step_avg:154.24ms
step:1568/4150 train_time:241932ms step_avg:154.29ms
step:1569/4150 train_time:242153ms step_avg:154.34ms
step:1570/4150 train_time:242382ms step_avg:154.38ms
step:1571/4150 train_time:242606ms step_avg:154.43ms
step:1572/4150 train_time:242837ms step_avg:154.48ms
step:1573/4150 train_time:243058ms step_avg:154.52ms
step:1574/4150 train_time:243288ms step_avg:154.57ms
step:1575/4150 train_time:243510ms step_avg:154.61ms
step:1576/4150 train_time:243744ms step_avg:154.66ms
step:1577/4150 train_time:243963ms step_avg:154.70ms
step:1578/4150 train_time:244190ms step_avg:154.75ms
step:1579/4150 train_time:244411ms step_avg:154.79ms
step:1580/4150 train_time:244641ms step_avg:154.84ms
step:1581/4150 train_time:244864ms step_avg:154.88ms
step:1582/4150 train_time:245095ms step_avg:154.93ms
step:1583/4150 train_time:245318ms step_avg:154.97ms
step:1584/4150 train_time:245547ms step_avg:155.02ms
step:1585/4150 train_time:245770ms step_avg:155.06ms
step:1586/4150 train_time:246002ms step_avg:155.11ms
step:1587/4150 train_time:246225ms step_avg:155.15ms
step:1588/4150 train_time:246455ms step_avg:155.20ms
step:1589/4150 train_time:246679ms step_avg:155.24ms
step:1590/4150 train_time:246909ms step_avg:155.29ms
step:1591/4150 train_time:247135ms step_avg:155.33ms
step:1592/4150 train_time:247363ms step_avg:155.38ms
step:1593/4150 train_time:247587ms step_avg:155.42ms
step:1594/4150 train_time:247817ms step_avg:155.47ms
step:1595/4150 train_time:248039ms step_avg:155.51ms
step:1596/4150 train_time:248269ms step_avg:155.56ms
step:1597/4150 train_time:248489ms step_avg:155.60ms
step:1598/4150 train_time:248720ms step_avg:155.64ms
step:1599/4150 train_time:248944ms step_avg:155.69ms
step:1600/4150 train_time:249176ms step_avg:155.74ms
step:1601/4150 train_time:249398ms step_avg:155.78ms
step:1602/4150 train_time:249629ms step_avg:155.82ms
step:1603/4150 train_time:249852ms step_avg:155.87ms
step:1604/4150 train_time:250080ms step_avg:155.91ms
step:1605/4150 train_time:250300ms step_avg:155.95ms
step:1606/4150 train_time:250531ms step_avg:156.00ms
step:1607/4150 train_time:250752ms step_avg:156.04ms
step:1608/4150 train_time:250982ms step_avg:156.08ms
step:1609/4150 train_time:251202ms step_avg:156.12ms
step:1610/4150 train_time:251434ms step_avg:156.17ms
step:1611/4150 train_time:251660ms step_avg:156.21ms
step:1612/4150 train_time:251891ms step_avg:156.26ms
step:1613/4150 train_time:252113ms step_avg:156.30ms
step:1614/4150 train_time:252344ms step_avg:156.35ms
step:1615/4150 train_time:252566ms step_avg:156.39ms
step:1616/4150 train_time:252795ms step_avg:156.43ms
step:1617/4150 train_time:253016ms step_avg:156.47ms
step:1618/4150 train_time:253243ms step_avg:156.52ms
step:1619/4150 train_time:253465ms step_avg:156.56ms
step:1620/4150 train_time:253696ms step_avg:156.60ms
step:1621/4150 train_time:253918ms step_avg:156.64ms
step:1622/4150 train_time:254147ms step_avg:156.69ms
step:1623/4150 train_time:254370ms step_avg:156.73ms
step:1624/4150 train_time:254600ms step_avg:156.77ms
step:1625/4150 train_time:254824ms step_avg:156.81ms
step:1626/4150 train_time:255054ms step_avg:156.86ms
step:1627/4150 train_time:255276ms step_avg:156.90ms
step:1628/4150 train_time:255506ms step_avg:156.94ms
step:1629/4150 train_time:255731ms step_avg:156.99ms
step:1630/4150 train_time:255961ms step_avg:157.03ms
step:1631/4150 train_time:256182ms step_avg:157.07ms
step:1632/4150 train_time:256412ms step_avg:157.12ms
step:1633/4150 train_time:256633ms step_avg:157.15ms
step:1634/4150 train_time:256862ms step_avg:157.20ms
step:1635/4150 train_time:257085ms step_avg:157.24ms
step:1636/4150 train_time:257315ms step_avg:157.28ms
step:1637/4150 train_time:257536ms step_avg:157.32ms
step:1638/4150 train_time:257764ms step_avg:157.37ms
step:1639/4150 train_time:257990ms step_avg:157.41ms
step:1640/4150 train_time:258219ms step_avg:157.45ms
step:1641/4150 train_time:258442ms step_avg:157.49ms
step:1642/4150 train_time:258674ms step_avg:157.54ms
step:1643/4150 train_time:258896ms step_avg:157.58ms
step:1644/4150 train_time:259126ms step_avg:157.62ms
step:1645/4150 train_time:259350ms step_avg:157.66ms
step:1646/4150 train_time:259580ms step_avg:157.70ms
step:1647/4150 train_time:259799ms step_avg:157.74ms
step:1648/4150 train_time:260030ms step_avg:157.79ms
step:1649/4150 train_time:260252ms step_avg:157.82ms
step:1650/4150 train_time:260480ms step_avg:157.87ms
step:1651/4150 train_time:260701ms step_avg:157.90ms
step:1652/4150 train_time:260932ms step_avg:157.95ms
step:1653/4150 train_time:261153ms step_avg:157.99ms
step:1654/4150 train_time:261383ms step_avg:158.03ms
step:1655/4150 train_time:261605ms step_avg:158.07ms
step:1656/4150 train_time:261835ms step_avg:158.11ms
step:1657/4150 train_time:262057ms step_avg:158.15ms
step:1658/4150 train_time:262288ms step_avg:158.20ms
step:1659/4150 train_time:262512ms step_avg:158.24ms
step:1660/4150 train_time:262741ms step_avg:158.28ms
step:1661/4150 train_time:262962ms step_avg:158.32ms
step:1662/4150 train_time:263193ms step_avg:158.36ms
step:1663/4150 train_time:263415ms step_avg:158.40ms
step:1664/4150 train_time:263644ms step_avg:158.44ms
step:1665/4150 train_time:263865ms step_avg:158.48ms
step:1666/4150 train_time:264093ms step_avg:158.52ms
step:1667/4150 train_time:264318ms step_avg:158.56ms
step:1668/4150 train_time:264548ms step_avg:158.60ms
step:1669/4150 train_time:264770ms step_avg:158.64ms
step:1670/4150 train_time:265001ms step_avg:158.68ms
step:1671/4150 train_time:265223ms step_avg:158.72ms
step:1672/4150 train_time:265453ms step_avg:158.76ms
step:1673/4150 train_time:265674ms step_avg:158.80ms
step:1674/4150 train_time:265903ms step_avg:158.84ms
step:1675/4150 train_time:266123ms step_avg:158.88ms
step:1676/4150 train_time:266354ms step_avg:158.92ms
step:1677/4150 train_time:266578ms step_avg:158.96ms
step:1678/4150 train_time:266807ms step_avg:159.00ms
step:1679/4150 train_time:267031ms step_avg:159.04ms
step:1680/4150 train_time:267258ms step_avg:159.08ms
step:1681/4150 train_time:267480ms step_avg:159.12ms
step:1682/4150 train_time:267713ms step_avg:159.16ms
step:1683/4150 train_time:267933ms step_avg:159.20ms
step:1684/4150 train_time:268162ms step_avg:159.24ms
step:1685/4150 train_time:268383ms step_avg:159.28ms
step:1686/4150 train_time:268614ms step_avg:159.32ms
step:1687/4150 train_time:268837ms step_avg:159.36ms
step:1688/4150 train_time:269067ms step_avg:159.40ms
step:1689/4150 train_time:269290ms step_avg:159.44ms
step:1690/4150 train_time:269522ms step_avg:159.48ms
step:1691/4150 train_time:269746ms step_avg:159.52ms
step:1692/4150 train_time:269976ms step_avg:159.56ms
step:1693/4150 train_time:270200ms step_avg:159.60ms
step:1694/4150 train_time:270430ms step_avg:159.64ms
step:1695/4150 train_time:270654ms step_avg:159.68ms
step:1696/4150 train_time:270881ms step_avg:159.72ms
step:1697/4150 train_time:271105ms step_avg:159.76ms
step:1698/4150 train_time:271336ms step_avg:159.80ms
step:1699/4150 train_time:271559ms step_avg:159.83ms
step:1700/4150 train_time:271790ms step_avg:159.88ms
step:1701/4150 train_time:272011ms step_avg:159.91ms
step:1702/4150 train_time:272241ms step_avg:159.95ms
step:1703/4150 train_time:272465ms step_avg:159.99ms
step:1704/4150 train_time:272694ms step_avg:160.03ms
step:1705/4150 train_time:272918ms step_avg:160.07ms
step:1706/4150 train_time:273147ms step_avg:160.11ms
step:1707/4150 train_time:273369ms step_avg:160.15ms
step:1708/4150 train_time:273599ms step_avg:160.19ms
step:1709/4150 train_time:273823ms step_avg:160.22ms
step:1710/4150 train_time:274054ms step_avg:160.27ms
step:1711/4150 train_time:274278ms step_avg:160.30ms
step:1712/4150 train_time:274508ms step_avg:160.34ms
step:1713/4150 train_time:274730ms step_avg:160.38ms
step:1714/4150 train_time:274959ms step_avg:160.42ms
step:1715/4150 train_time:275181ms step_avg:160.46ms
step:1716/4150 train_time:275411ms step_avg:160.50ms
step:1717/4150 train_time:275633ms step_avg:160.53ms
step:1718/4150 train_time:275864ms step_avg:160.57ms
step:1719/4150 train_time:276088ms step_avg:160.61ms
step:1720/4150 train_time:276320ms step_avg:160.65ms
step:1721/4150 train_time:276543ms step_avg:160.69ms
step:1722/4150 train_time:276776ms step_avg:160.73ms
step:1723/4150 train_time:277000ms step_avg:160.77ms
step:1724/4150 train_time:277231ms step_avg:160.81ms
step:1725/4150 train_time:277453ms step_avg:160.84ms
step:1726/4150 train_time:277682ms step_avg:160.88ms
step:1727/4150 train_time:277905ms step_avg:160.92ms
step:1728/4150 train_time:278137ms step_avg:160.96ms
step:1729/4150 train_time:278360ms step_avg:160.99ms
step:1730/4150 train_time:278590ms step_avg:161.03ms
step:1731/4150 train_time:278812ms step_avg:161.07ms
step:1732/4150 train_time:279043ms step_avg:161.11ms
step:1733/4150 train_time:279267ms step_avg:161.15ms
step:1734/4150 train_time:279499ms step_avg:161.19ms
step:1735/4150 train_time:279722ms step_avg:161.22ms
step:1736/4150 train_time:279951ms step_avg:161.26ms
step:1737/4150 train_time:280179ms step_avg:161.30ms
step:1738/4150 train_time:280413ms step_avg:161.34ms
step:1739/4150 train_time:280639ms step_avg:161.38ms
step:1740/4150 train_time:280866ms step_avg:161.42ms
step:1741/4150 train_time:281091ms step_avg:161.45ms
step:1742/4150 train_time:281324ms step_avg:161.49ms
step:1743/4150 train_time:281548ms step_avg:161.53ms
step:1744/4150 train_time:281778ms step_avg:161.57ms
step:1745/4150 train_time:282000ms step_avg:161.60ms
step:1746/4150 train_time:282232ms step_avg:161.64ms
step:1747/4150 train_time:282455ms step_avg:161.68ms
step:1748/4150 train_time:282686ms step_avg:161.72ms
step:1749/4150 train_time:282910ms step_avg:161.76ms
step:1750/4150 train_time:283140ms step_avg:161.79ms
step:1750/4150 val_loss:3.2280 train_time:283343ms step_avg:161.91ms
step:1751/4150 train_time:283378ms step_avg:161.84ms
step:1752/4150 train_time:283606ms step_avg:161.88ms
step:1753/4150 train_time:283832ms step_avg:161.91ms
step:1754/4150 train_time:284059ms step_avg:161.95ms
step:1755/4150 train_time:284284ms step_avg:161.99ms
step:1756/4150 train_time:284518ms step_avg:162.03ms
step:1757/4150 train_time:284744ms step_avg:162.06ms
step:1758/4150 train_time:284971ms step_avg:162.10ms
step:1759/4150 train_time:285190ms step_avg:162.13ms
step:1760/4150 train_time:285426ms step_avg:162.17ms
step:1761/4150 train_time:285649ms step_avg:162.21ms
step:1762/4150 train_time:285879ms step_avg:162.25ms
step:1763/4150 train_time:286099ms step_avg:162.28ms
step:1764/4150 train_time:286332ms step_avg:162.32ms
step:1765/4150 train_time:286558ms step_avg:162.36ms
step:1766/4150 train_time:286786ms step_avg:162.39ms
step:1767/4150 train_time:287007ms step_avg:162.43ms
step:1768/4150 train_time:287240ms step_avg:162.47ms
step:1769/4150 train_time:287465ms step_avg:162.50ms
step:1770/4150 train_time:287698ms step_avg:162.54ms
step:1771/4150 train_time:287921ms step_avg:162.58ms
step:1772/4150 train_time:288152ms step_avg:162.61ms
step:1773/4150 train_time:288377ms step_avg:162.65ms
step:1774/4150 train_time:288605ms step_avg:162.69ms
step:1775/4150 train_time:288829ms step_avg:162.72ms
step:1776/4150 train_time:289059ms step_avg:162.76ms
step:1777/4150 train_time:289284ms step_avg:162.79ms
step:1778/4150 train_time:289513ms step_avg:162.83ms
step:1779/4150 train_time:289736ms step_avg:162.86ms
step:1780/4150 train_time:289965ms step_avg:162.90ms
step:1781/4150 train_time:290189ms step_avg:162.94ms
step:1782/4150 train_time:290420ms step_avg:162.97ms
step:1783/4150 train_time:290643ms step_avg:163.01ms
step:1784/4150 train_time:290873ms step_avg:163.05ms
step:1785/4150 train_time:291098ms step_avg:163.08ms
step:1786/4150 train_time:291327ms step_avg:163.12ms
step:1787/4150 train_time:291550ms step_avg:163.15ms
step:1788/4150 train_time:291782ms step_avg:163.19ms
step:1789/4150 train_time:292003ms step_avg:163.22ms
step:1790/4150 train_time:292233ms step_avg:163.26ms
step:1791/4150 train_time:292457ms step_avg:163.29ms
step:1792/4150 train_time:292687ms step_avg:163.33ms
step:1793/4150 train_time:292910ms step_avg:163.36ms
step:1794/4150 train_time:293140ms step_avg:163.40ms
step:1795/4150 train_time:293363ms step_avg:163.43ms
step:1796/4150 train_time:293595ms step_avg:163.47ms
step:1797/4150 train_time:293816ms step_avg:163.50ms
step:1798/4150 train_time:294046ms step_avg:163.54ms
step:1799/4150 train_time:294267ms step_avg:163.57ms
step:1800/4150 train_time:294497ms step_avg:163.61ms
step:1801/4150 train_time:294723ms step_avg:163.64ms
step:1802/4150 train_time:294950ms step_avg:163.68ms
step:1803/4150 train_time:295174ms step_avg:163.71ms
step:1804/4150 train_time:295404ms step_avg:163.75ms
step:1805/4150 train_time:295627ms step_avg:163.78ms
step:1806/4150 train_time:295856ms step_avg:163.82ms
step:1807/4150 train_time:296080ms step_avg:163.85ms
step:1808/4150 train_time:296310ms step_avg:163.89ms
step:1809/4150 train_time:296534ms step_avg:163.92ms
step:1810/4150 train_time:296765ms step_avg:163.96ms
step:1811/4150 train_time:296988ms step_avg:163.99ms
step:1812/4150 train_time:297218ms step_avg:164.03ms
step:1813/4150 train_time:297443ms step_avg:164.06ms
step:1814/4150 train_time:297676ms step_avg:164.10ms
step:1815/4150 train_time:297900ms step_avg:164.13ms
step:1816/4150 train_time:298131ms step_avg:164.17ms
step:1817/4150 train_time:298355ms step_avg:164.20ms
step:1818/4150 train_time:298586ms step_avg:164.24ms
step:1819/4150 train_time:298808ms step_avg:164.27ms
step:1820/4150 train_time:299036ms step_avg:164.31ms
step:1821/4150 train_time:299259ms step_avg:164.34ms
step:1822/4150 train_time:299490ms step_avg:164.37ms
step:1823/4150 train_time:299716ms step_avg:164.41ms
step:1824/4150 train_time:299945ms step_avg:164.44ms
step:1825/4150 train_time:300167ms step_avg:164.47ms
step:1826/4150 train_time:300396ms step_avg:164.51ms
step:1827/4150 train_time:300620ms step_avg:164.54ms
step:1828/4150 train_time:300848ms step_avg:164.58ms
step:1829/4150 train_time:301071ms step_avg:164.61ms
step:1830/4150 train_time:301301ms step_avg:164.65ms
step:1831/4150 train_time:301525ms step_avg:164.68ms
step:1832/4150 train_time:301756ms step_avg:164.71ms
step:1833/4150 train_time:301981ms step_avg:164.75ms
step:1834/4150 train_time:302211ms step_avg:164.78ms
step:1835/4150 train_time:302433ms step_avg:164.81ms
step:1836/4150 train_time:302665ms step_avg:164.85ms
step:1837/4150 train_time:302887ms step_avg:164.88ms
step:1838/4150 train_time:303116ms step_avg:164.92ms
step:1839/4150 train_time:303342ms step_avg:164.95ms
step:1840/4150 train_time:303573ms step_avg:164.99ms
step:1841/4150 train_time:303795ms step_avg:165.02ms
step:1842/4150 train_time:304026ms step_avg:165.05ms
step:1843/4150 train_time:304253ms step_avg:165.09ms
step:1844/4150 train_time:304479ms step_avg:165.12ms
step:1845/4150 train_time:304703ms step_avg:165.15ms
step:1846/4150 train_time:304933ms step_avg:165.19ms
step:1847/4150 train_time:305154ms step_avg:165.22ms
step:1848/4150 train_time:305385ms step_avg:165.25ms
step:1849/4150 train_time:305605ms step_avg:165.28ms
step:1850/4150 train_time:305837ms step_avg:165.32ms
step:1851/4150 train_time:306061ms step_avg:165.35ms
step:1852/4150 train_time:306293ms step_avg:165.39ms
step:1853/4150 train_time:306519ms step_avg:165.42ms
step:1854/4150 train_time:306749ms step_avg:165.45ms
step:1855/4150 train_time:306972ms step_avg:165.48ms
step:1856/4150 train_time:307203ms step_avg:165.52ms
step:1857/4150 train_time:307423ms step_avg:165.55ms
step:1858/4150 train_time:307657ms step_avg:165.58ms
step:1859/4150 train_time:307879ms step_avg:165.62ms
step:1860/4150 train_time:308110ms step_avg:165.65ms
step:1861/4150 train_time:308335ms step_avg:165.68ms
step:1862/4150 train_time:308566ms step_avg:165.72ms
step:1863/4150 train_time:308789ms step_avg:165.75ms
step:1864/4150 train_time:309020ms step_avg:165.78ms
step:1865/4150 train_time:309245ms step_avg:165.81ms
step:1866/4150 train_time:309475ms step_avg:165.85ms
step:1867/4150 train_time:309699ms step_avg:165.88ms
step:1868/4150 train_time:309930ms step_avg:165.92ms
step:1869/4150 train_time:310155ms step_avg:165.95ms
step:1870/4150 train_time:310385ms step_avg:165.98ms
step:1871/4150 train_time:310608ms step_avg:166.01ms
step:1872/4150 train_time:310839ms step_avg:166.05ms
step:1873/4150 train_time:311064ms step_avg:166.08ms
step:1874/4150 train_time:311297ms step_avg:166.11ms
step:1875/4150 train_time:311521ms step_avg:166.14ms
step:1876/4150 train_time:311751ms step_avg:166.18ms
step:1877/4150 train_time:311976ms step_avg:166.21ms
step:1878/4150 train_time:312206ms step_avg:166.24ms
step:1879/4150 train_time:312429ms step_avg:166.27ms
step:1880/4150 train_time:312658ms step_avg:166.31ms
step:1881/4150 train_time:312882ms step_avg:166.34ms
step:1882/4150 train_time:313112ms step_avg:166.37ms
step:1883/4150 train_time:313336ms step_avg:166.40ms
step:1884/4150 train_time:313569ms step_avg:166.44ms
step:1885/4150 train_time:313793ms step_avg:166.47ms
step:1886/4150 train_time:314022ms step_avg:166.50ms
step:1887/4150 train_time:314245ms step_avg:166.53ms
step:1888/4150 train_time:314476ms step_avg:166.57ms
step:1889/4150 train_time:314701ms step_avg:166.60ms
step:1890/4150 train_time:314930ms step_avg:166.63ms
step:1891/4150 train_time:315152ms step_avg:166.66ms
step:1892/4150 train_time:315385ms step_avg:166.69ms
step:1893/4150 train_time:315608ms step_avg:166.72ms
step:1894/4150 train_time:315836ms step_avg:166.76ms
step:1895/4150 train_time:316061ms step_avg:166.79ms
step:1896/4150 train_time:316290ms step_avg:166.82ms
step:1897/4150 train_time:316512ms step_avg:166.85ms
step:1898/4150 train_time:316743ms step_avg:166.88ms
step:1899/4150 train_time:316965ms step_avg:166.91ms
step:1900/4150 train_time:317196ms step_avg:166.95ms
step:1901/4150 train_time:317419ms step_avg:166.97ms
step:1902/4150 train_time:317651ms step_avg:167.01ms
step:1903/4150 train_time:317873ms step_avg:167.04ms
step:1904/4150 train_time:318105ms step_avg:167.07ms
step:1905/4150 train_time:318329ms step_avg:167.10ms
step:1906/4150 train_time:318557ms step_avg:167.13ms
step:1907/4150 train_time:318781ms step_avg:167.16ms
step:1908/4150 train_time:319010ms step_avg:167.20ms
step:1909/4150 train_time:319231ms step_avg:167.22ms
step:1910/4150 train_time:319463ms step_avg:167.26ms
step:1911/4150 train_time:319686ms step_avg:167.29ms
step:1912/4150 train_time:319915ms step_avg:167.32ms
step:1913/4150 train_time:320138ms step_avg:167.35ms
step:1914/4150 train_time:320368ms step_avg:167.38ms
step:1915/4150 train_time:320591ms step_avg:167.41ms
step:1916/4150 train_time:320820ms step_avg:167.44ms
step:1917/4150 train_time:321043ms step_avg:167.47ms
step:1918/4150 train_time:321271ms step_avg:167.50ms
step:1919/4150 train_time:321495ms step_avg:167.53ms
step:1920/4150 train_time:321725ms step_avg:167.57ms
step:1921/4150 train_time:321948ms step_avg:167.59ms
step:1922/4150 train_time:322177ms step_avg:167.63ms
step:1923/4150 train_time:322404ms step_avg:167.66ms
step:1924/4150 train_time:322632ms step_avg:167.69ms
step:1925/4150 train_time:322854ms step_avg:167.72ms
step:1926/4150 train_time:323087ms step_avg:167.75ms
step:1927/4150 train_time:323310ms step_avg:167.78ms
step:1928/4150 train_time:323540ms step_avg:167.81ms
step:1929/4150 train_time:323764ms step_avg:167.84ms
step:1930/4150 train_time:323998ms step_avg:167.87ms
step:1931/4150 train_time:324222ms step_avg:167.90ms
step:1932/4150 train_time:324454ms step_avg:167.94ms
step:1933/4150 train_time:324676ms step_avg:167.96ms
step:1934/4150 train_time:324907ms step_avg:168.00ms
step:1935/4150 train_time:325132ms step_avg:168.03ms
step:1936/4150 train_time:325365ms step_avg:168.06ms
step:1937/4150 train_time:325587ms step_avg:168.09ms
step:1938/4150 train_time:325817ms step_avg:168.12ms
step:1939/4150 train_time:326042ms step_avg:168.15ms
step:1940/4150 train_time:326272ms step_avg:168.18ms
step:1941/4150 train_time:326495ms step_avg:168.21ms
step:1942/4150 train_time:326724ms step_avg:168.24ms
step:1943/4150 train_time:326947ms step_avg:168.27ms
step:1944/4150 train_time:327178ms step_avg:168.30ms
step:1945/4150 train_time:327401ms step_avg:168.33ms
step:1946/4150 train_time:327632ms step_avg:168.36ms
step:1947/4150 train_time:327857ms step_avg:168.39ms
step:1948/4150 train_time:328088ms step_avg:168.42ms
step:1949/4150 train_time:328310ms step_avg:168.45ms
step:1950/4150 train_time:328542ms step_avg:168.48ms
step:1951/4150 train_time:328764ms step_avg:168.51ms
step:1952/4150 train_time:328996ms step_avg:168.54ms
step:1953/4150 train_time:329220ms step_avg:168.57ms
step:1954/4150 train_time:329456ms step_avg:168.61ms
step:1955/4150 train_time:329678ms step_avg:168.63ms
step:1956/4150 train_time:329907ms step_avg:168.66ms
step:1957/4150 train_time:330132ms step_avg:168.69ms
step:1958/4150 train_time:330362ms step_avg:168.72ms
step:1959/4150 train_time:330585ms step_avg:168.75ms
step:1960/4150 train_time:330818ms step_avg:168.78ms
step:1961/4150 train_time:331038ms step_avg:168.81ms
step:1962/4150 train_time:331268ms step_avg:168.84ms
step:1963/4150 train_time:331492ms step_avg:168.87ms
step:1964/4150 train_time:331722ms step_avg:168.90ms
step:1965/4150 train_time:331944ms step_avg:168.93ms
step:1966/4150 train_time:332173ms step_avg:168.96ms
step:1967/4150 train_time:332397ms step_avg:168.99ms
step:1968/4150 train_time:332626ms step_avg:169.02ms
step:1969/4150 train_time:332850ms step_avg:169.05ms
step:1970/4150 train_time:333081ms step_avg:169.08ms
step:1971/4150 train_time:333302ms step_avg:169.10ms
step:1972/4150 train_time:333533ms step_avg:169.13ms
step:1973/4150 train_time:333756ms step_avg:169.16ms
step:1974/4150 train_time:333987ms step_avg:169.19ms
step:1975/4150 train_time:334209ms step_avg:169.22ms
step:1976/4150 train_time:334440ms step_avg:169.25ms
step:1977/4150 train_time:334662ms step_avg:169.28ms
step:1978/4150 train_time:334892ms step_avg:169.31ms
step:1979/4150 train_time:335115ms step_avg:169.34ms
step:1980/4150 train_time:335346ms step_avg:169.37ms
step:1981/4150 train_time:335571ms step_avg:169.39ms
step:1982/4150 train_time:335801ms step_avg:169.43ms
step:1983/4150 train_time:336025ms step_avg:169.45ms
step:1984/4150 train_time:336254ms step_avg:169.48ms
step:1985/4150 train_time:336477ms step_avg:169.51ms
step:1986/4150 train_time:336706ms step_avg:169.54ms
step:1987/4150 train_time:336929ms step_avg:169.57ms
step:1988/4150 train_time:337161ms step_avg:169.60ms
step:1989/4150 train_time:337385ms step_avg:169.63ms
step:1990/4150 train_time:337613ms step_avg:169.65ms
step:1991/4150 train_time:337837ms step_avg:169.68ms
step:1992/4150 train_time:338067ms step_avg:169.71ms
step:1993/4150 train_time:338289ms step_avg:169.74ms
step:1994/4150 train_time:338520ms step_avg:169.77ms
step:1995/4150 train_time:338744ms step_avg:169.80ms
step:1996/4150 train_time:338976ms step_avg:169.83ms
step:1997/4150 train_time:339201ms step_avg:169.86ms
step:1998/4150 train_time:339430ms step_avg:169.88ms
step:1999/4150 train_time:339653ms step_avg:169.91ms
step:2000/4150 train_time:339886ms step_avg:169.94ms
step:2000/4150 val_loss:3.1819 train_time:340090ms step_avg:170.04ms
step:2001/4150 train_time:340125ms step_avg:169.98ms
step:2002/4150 train_time:340357ms step_avg:170.01ms
step:2003/4150 train_time:340588ms step_avg:170.04ms
step:2004/4150 train_time:340815ms step_avg:170.07ms
step:2005/4150 train_time:341037ms step_avg:170.09ms
step:2006/4150 train_time:341271ms step_avg:170.13ms
step:2007/4150 train_time:341496ms step_avg:170.15ms
step:2008/4150 train_time:341726ms step_avg:170.18ms
step:2009/4150 train_time:341946ms step_avg:170.21ms
step:2010/4150 train_time:342178ms step_avg:170.24ms
step:2011/4150 train_time:342406ms step_avg:170.27ms
step:2012/4150 train_time:342636ms step_avg:170.30ms
step:2013/4150 train_time:342857ms step_avg:170.32ms
step:2014/4150 train_time:343089ms step_avg:170.35ms
step:2015/4150 train_time:343312ms step_avg:170.38ms
step:2016/4150 train_time:343546ms step_avg:170.41ms
step:2017/4150 train_time:343769ms step_avg:170.44ms
step:2018/4150 train_time:343997ms step_avg:170.46ms
step:2019/4150 train_time:344220ms step_avg:170.49ms
step:2020/4150 train_time:344450ms step_avg:170.52ms
step:2021/4150 train_time:344675ms step_avg:170.55ms
step:2022/4150 train_time:344908ms step_avg:170.58ms
step:2023/4150 train_time:345130ms step_avg:170.60ms
step:2024/4150 train_time:345360ms step_avg:170.63ms
step:2025/4150 train_time:345586ms step_avg:170.66ms
step:2026/4150 train_time:345816ms step_avg:170.69ms
step:2027/4150 train_time:346041ms step_avg:170.72ms
step:2028/4150 train_time:346274ms step_avg:170.75ms
step:2029/4150 train_time:346501ms step_avg:170.77ms
step:2030/4150 train_time:346729ms step_avg:170.80ms
step:2031/4150 train_time:346955ms step_avg:170.83ms
step:2032/4150 train_time:347185ms step_avg:170.86ms
step:2033/4150 train_time:347409ms step_avg:170.88ms
step:2034/4150 train_time:347640ms step_avg:170.91ms
step:2035/4150 train_time:347866ms step_avg:170.94ms
step:2036/4150 train_time:348094ms step_avg:170.97ms
step:2037/4150 train_time:348321ms step_avg:171.00ms
step:2038/4150 train_time:348548ms step_avg:171.02ms
step:2039/4150 train_time:348771ms step_avg:171.05ms
step:2040/4150 train_time:349002ms step_avg:171.08ms
step:2041/4150 train_time:349226ms step_avg:171.11ms
step:2042/4150 train_time:349455ms step_avg:171.13ms
step:2043/4150 train_time:349677ms step_avg:171.16ms
step:2044/4150 train_time:349910ms step_avg:171.19ms
step:2045/4150 train_time:350136ms step_avg:171.22ms
step:2046/4150 train_time:350367ms step_avg:171.24ms
step:2047/4150 train_time:350587ms step_avg:171.27ms
step:2048/4150 train_time:350819ms step_avg:171.30ms
step:2049/4150 train_time:351044ms step_avg:171.32ms
step:2050/4150 train_time:351274ms step_avg:171.35ms
step:2051/4150 train_time:351498ms step_avg:171.38ms
step:2052/4150 train_time:351728ms step_avg:171.41ms
step:2053/4150 train_time:351952ms step_avg:171.43ms
step:2054/4150 train_time:352181ms step_avg:171.46ms
step:2055/4150 train_time:352405ms step_avg:171.49ms
step:2056/4150 train_time:352635ms step_avg:171.52ms
step:2057/4150 train_time:352860ms step_avg:171.54ms
step:2058/4150 train_time:353090ms step_avg:171.57ms
step:2059/4150 train_time:353315ms step_avg:171.60ms
step:2060/4150 train_time:353546ms step_avg:171.62ms
step:2061/4150 train_time:353769ms step_avg:171.65ms
step:2062/4150 train_time:353999ms step_avg:171.68ms
step:2063/4150 train_time:354220ms step_avg:171.70ms
step:2064/4150 train_time:354456ms step_avg:171.73ms
step:2065/4150 train_time:354678ms step_avg:171.76ms
step:2066/4150 train_time:354909ms step_avg:171.79ms
step:2067/4150 train_time:355137ms step_avg:171.81ms
step:2068/4150 train_time:355368ms step_avg:171.84ms
step:2069/4150 train_time:355590ms step_avg:171.87ms
step:2070/4150 train_time:355821ms step_avg:171.89ms
step:2071/4150 train_time:356047ms step_avg:171.92ms
step:2072/4150 train_time:356278ms step_avg:171.95ms
step:2073/4150 train_time:356502ms step_avg:171.97ms
step:2074/4150 train_time:356733ms step_avg:172.00ms
step:2075/4150 train_time:356956ms step_avg:172.03ms
step:2076/4150 train_time:357188ms step_avg:172.06ms
step:2077/4150 train_time:357411ms step_avg:172.08ms
step:2078/4150 train_time:357641ms step_avg:172.11ms
step:2079/4150 train_time:357863ms step_avg:172.13ms
step:2080/4150 train_time:358096ms step_avg:172.16ms
step:2081/4150 train_time:358319ms step_avg:172.19ms
step:2082/4150 train_time:358550ms step_avg:172.21ms
step:2083/4150 train_time:358775ms step_avg:172.24ms
step:2084/4150 train_time:359006ms step_avg:172.27ms
step:2085/4150 train_time:359230ms step_avg:172.29ms
step:2086/4150 train_time:359460ms step_avg:172.32ms
step:2087/4150 train_time:359687ms step_avg:172.35ms
step:2088/4150 train_time:359918ms step_avg:172.37ms
step:2089/4150 train_time:360143ms step_avg:172.40ms
step:2090/4150 train_time:360376ms step_avg:172.43ms
step:2091/4150 train_time:360600ms step_avg:172.45ms
step:2092/4150 train_time:360829ms step_avg:172.48ms
step:2093/4150 train_time:361051ms step_avg:172.50ms
step:2094/4150 train_time:361283ms step_avg:172.53ms
step:2095/4150 train_time:361505ms step_avg:172.56ms
step:2096/4150 train_time:361737ms step_avg:172.58ms
step:2097/4150 train_time:361960ms step_avg:172.61ms
step:2098/4150 train_time:362189ms step_avg:172.64ms
step:2099/4150 train_time:362414ms step_avg:172.66ms
step:2100/4150 train_time:362646ms step_avg:172.69ms
step:2101/4150 train_time:362870ms step_avg:172.71ms
step:2102/4150 train_time:363101ms step_avg:172.74ms
step:2103/4150 train_time:363328ms step_avg:172.77ms
step:2104/4150 train_time:363558ms step_avg:172.79ms
step:2105/4150 train_time:363781ms step_avg:172.82ms
step:2106/4150 train_time:364011ms step_avg:172.84ms
step:2107/4150 train_time:364236ms step_avg:172.87ms
step:2108/4150 train_time:364466ms step_avg:172.90ms
step:2109/4150 train_time:364689ms step_avg:172.92ms
step:2110/4150 train_time:364922ms step_avg:172.95ms
step:2111/4150 train_time:365144ms step_avg:172.97ms
step:2112/4150 train_time:365374ms step_avg:173.00ms
step:2113/4150 train_time:365597ms step_avg:173.02ms
step:2114/4150 train_time:365828ms step_avg:173.05ms
step:2115/4150 train_time:366051ms step_avg:173.07ms
step:2116/4150 train_time:366280ms step_avg:173.10ms
step:2117/4150 train_time:366504ms step_avg:173.12ms
step:2118/4150 train_time:366738ms step_avg:173.15ms
step:2119/4150 train_time:366958ms step_avg:173.18ms
step:2120/4150 train_time:367187ms step_avg:173.20ms
step:2121/4150 train_time:367410ms step_avg:173.22ms
step:2122/4150 train_time:367640ms step_avg:173.25ms
step:2123/4150 train_time:367863ms step_avg:173.28ms
step:2124/4150 train_time:368096ms step_avg:173.30ms
step:2125/4150 train_time:368319ms step_avg:173.33ms
step:2126/4150 train_time:368552ms step_avg:173.35ms
step:2127/4150 train_time:368777ms step_avg:173.38ms
step:2128/4150 train_time:369006ms step_avg:173.40ms
step:2129/4150 train_time:369234ms step_avg:173.43ms
step:2130/4150 train_time:369463ms step_avg:173.46ms
step:2131/4150 train_time:369688ms step_avg:173.48ms
step:2132/4150 train_time:369918ms step_avg:173.51ms
step:2133/4150 train_time:370142ms step_avg:173.53ms
step:2134/4150 train_time:370373ms step_avg:173.56ms
step:2135/4150 train_time:370595ms step_avg:173.58ms
step:2136/4150 train_time:370828ms step_avg:173.61ms
step:2137/4150 train_time:371052ms step_avg:173.63ms
step:2138/4150 train_time:371281ms step_avg:173.66ms
step:2139/4150 train_time:371505ms step_avg:173.68ms
step:2140/4150 train_time:371740ms step_avg:173.71ms
step:2141/4150 train_time:371963ms step_avg:173.73ms
step:2142/4150 train_time:372193ms step_avg:173.76ms
step:2143/4150 train_time:372415ms step_avg:173.78ms
step:2144/4150 train_time:372646ms step_avg:173.81ms
step:2145/4150 train_time:372868ms step_avg:173.83ms
step:2146/4150 train_time:373105ms step_avg:173.86ms
step:2147/4150 train_time:373328ms step_avg:173.88ms
step:2148/4150 train_time:373558ms step_avg:173.91ms
step:2149/4150 train_time:373784ms step_avg:173.93ms
step:2150/4150 train_time:374019ms step_avg:173.96ms
step:2151/4150 train_time:374244ms step_avg:173.99ms
step:2152/4150 train_time:374474ms step_avg:174.01ms
step:2153/4150 train_time:374700ms step_avg:174.04ms
step:2154/4150 train_time:374932ms step_avg:174.06ms
step:2155/4150 train_time:375156ms step_avg:174.09ms
step:2156/4150 train_time:375385ms step_avg:174.11ms
step:2157/4150 train_time:375610ms step_avg:174.14ms
step:2158/4150 train_time:375841ms step_avg:174.16ms
step:2159/4150 train_time:376065ms step_avg:174.18ms
step:2160/4150 train_time:376298ms step_avg:174.21ms
step:2161/4150 train_time:376522ms step_avg:174.23ms
step:2162/4150 train_time:376754ms step_avg:174.26ms
step:2163/4150 train_time:376976ms step_avg:174.28ms
step:2164/4150 train_time:377208ms step_avg:174.31ms
step:2165/4150 train_time:377432ms step_avg:174.33ms
step:2166/4150 train_time:377661ms step_avg:174.36ms
step:2167/4150 train_time:377888ms step_avg:174.38ms
step:2168/4150 train_time:378122ms step_avg:174.41ms
step:2169/4150 train_time:378345ms step_avg:174.43ms
step:2170/4150 train_time:378577ms step_avg:174.46ms
step:2171/4150 train_time:378802ms step_avg:174.48ms
step:2172/4150 train_time:379032ms step_avg:174.51ms
step:2173/4150 train_time:379258ms step_avg:174.53ms
step:2174/4150 train_time:379490ms step_avg:174.56ms
step:2175/4150 train_time:379714ms step_avg:174.58ms
step:2176/4150 train_time:379949ms step_avg:174.61ms
step:2177/4150 train_time:380175ms step_avg:174.63ms
step:2178/4150 train_time:380406ms step_avg:174.66ms
step:2179/4150 train_time:380631ms step_avg:174.68ms
step:2180/4150 train_time:380862ms step_avg:174.71ms
step:2181/4150 train_time:381089ms step_avg:174.73ms
step:2182/4150 train_time:381317ms step_avg:174.76ms
step:2183/4150 train_time:381539ms step_avg:174.78ms
step:2184/4150 train_time:381769ms step_avg:174.80ms
step:2185/4150 train_time:381995ms step_avg:174.83ms
step:2186/4150 train_time:382223ms step_avg:174.85ms
step:2187/4150 train_time:382447ms step_avg:174.87ms
step:2188/4150 train_time:382679ms step_avg:174.90ms
step:2189/4150 train_time:382907ms step_avg:174.92ms
step:2190/4150 train_time:383136ms step_avg:174.95ms
step:2191/4150 train_time:383361ms step_avg:174.97ms
step:2192/4150 train_time:383592ms step_avg:175.00ms
step:2193/4150 train_time:383817ms step_avg:175.02ms
step:2194/4150 train_time:384047ms step_avg:175.04ms
step:2195/4150 train_time:384272ms step_avg:175.07ms
step:2196/4150 train_time:384505ms step_avg:175.09ms
step:2197/4150 train_time:384730ms step_avg:175.12ms
step:2198/4150 train_time:384961ms step_avg:175.14ms
step:2199/4150 train_time:385186ms step_avg:175.16ms
step:2200/4150 train_time:385418ms step_avg:175.19ms
step:2201/4150 train_time:385641ms step_avg:175.21ms
step:2202/4150 train_time:385869ms step_avg:175.24ms
step:2203/4150 train_time:386094ms step_avg:175.26ms
step:2204/4150 train_time:386324ms step_avg:175.28ms
step:2205/4150 train_time:386549ms step_avg:175.31ms
step:2206/4150 train_time:386780ms step_avg:175.33ms
step:2207/4150 train_time:387005ms step_avg:175.35ms
step:2208/4150 train_time:387238ms step_avg:175.38ms
step:2209/4150 train_time:387461ms step_avg:175.40ms
step:2210/4150 train_time:387695ms step_avg:175.43ms
step:2211/4150 train_time:387918ms step_avg:175.45ms
step:2212/4150 train_time:388151ms step_avg:175.48ms
step:2213/4150 train_time:388375ms step_avg:175.50ms
step:2214/4150 train_time:388608ms step_avg:175.52ms
step:2215/4150 train_time:388830ms step_avg:175.54ms
step:2216/4150 train_time:389059ms step_avg:175.57ms
step:2217/4150 train_time:389283ms step_avg:175.59ms
step:2218/4150 train_time:389513ms step_avg:175.61ms
step:2219/4150 train_time:389740ms step_avg:175.64ms
step:2220/4150 train_time:389969ms step_avg:175.66ms
step:2221/4150 train_time:390190ms step_avg:175.68ms
step:2222/4150 train_time:390419ms step_avg:175.71ms
step:2223/4150 train_time:390646ms step_avg:175.73ms
step:2224/4150 train_time:390874ms step_avg:175.75ms
step:2225/4150 train_time:391098ms step_avg:175.77ms
step:2226/4150 train_time:391330ms step_avg:175.80ms
step:2227/4150 train_time:391552ms step_avg:175.82ms
step:2228/4150 train_time:391784ms step_avg:175.85ms
step:2229/4150 train_time:392010ms step_avg:175.87ms
step:2230/4150 train_time:392241ms step_avg:175.89ms
step:2231/4150 train_time:392466ms step_avg:175.91ms
step:2232/4150 train_time:392698ms step_avg:175.94ms
step:2233/4150 train_time:392922ms step_avg:175.96ms
step:2234/4150 train_time:393155ms step_avg:175.99ms
step:2235/4150 train_time:393380ms step_avg:176.01ms
step:2236/4150 train_time:393615ms step_avg:176.04ms
step:2237/4150 train_time:393838ms step_avg:176.06ms
step:2238/4150 train_time:394070ms step_avg:176.08ms
step:2239/4150 train_time:394294ms step_avg:176.10ms
step:2240/4150 train_time:394527ms step_avg:176.13ms
step:2241/4150 train_time:394751ms step_avg:176.15ms
step:2242/4150 train_time:394981ms step_avg:176.17ms
step:2243/4150 train_time:395203ms step_avg:176.19ms
step:2244/4150 train_time:395437ms step_avg:176.22ms
step:2245/4150 train_time:395658ms step_avg:176.24ms
step:2246/4150 train_time:395890ms step_avg:176.26ms
step:2247/4150 train_time:396116ms step_avg:176.29ms
step:2248/4150 train_time:396348ms step_avg:176.31ms
step:2249/4150 train_time:396569ms step_avg:176.33ms
step:2250/4150 train_time:396800ms step_avg:176.36ms
step:2250/4150 val_loss:3.1401 train_time:397002ms step_avg:176.45ms
step:2251/4150 train_time:397038ms step_avg:176.38ms
step:2252/4150 train_time:397264ms step_avg:176.41ms
step:2253/4150 train_time:397492ms step_avg:176.43ms
step:2254/4150 train_time:397723ms step_avg:176.45ms
step:2255/4150 train_time:397943ms step_avg:176.47ms
step:2256/4150 train_time:398177ms step_avg:176.50ms
step:2257/4150 train_time:398402ms step_avg:176.52ms
step:2258/4150 train_time:398635ms step_avg:176.54ms
step:2259/4150 train_time:398856ms step_avg:176.56ms
step:2260/4150 train_time:399091ms step_avg:176.59ms
step:2261/4150 train_time:399315ms step_avg:176.61ms
step:2262/4150 train_time:399546ms step_avg:176.63ms
step:2263/4150 train_time:399765ms step_avg:176.65ms
step:2264/4150 train_time:399996ms step_avg:176.68ms
step:2265/4150 train_time:400222ms step_avg:176.70ms
step:2266/4150 train_time:400453ms step_avg:176.72ms
step:2267/4150 train_time:400679ms step_avg:176.74ms
step:2268/4150 train_time:400908ms step_avg:176.77ms
step:2269/4150 train_time:401134ms step_avg:176.79ms
step:2270/4150 train_time:401365ms step_avg:176.81ms
step:2271/4150 train_time:401591ms step_avg:176.83ms
step:2272/4150 train_time:401822ms step_avg:176.86ms
step:2273/4150 train_time:402043ms step_avg:176.88ms
step:2274/4150 train_time:402272ms step_avg:176.90ms
step:2275/4150 train_time:402498ms step_avg:176.92ms
step:2276/4150 train_time:402725ms step_avg:176.94ms
step:2277/4150 train_time:402946ms step_avg:176.96ms
step:2278/4150 train_time:403176ms step_avg:176.99ms
step:2279/4150 train_time:403399ms step_avg:177.01ms
step:2280/4150 train_time:403629ms step_avg:177.03ms
step:2281/4150 train_time:403854ms step_avg:177.05ms
step:2282/4150 train_time:404085ms step_avg:177.08ms
step:2283/4150 train_time:404310ms step_avg:177.10ms
step:2284/4150 train_time:404542ms step_avg:177.12ms
step:2285/4150 train_time:404765ms step_avg:177.14ms
step:2286/4150 train_time:404996ms step_avg:177.16ms
step:2287/4150 train_time:405222ms step_avg:177.18ms
step:2288/4150 train_time:405456ms step_avg:177.21ms
step:2289/4150 train_time:405679ms step_avg:177.23ms
step:2290/4150 train_time:405910ms step_avg:177.25ms
step:2291/4150 train_time:406136ms step_avg:177.27ms
step:2292/4150 train_time:406366ms step_avg:177.30ms
step:2293/4150 train_time:406591ms step_avg:177.32ms
step:2294/4150 train_time:406822ms step_avg:177.34ms
step:2295/4150 train_time:407048ms step_avg:177.36ms
step:2296/4150 train_time:407277ms step_avg:177.39ms
step:2297/4150 train_time:407498ms step_avg:177.40ms
step:2298/4150 train_time:407728ms step_avg:177.43ms
step:2299/4150 train_time:407953ms step_avg:177.45ms
step:2300/4150 train_time:408185ms step_avg:177.47ms
step:2301/4150 train_time:408407ms step_avg:177.49ms
step:2302/4150 train_time:408638ms step_avg:177.51ms
step:2303/4150 train_time:408864ms step_avg:177.54ms
step:2304/4150 train_time:409094ms step_avg:177.56ms
step:2305/4150 train_time:409320ms step_avg:177.58ms
step:2306/4150 train_time:409552ms step_avg:177.60ms
step:2307/4150 train_time:409775ms step_avg:177.62ms
step:2308/4150 train_time:410006ms step_avg:177.65ms
step:2309/4150 train_time:410231ms step_avg:177.67ms
step:2310/4150 train_time:410462ms step_avg:177.69ms
step:2311/4150 train_time:410687ms step_avg:177.71ms
step:2312/4150 train_time:410916ms step_avg:177.73ms
step:2313/4150 train_time:411140ms step_avg:177.75ms
step:2314/4150 train_time:411373ms step_avg:177.78ms
step:2315/4150 train_time:411596ms step_avg:177.80ms
step:2316/4150 train_time:411827ms step_avg:177.82ms
step:2317/4150 train_time:412050ms step_avg:177.84ms
step:2318/4150 train_time:412283ms step_avg:177.86ms
step:2319/4150 train_time:412505ms step_avg:177.88ms
step:2320/4150 train_time:412734ms step_avg:177.90ms
step:2321/4150 train_time:412958ms step_avg:177.92ms
step:2322/4150 train_time:413190ms step_avg:177.95ms
step:2323/4150 train_time:413414ms step_avg:177.97ms
step:2324/4150 train_time:413646ms step_avg:177.99ms
step:2325/4150 train_time:413870ms step_avg:178.01ms
step:2326/4150 train_time:414102ms step_avg:178.03ms
step:2327/4150 train_time:414327ms step_avg:178.05ms
step:2328/4150 train_time:414560ms step_avg:178.08ms
step:2329/4150 train_time:414788ms step_avg:178.10ms
step:2330/4150 train_time:415017ms step_avg:178.12ms
step:2331/4150 train_time:415243ms step_avg:178.14ms
step:2332/4150 train_time:415475ms step_avg:178.16ms
step:2333/4150 train_time:415702ms step_avg:178.18ms
step:2334/4150 train_time:415933ms step_avg:178.21ms
step:2335/4150 train_time:416157ms step_avg:178.23ms
step:2336/4150 train_time:416389ms step_avg:178.25ms
step:2337/4150 train_time:416614ms step_avg:178.27ms
step:2338/4150 train_time:416845ms step_avg:178.29ms
step:2339/4150 train_time:417066ms step_avg:178.31ms
step:2340/4150 train_time:417296ms step_avg:178.33ms
step:2341/4150 train_time:417520ms step_avg:178.35ms
step:2342/4150 train_time:417753ms step_avg:178.37ms
step:2343/4150 train_time:417975ms step_avg:178.39ms
step:2344/4150 train_time:418207ms step_avg:178.42ms
step:2345/4150 train_time:418430ms step_avg:178.44ms
step:2346/4150 train_time:418663ms step_avg:178.46ms
step:2347/4150 train_time:418888ms step_avg:178.48ms
step:2348/4150 train_time:419115ms step_avg:178.50ms
step:2349/4150 train_time:419338ms step_avg:178.52ms
step:2350/4150 train_time:419568ms step_avg:178.54ms
step:2351/4150 train_time:419793ms step_avg:178.56ms
step:2352/4150 train_time:420027ms step_avg:178.58ms
step:2353/4150 train_time:420251ms step_avg:178.60ms
step:2354/4150 train_time:420484ms step_avg:178.63ms
step:2355/4150 train_time:420709ms step_avg:178.65ms
step:2356/4150 train_time:420939ms step_avg:178.67ms
step:2357/4150 train_time:421162ms step_avg:178.69ms
step:2358/4150 train_time:421392ms step_avg:178.71ms
step:2359/4150 train_time:421616ms step_avg:178.73ms
step:2360/4150 train_time:421848ms step_avg:178.75ms
step:2361/4150 train_time:422071ms step_avg:178.77ms
step:2362/4150 train_time:422301ms step_avg:178.79ms
step:2363/4150 train_time:422523ms step_avg:178.81ms
step:2364/4150 train_time:422754ms step_avg:178.83ms
step:2365/4150 train_time:422978ms step_avg:178.85ms
step:2366/4150 train_time:423209ms step_avg:178.87ms
step:2367/4150 train_time:423433ms step_avg:178.89ms
step:2368/4150 train_time:423668ms step_avg:178.91ms
step:2369/4150 train_time:423893ms step_avg:178.93ms
step:2370/4150 train_time:424125ms step_avg:178.96ms
step:2371/4150 train_time:424347ms step_avg:178.97ms
step:2372/4150 train_time:424579ms step_avg:179.00ms
step:2373/4150 train_time:424806ms step_avg:179.02ms
step:2374/4150 train_time:425038ms step_avg:179.04ms
step:2375/4150 train_time:425262ms step_avg:179.06ms
step:2376/4150 train_time:425494ms step_avg:179.08ms
step:2377/4150 train_time:425718ms step_avg:179.10ms
step:2378/4150 train_time:425952ms step_avg:179.12ms
step:2379/4150 train_time:426177ms step_avg:179.14ms
step:2380/4150 train_time:426405ms step_avg:179.16ms
step:2381/4150 train_time:426631ms step_avg:179.18ms
step:2382/4150 train_time:426863ms step_avg:179.20ms
step:2383/4150 train_time:427092ms step_avg:179.22ms
step:2384/4150 train_time:427321ms step_avg:179.25ms
step:2385/4150 train_time:427544ms step_avg:179.26ms
step:2386/4150 train_time:427777ms step_avg:179.29ms
step:2387/4150 train_time:428000ms step_avg:179.30ms
step:2388/4150 train_time:428230ms step_avg:179.33ms
step:2389/4150 train_time:428457ms step_avg:179.35ms
step:2390/4150 train_time:428687ms step_avg:179.37ms
step:2391/4150 train_time:428911ms step_avg:179.39ms
step:2392/4150 train_time:429142ms step_avg:179.41ms
step:2393/4150 train_time:429366ms step_avg:179.43ms
step:2394/4150 train_time:429596ms step_avg:179.45ms
step:2395/4150 train_time:429822ms step_avg:179.47ms
step:2396/4150 train_time:430054ms step_avg:179.49ms
step:2397/4150 train_time:430276ms step_avg:179.51ms
step:2398/4150 train_time:430506ms step_avg:179.53ms
step:2399/4150 train_time:430729ms step_avg:179.55ms
step:2400/4150 train_time:430963ms step_avg:179.57ms
step:2401/4150 train_time:431186ms step_avg:179.59ms
step:2402/4150 train_time:431415ms step_avg:179.61ms
step:2403/4150 train_time:431638ms step_avg:179.62ms
step:2404/4150 train_time:431871ms step_avg:179.65ms
step:2405/4150 train_time:432096ms step_avg:179.67ms
step:2406/4150 train_time:432324ms step_avg:179.69ms
step:2407/4150 train_time:432545ms step_avg:179.70ms
step:2408/4150 train_time:432778ms step_avg:179.73ms
step:2409/4150 train_time:433005ms step_avg:179.74ms
step:2410/4150 train_time:433238ms step_avg:179.77ms
step:2411/4150 train_time:433462ms step_avg:179.79ms
step:2412/4150 train_time:433695ms step_avg:179.81ms
step:2413/4150 train_time:433920ms step_avg:179.83ms
step:2414/4150 train_time:434153ms step_avg:179.85ms
step:2415/4150 train_time:434377ms step_avg:179.87ms
step:2416/4150 train_time:434606ms step_avg:179.89ms
step:2417/4150 train_time:434830ms step_avg:179.90ms
step:2418/4150 train_time:435061ms step_avg:179.93ms
step:2419/4150 train_time:435285ms step_avg:179.94ms
step:2420/4150 train_time:435514ms step_avg:179.96ms
step:2421/4150 train_time:435739ms step_avg:179.98ms
step:2422/4150 train_time:435971ms step_avg:180.00ms
step:2423/4150 train_time:436197ms step_avg:180.02ms
step:2424/4150 train_time:436431ms step_avg:180.05ms
step:2425/4150 train_time:436658ms step_avg:180.07ms
step:2426/4150 train_time:436888ms step_avg:180.09ms
step:2427/4150 train_time:437113ms step_avg:180.10ms
step:2428/4150 train_time:437344ms step_avg:180.13ms
step:2429/4150 train_time:437569ms step_avg:180.14ms
step:2430/4150 train_time:437800ms step_avg:180.16ms
step:2431/4150 train_time:438025ms step_avg:180.18ms
step:2432/4150 train_time:438258ms step_avg:180.20ms
step:2433/4150 train_time:438487ms step_avg:180.22ms
step:2434/4150 train_time:438717ms step_avg:180.25ms
step:2435/4150 train_time:438943ms step_avg:180.26ms
step:2436/4150 train_time:439176ms step_avg:180.29ms
step:2437/4150 train_time:439399ms step_avg:180.30ms
step:2438/4150 train_time:439632ms step_avg:180.32ms
step:2439/4150 train_time:439856ms step_avg:180.34ms
step:2440/4150 train_time:440090ms step_avg:180.36ms
step:2441/4150 train_time:440314ms step_avg:180.38ms
step:2442/4150 train_time:440546ms step_avg:180.40ms
step:2443/4150 train_time:440771ms step_avg:180.42ms
step:2444/4150 train_time:441001ms step_avg:180.44ms
step:2445/4150 train_time:441225ms step_avg:180.46ms
step:2446/4150 train_time:441456ms step_avg:180.48ms
step:2447/4150 train_time:441679ms step_avg:180.50ms
step:2448/4150 train_time:441907ms step_avg:180.52ms
step:2449/4150 train_time:442134ms step_avg:180.54ms
step:2450/4150 train_time:442366ms step_avg:180.56ms
step:2451/4150 train_time:442590ms step_avg:180.58ms
step:2452/4150 train_time:442822ms step_avg:180.60ms
step:2453/4150 train_time:443046ms step_avg:180.61ms
step:2454/4150 train_time:443278ms step_avg:180.64ms
step:2455/4150 train_time:443504ms step_avg:180.65ms
step:2456/4150 train_time:443733ms step_avg:180.67ms
step:2457/4150 train_time:443960ms step_avg:180.69ms
step:2458/4150 train_time:444190ms step_avg:180.71ms
step:2459/4150 train_time:444415ms step_avg:180.73ms
step:2460/4150 train_time:444649ms step_avg:180.75ms
step:2461/4150 train_time:444875ms step_avg:180.77ms
step:2462/4150 train_time:445108ms step_avg:180.79ms
step:2463/4150 train_time:445332ms step_avg:180.81ms
step:2464/4150 train_time:445568ms step_avg:180.83ms
step:2465/4150 train_time:445796ms step_avg:180.85ms
step:2466/4150 train_time:446026ms step_avg:180.87ms
step:2467/4150 train_time:446251ms step_avg:180.89ms
step:2468/4150 train_time:446481ms step_avg:180.91ms
step:2469/4150 train_time:446709ms step_avg:180.93ms
step:2470/4150 train_time:446942ms step_avg:180.95ms
step:2471/4150 train_time:447165ms step_avg:180.97ms
step:2472/4150 train_time:447395ms step_avg:180.98ms
step:2473/4150 train_time:447617ms step_avg:181.00ms
step:2474/4150 train_time:447849ms step_avg:181.02ms
step:2475/4150 train_time:448075ms step_avg:181.04ms
step:2476/4150 train_time:448305ms step_avg:181.06ms
step:2477/4150 train_time:448527ms step_avg:181.08ms
step:2478/4150 train_time:448760ms step_avg:181.10ms
step:2479/4150 train_time:448986ms step_avg:181.12ms
step:2480/4150 train_time:449217ms step_avg:181.14ms
step:2481/4150 train_time:449438ms step_avg:181.15ms
step:2482/4150 train_time:449667ms step_avg:181.17ms
step:2483/4150 train_time:449894ms step_avg:181.19ms
step:2484/4150 train_time:450124ms step_avg:181.21ms
step:2485/4150 train_time:450349ms step_avg:181.23ms
step:2486/4150 train_time:450583ms step_avg:181.25ms
step:2487/4150 train_time:450807ms step_avg:181.27ms
step:2488/4150 train_time:451037ms step_avg:181.28ms
step:2489/4150 train_time:451262ms step_avg:181.30ms
step:2490/4150 train_time:451493ms step_avg:181.32ms
step:2491/4150 train_time:451719ms step_avg:181.34ms
step:2492/4150 train_time:451950ms step_avg:181.36ms
step:2493/4150 train_time:452173ms step_avg:181.38ms
step:2494/4150 train_time:452404ms step_avg:181.40ms
step:2495/4150 train_time:452629ms step_avg:181.41ms
step:2496/4150 train_time:452862ms step_avg:181.44ms
step:2497/4150 train_time:453087ms step_avg:181.45ms
step:2498/4150 train_time:453317ms step_avg:181.47ms
step:2499/4150 train_time:453540ms step_avg:181.49ms
step:2500/4150 train_time:453772ms step_avg:181.51ms
step:2500/4150 val_loss:3.1028 train_time:453975ms step_avg:181.59ms
step:2501/4150 train_time:454013ms step_avg:181.53ms
step:2502/4150 train_time:454239ms step_avg:181.55ms
step:2503/4150 train_time:454472ms step_avg:181.57ms
step:2504/4150 train_time:454699ms step_avg:181.59ms
step:2505/4150 train_time:454929ms step_avg:181.61ms
step:2506/4150 train_time:455162ms step_avg:181.63ms
step:2507/4150 train_time:455387ms step_avg:181.65ms
step:2508/4150 train_time:455620ms step_avg:181.67ms
step:2509/4150 train_time:455839ms step_avg:181.68ms
step:2510/4150 train_time:456075ms step_avg:181.70ms
step:2511/4150 train_time:456301ms step_avg:181.72ms
step:2512/4150 train_time:456532ms step_avg:181.74ms
step:2513/4150 train_time:456751ms step_avg:181.76ms
step:2514/4150 train_time:456987ms step_avg:181.78ms
step:2515/4150 train_time:457212ms step_avg:181.79ms
step:2516/4150 train_time:457444ms step_avg:181.81ms
step:2517/4150 train_time:457667ms step_avg:181.83ms
step:2518/4150 train_time:457897ms step_avg:181.85ms
step:2519/4150 train_time:458122ms step_avg:181.87ms
step:2520/4150 train_time:458352ms step_avg:181.89ms
step:2521/4150 train_time:458576ms step_avg:181.90ms
step:2522/4150 train_time:458807ms step_avg:181.92ms
step:2523/4150 train_time:459030ms step_avg:181.94ms
step:2524/4150 train_time:459262ms step_avg:181.96ms
step:2525/4150 train_time:459488ms step_avg:181.98ms
step:2526/4150 train_time:459721ms step_avg:182.00ms
step:2527/4150 train_time:459947ms step_avg:182.01ms
step:2528/4150 train_time:460178ms step_avg:182.03ms
step:2529/4150 train_time:460403ms step_avg:182.05ms
step:2530/4150 train_time:460632ms step_avg:182.07ms
step:2531/4150 train_time:460855ms step_avg:182.08ms
step:2532/4150 train_time:461087ms step_avg:182.10ms
step:2533/4150 train_time:461312ms step_avg:182.12ms
step:2534/4150 train_time:461543ms step_avg:182.14ms
step:2535/4150 train_time:461769ms step_avg:182.16ms
step:2536/4150 train_time:462003ms step_avg:182.18ms
step:2537/4150 train_time:462226ms step_avg:182.19ms
step:2538/4150 train_time:462458ms step_avg:182.21ms
step:2539/4150 train_time:462682ms step_avg:182.23ms
step:2540/4150 train_time:462915ms step_avg:182.25ms
step:2541/4150 train_time:463140ms step_avg:182.27ms
step:2542/4150 train_time:463373ms step_avg:182.29ms
step:2543/4150 train_time:463597ms step_avg:182.30ms
step:2544/4150 train_time:463827ms step_avg:182.32ms
step:2545/4150 train_time:464051ms step_avg:182.34ms
step:2546/4150 train_time:464284ms step_avg:182.36ms
step:2547/4150 train_time:464508ms step_avg:182.37ms
step:2548/4150 train_time:464743ms step_avg:182.40ms
step:2549/4150 train_time:464964ms step_avg:182.41ms
step:2550/4150 train_time:465193ms step_avg:182.43ms
step:2551/4150 train_time:465419ms step_avg:182.45ms
step:2552/4150 train_time:465648ms step_avg:182.46ms
step:2553/4150 train_time:465874ms step_avg:182.48ms
step:2554/4150 train_time:466104ms step_avg:182.50ms
step:2555/4150 train_time:466333ms step_avg:182.52ms
step:2556/4150 train_time:466563ms step_avg:182.54ms
step:2557/4150 train_time:466790ms step_avg:182.55ms
step:2558/4150 train_time:467019ms step_avg:182.57ms
step:2559/4150 train_time:467243ms step_avg:182.59ms
step:2560/4150 train_time:467478ms step_avg:182.61ms
step:2561/4150 train_time:467699ms step_avg:182.62ms
step:2562/4150 train_time:467929ms step_avg:182.64ms
step:2563/4150 train_time:468154ms step_avg:182.66ms
step:2564/4150 train_time:468386ms step_avg:182.68ms
step:2565/4150 train_time:468609ms step_avg:182.69ms
step:2566/4150 train_time:468839ms step_avg:182.71ms
step:2567/4150 train_time:469064ms step_avg:182.73ms
step:2568/4150 train_time:469296ms step_avg:182.75ms
step:2569/4150 train_time:469518ms step_avg:182.76ms
step:2570/4150 train_time:469748ms step_avg:182.78ms
step:2571/4150 train_time:469972ms step_avg:182.80ms
step:2572/4150 train_time:470204ms step_avg:182.82ms
step:2573/4150 train_time:470427ms step_avg:182.83ms
step:2574/4150 train_time:470660ms step_avg:182.85ms
step:2575/4150 train_time:470882ms step_avg:182.87ms
step:2576/4150 train_time:471115ms step_avg:182.89ms
step:2577/4150 train_time:471337ms step_avg:182.90ms
step:2578/4150 train_time:471573ms step_avg:182.92ms
step:2579/4150 train_time:471795ms step_avg:182.94ms
step:2580/4150 train_time:472025ms step_avg:182.96ms
step:2581/4150 train_time:472249ms step_avg:182.97ms
step:2582/4150 train_time:472481ms step_avg:182.99ms
step:2583/4150 train_time:472703ms step_avg:183.01ms
step:2584/4150 train_time:472935ms step_avg:183.02ms
step:2585/4150 train_time:473162ms step_avg:183.04ms
step:2586/4150 train_time:473393ms step_avg:183.06ms
step:2587/4150 train_time:473621ms step_avg:183.08ms
step:2588/4150 train_time:473850ms step_avg:183.09ms
step:2589/4150 train_time:474074ms step_avg:183.11ms
step:2590/4150 train_time:474304ms step_avg:183.13ms
step:2591/4150 train_time:474535ms step_avg:183.15ms
step:2592/4150 train_time:474765ms step_avg:183.17ms
step:2593/4150 train_time:474988ms step_avg:183.18ms
step:2594/4150 train_time:475219ms step_avg:183.20ms
step:2595/4150 train_time:475443ms step_avg:183.22ms
step:2596/4150 train_time:475674ms step_avg:183.23ms
step:2597/4150 train_time:475897ms step_avg:183.25ms
step:2598/4150 train_time:476125ms step_avg:183.27ms
step:2599/4150 train_time:476352ms step_avg:183.28ms
step:2600/4150 train_time:476583ms step_avg:183.30ms
step:2601/4150 train_time:476807ms step_avg:183.32ms
step:2602/4150 train_time:477037ms step_avg:183.33ms
step:2603/4150 train_time:477262ms step_avg:183.35ms
step:2604/4150 train_time:477494ms step_avg:183.37ms
step:2605/4150 train_time:477722ms step_avg:183.39ms
step:2606/4150 train_time:477954ms step_avg:183.41ms
step:2607/4150 train_time:478179ms step_avg:183.42ms
step:2608/4150 train_time:478412ms step_avg:183.44ms
step:2609/4150 train_time:478636ms step_avg:183.46ms
step:2610/4150 train_time:478866ms step_avg:183.47ms
step:2611/4150 train_time:479087ms step_avg:183.49ms
step:2612/4150 train_time:479318ms step_avg:183.51ms
step:2613/4150 train_time:479541ms step_avg:183.52ms
step:2614/4150 train_time:479774ms step_avg:183.54ms
step:2615/4150 train_time:479998ms step_avg:183.56ms
step:2616/4150 train_time:480231ms step_avg:183.57ms
step:2617/4150 train_time:480456ms step_avg:183.59ms
step:2618/4150 train_time:480686ms step_avg:183.61ms
step:2619/4150 train_time:480910ms step_avg:183.62ms
step:2620/4150 train_time:481138ms step_avg:183.64ms
step:2621/4150 train_time:481362ms step_avg:183.66ms
step:2622/4150 train_time:481592ms step_avg:183.67ms
step:2623/4150 train_time:481816ms step_avg:183.69ms
step:2624/4150 train_time:482048ms step_avg:183.71ms
step:2625/4150 train_time:482271ms step_avg:183.72ms
step:2626/4150 train_time:482504ms step_avg:183.74ms
step:2627/4150 train_time:482728ms step_avg:183.76ms
step:2628/4150 train_time:482959ms step_avg:183.77ms
step:2629/4150 train_time:483182ms step_avg:183.79ms
step:2630/4150 train_time:483417ms step_avg:183.81ms
step:2631/4150 train_time:483640ms step_avg:183.82ms
step:2632/4150 train_time:483871ms step_avg:183.84ms
step:2633/4150 train_time:484096ms step_avg:183.86ms
step:2634/4150 train_time:484328ms step_avg:183.88ms
step:2635/4150 train_time:484554ms step_avg:183.89ms
step:2636/4150 train_time:484786ms step_avg:183.91ms
step:2637/4150 train_time:485014ms step_avg:183.93ms
step:2638/4150 train_time:485243ms step_avg:183.94ms
step:2639/4150 train_time:485469ms step_avg:183.96ms
step:2640/4150 train_time:485700ms step_avg:183.98ms
step:2641/4150 train_time:485925ms step_avg:183.99ms
step:2642/4150 train_time:486156ms step_avg:184.01ms
step:2643/4150 train_time:486378ms step_avg:184.03ms
step:2644/4150 train_time:486609ms step_avg:184.04ms
step:2645/4150 train_time:486838ms step_avg:184.06ms
step:2646/4150 train_time:487065ms step_avg:184.08ms
step:2647/4150 train_time:487288ms step_avg:184.09ms
step:2648/4150 train_time:487521ms step_avg:184.11ms
step:2649/4150 train_time:487744ms step_avg:184.12ms
step:2650/4150 train_time:487974ms step_avg:184.14ms
step:2651/4150 train_time:488197ms step_avg:184.16ms
step:2652/4150 train_time:488433ms step_avg:184.18ms
step:2653/4150 train_time:488656ms step_avg:184.19ms
step:2654/4150 train_time:488889ms step_avg:184.21ms
step:2655/4150 train_time:489111ms step_avg:184.22ms
step:2656/4150 train_time:489345ms step_avg:184.24ms
step:2657/4150 train_time:489573ms step_avg:184.26ms
step:2658/4150 train_time:489804ms step_avg:184.28ms
step:2659/4150 train_time:490027ms step_avg:184.29ms
step:2660/4150 train_time:490259ms step_avg:184.31ms
step:2661/4150 train_time:490488ms step_avg:184.32ms
step:2662/4150 train_time:490718ms step_avg:184.34ms
step:2663/4150 train_time:490940ms step_avg:184.36ms
step:2664/4150 train_time:491169ms step_avg:184.37ms
step:2665/4150 train_time:491393ms step_avg:184.39ms
step:2666/4150 train_time:491627ms step_avg:184.41ms
step:2667/4150 train_time:491850ms step_avg:184.42ms
step:2668/4150 train_time:492079ms step_avg:184.44ms
step:2669/4150 train_time:492301ms step_avg:184.45ms
step:2670/4150 train_time:492535ms step_avg:184.47ms
step:2671/4150 train_time:492759ms step_avg:184.48ms
step:2672/4150 train_time:492991ms step_avg:184.50ms
step:2673/4150 train_time:493214ms step_avg:184.52ms
step:2674/4150 train_time:493445ms step_avg:184.53ms
step:2675/4150 train_time:493671ms step_avg:184.55ms
step:2676/4150 train_time:493904ms step_avg:184.57ms
step:2677/4150 train_time:494129ms step_avg:184.58ms
step:2678/4150 train_time:494359ms step_avg:184.60ms
step:2679/4150 train_time:494581ms step_avg:184.61ms
step:2680/4150 train_time:494814ms step_avg:184.63ms
step:2681/4150 train_time:495036ms step_avg:184.65ms
step:2682/4150 train_time:495265ms step_avg:184.66ms
step:2683/4150 train_time:495489ms step_avg:184.68ms
step:2684/4150 train_time:495722ms step_avg:184.70ms
step:2685/4150 train_time:495947ms step_avg:184.71ms
step:2686/4150 train_time:496180ms step_avg:184.73ms
step:2687/4150 train_time:496402ms step_avg:184.74ms
step:2688/4150 train_time:496635ms step_avg:184.76ms
step:2689/4150 train_time:496862ms step_avg:184.78ms
step:2690/4150 train_time:497094ms step_avg:184.79ms
step:2691/4150 train_time:497324ms step_avg:184.81ms
step:2692/4150 train_time:497554ms step_avg:184.83ms
step:2693/4150 train_time:497777ms step_avg:184.84ms
step:2694/4150 train_time:498009ms step_avg:184.86ms
step:2695/4150 train_time:498234ms step_avg:184.87ms
step:2696/4150 train_time:498467ms step_avg:184.89ms
step:2697/4150 train_time:498693ms step_avg:184.91ms
step:2698/4150 train_time:498927ms step_avg:184.92ms
step:2699/4150 train_time:499152ms step_avg:184.94ms
step:2700/4150 train_time:499384ms step_avg:184.96ms
step:2701/4150 train_time:499606ms step_avg:184.97ms
step:2702/4150 train_time:499837ms step_avg:184.99ms
step:2703/4150 train_time:500059ms step_avg:185.00ms
step:2704/4150 train_time:500294ms step_avg:185.02ms
step:2705/4150 train_time:500524ms step_avg:185.04ms
step:2706/4150 train_time:500755ms step_avg:185.05ms
step:2707/4150 train_time:500977ms step_avg:185.07ms
step:2708/4150 train_time:501206ms step_avg:185.08ms
step:2709/4150 train_time:501431ms step_avg:185.10ms
step:2710/4150 train_time:501662ms step_avg:185.12ms
step:2711/4150 train_time:501887ms step_avg:185.13ms
step:2712/4150 train_time:502119ms step_avg:185.15ms
step:2713/4150 train_time:502345ms step_avg:185.16ms
step:2714/4150 train_time:502577ms step_avg:185.18ms
step:2715/4150 train_time:502800ms step_avg:185.19ms
step:2716/4150 train_time:503034ms step_avg:185.21ms
step:2717/4150 train_time:503259ms step_avg:185.23ms
step:2718/4150 train_time:503489ms step_avg:185.24ms
step:2719/4150 train_time:503714ms step_avg:185.26ms
step:2720/4150 train_time:503942ms step_avg:185.27ms
step:2721/4150 train_time:504168ms step_avg:185.29ms
step:2722/4150 train_time:504399ms step_avg:185.30ms
step:2723/4150 train_time:504625ms step_avg:185.32ms
step:2724/4150 train_time:504854ms step_avg:185.34ms
step:2725/4150 train_time:505079ms step_avg:185.35ms
step:2726/4150 train_time:505310ms step_avg:185.37ms
step:2727/4150 train_time:505534ms step_avg:185.38ms
step:2728/4150 train_time:505766ms step_avg:185.40ms
step:2729/4150 train_time:505988ms step_avg:185.41ms
step:2730/4150 train_time:506221ms step_avg:185.43ms
step:2731/4150 train_time:506444ms step_avg:185.44ms
step:2732/4150 train_time:506674ms step_avg:185.46ms
step:2733/4150 train_time:506899ms step_avg:185.47ms
step:2734/4150 train_time:507131ms step_avg:185.49ms
step:2735/4150 train_time:507354ms step_avg:185.50ms
step:2736/4150 train_time:507586ms step_avg:185.52ms
step:2737/4150 train_time:507813ms step_avg:185.54ms
step:2738/4150 train_time:508046ms step_avg:185.55ms
step:2739/4150 train_time:508272ms step_avg:185.57ms
step:2740/4150 train_time:508504ms step_avg:185.59ms
step:2741/4150 train_time:508725ms step_avg:185.60ms
step:2742/4150 train_time:508955ms step_avg:185.61ms
step:2743/4150 train_time:509181ms step_avg:185.63ms
step:2744/4150 train_time:509414ms step_avg:185.65ms
step:2745/4150 train_time:509637ms step_avg:185.66ms
step:2746/4150 train_time:509867ms step_avg:185.68ms
step:2747/4150 train_time:510091ms step_avg:185.69ms
step:2748/4150 train_time:510325ms step_avg:185.71ms
step:2749/4150 train_time:510549ms step_avg:185.72ms
step:2750/4150 train_time:510781ms step_avg:185.74ms
step:2750/4150 val_loss:3.0701 train_time:510985ms step_avg:185.81ms
step:2751/4150 train_time:511028ms step_avg:185.76ms
step:2752/4150 train_time:511255ms step_avg:185.78ms
step:2753/4150 train_time:511484ms step_avg:185.79ms
step:2754/4150 train_time:511710ms step_avg:185.81ms
step:2755/4150 train_time:511933ms step_avg:185.82ms
step:2756/4150 train_time:512172ms step_avg:185.84ms
step:2757/4150 train_time:512398ms step_avg:185.85ms
step:2758/4150 train_time:512628ms step_avg:185.87ms
step:2759/4150 train_time:512851ms step_avg:185.88ms
step:2760/4150 train_time:513089ms step_avg:185.90ms
step:2761/4150 train_time:513313ms step_avg:185.92ms
step:2762/4150 train_time:513548ms step_avg:185.93ms
step:2763/4150 train_time:513772ms step_avg:185.95ms
step:2764/4150 train_time:514003ms step_avg:185.96ms
step:2765/4150 train_time:514230ms step_avg:185.98ms
step:2766/4150 train_time:514462ms step_avg:186.00ms
step:2767/4150 train_time:514688ms step_avg:186.01ms
step:2768/4150 train_time:514919ms step_avg:186.03ms
step:2769/4150 train_time:515150ms step_avg:186.04ms
step:2770/4150 train_time:515381ms step_avg:186.06ms
step:2771/4150 train_time:515605ms step_avg:186.07ms
step:2772/4150 train_time:515836ms step_avg:186.09ms
step:2773/4150 train_time:516062ms step_avg:186.10ms
step:2774/4150 train_time:516294ms step_avg:186.12ms
step:2775/4150 train_time:516519ms step_avg:186.13ms
step:2776/4150 train_time:516749ms step_avg:186.15ms
step:2777/4150 train_time:516975ms step_avg:186.16ms
step:2778/4150 train_time:517207ms step_avg:186.18ms
step:2779/4150 train_time:517435ms step_avg:186.19ms
step:2780/4150 train_time:517668ms step_avg:186.21ms
step:2781/4150 train_time:517896ms step_avg:186.23ms
step:2782/4150 train_time:518126ms step_avg:186.24ms
step:2783/4150 train_time:518354ms step_avg:186.26ms
step:2784/4150 train_time:518589ms step_avg:186.27ms
step:2785/4150 train_time:518812ms step_avg:186.29ms
step:2786/4150 train_time:519047ms step_avg:186.31ms
step:2787/4150 train_time:519270ms step_avg:186.32ms
step:2788/4150 train_time:519503ms step_avg:186.34ms
step:2789/4150 train_time:519728ms step_avg:186.35ms
step:2790/4150 train_time:519964ms step_avg:186.37ms
step:2791/4150 train_time:520187ms step_avg:186.38ms
step:2792/4150 train_time:520417ms step_avg:186.40ms
step:2793/4150 train_time:520641ms step_avg:186.41ms
step:2794/4150 train_time:520875ms step_avg:186.43ms
step:2795/4150 train_time:521100ms step_avg:186.44ms
step:2796/4150 train_time:521331ms step_avg:186.46ms
step:2797/4150 train_time:521557ms step_avg:186.47ms
step:2798/4150 train_time:521788ms step_avg:186.49ms
step:2799/4150 train_time:522015ms step_avg:186.50ms
step:2800/4150 train_time:522253ms step_avg:186.52ms
step:2801/4150 train_time:522479ms step_avg:186.53ms
step:2802/4150 train_time:522713ms step_avg:186.55ms
step:2803/4150 train_time:522938ms step_avg:186.56ms
step:2804/4150 train_time:523169ms step_avg:186.58ms
step:2805/4150 train_time:523393ms step_avg:186.59ms
step:2806/4150 train_time:523623ms step_avg:186.61ms
step:2807/4150 train_time:523850ms step_avg:186.62ms
step:2808/4150 train_time:524081ms step_avg:186.64ms
step:2809/4150 train_time:524307ms step_avg:186.65ms
step:2810/4150 train_time:524538ms step_avg:186.67ms
step:2811/4150 train_time:524764ms step_avg:186.68ms
step:2812/4150 train_time:524993ms step_avg:186.70ms
step:2813/4150 train_time:525218ms step_avg:186.71ms
step:2814/4150 train_time:525451ms step_avg:186.73ms
step:2815/4150 train_time:525675ms step_avg:186.74ms
step:2816/4150 train_time:525907ms step_avg:186.76ms
step:2817/4150 train_time:526133ms step_avg:186.77ms
step:2818/4150 train_time:526367ms step_avg:186.79ms
step:2819/4150 train_time:526590ms step_avg:186.80ms
step:2820/4150 train_time:526823ms step_avg:186.82ms
step:2821/4150 train_time:527048ms step_avg:186.83ms
step:2822/4150 train_time:527280ms step_avg:186.85ms
step:2823/4150 train_time:527506ms step_avg:186.86ms
step:2824/4150 train_time:527741ms step_avg:186.88ms
step:2825/4150 train_time:527967ms step_avg:186.89ms
step:2826/4150 train_time:528199ms step_avg:186.91ms
step:2827/4150 train_time:528425ms step_avg:186.92ms
step:2828/4150 train_time:528660ms step_avg:186.94ms
step:2829/4150 train_time:528881ms step_avg:186.95ms
step:2830/4150 train_time:529115ms step_avg:186.97ms
step:2831/4150 train_time:529338ms step_avg:186.98ms
step:2832/4150 train_time:529570ms step_avg:187.00ms
step:2833/4150 train_time:529797ms step_avg:187.01ms
step:2834/4150 train_time:530028ms step_avg:187.02ms
step:2835/4150 train_time:530252ms step_avg:187.04ms
step:2836/4150 train_time:530485ms step_avg:187.05ms
step:2837/4150 train_time:530709ms step_avg:187.07ms
step:2838/4150 train_time:530941ms step_avg:187.08ms
step:2839/4150 train_time:531167ms step_avg:187.10ms
step:2840/4150 train_time:531399ms step_avg:187.11ms
step:2841/4150 train_time:531625ms step_avg:187.13ms
step:2842/4150 train_time:531856ms step_avg:187.14ms
step:2843/4150 train_time:532083ms step_avg:187.16ms
step:2844/4150 train_time:532316ms step_avg:187.17ms
step:2845/4150 train_time:532538ms step_avg:187.18ms
step:2846/4150 train_time:532770ms step_avg:187.20ms
step:2847/4150 train_time:532996ms step_avg:187.21ms
step:2848/4150 train_time:533231ms step_avg:187.23ms
step:2849/4150 train_time:533454ms step_avg:187.24ms
step:2850/4150 train_time:533688ms step_avg:187.26ms
step:2851/4150 train_time:533914ms step_avg:187.27ms
step:2852/4150 train_time:534145ms step_avg:187.29ms
step:2853/4150 train_time:534369ms step_avg:187.30ms
step:2854/4150 train_time:534600ms step_avg:187.32ms
step:2855/4150 train_time:534825ms step_avg:187.33ms
step:2856/4150 train_time:535059ms step_avg:187.35ms
step:2857/4150 train_time:535285ms step_avg:187.36ms
step:2858/4150 train_time:535521ms step_avg:187.38ms
step:2859/4150 train_time:535747ms step_avg:187.39ms
step:2860/4150 train_time:535978ms step_avg:187.40ms
step:2861/4150 train_time:536203ms step_avg:187.42ms
step:2862/4150 train_time:536437ms step_avg:187.43ms
step:2863/4150 train_time:536658ms step_avg:187.45ms
step:2864/4150 train_time:536890ms step_avg:187.46ms
step:2865/4150 train_time:537115ms step_avg:187.47ms
step:2866/4150 train_time:537347ms step_avg:187.49ms
step:2867/4150 train_time:537574ms step_avg:187.50ms
step:2868/4150 train_time:537805ms step_avg:187.52ms
step:2869/4150 train_time:538031ms step_avg:187.53ms
step:2870/4150 train_time:538263ms step_avg:187.55ms
step:2871/4150 train_time:538489ms step_avg:187.56ms
step:2872/4150 train_time:538721ms step_avg:187.58ms
step:2873/4150 train_time:538944ms step_avg:187.59ms
step:2874/4150 train_time:539175ms step_avg:187.60ms
step:2875/4150 train_time:539399ms step_avg:187.62ms
step:2876/4150 train_time:539629ms step_avg:187.63ms
step:2877/4150 train_time:539859ms step_avg:187.65ms
step:2878/4150 train_time:540090ms step_avg:187.66ms
step:2879/4150 train_time:540313ms step_avg:187.67ms
step:2880/4150 train_time:540546ms step_avg:187.69ms
step:2881/4150 train_time:540770ms step_avg:187.70ms
step:2882/4150 train_time:541003ms step_avg:187.72ms
step:2883/4150 train_time:541225ms step_avg:187.73ms
step:2884/4150 train_time:541457ms step_avg:187.75ms
step:2885/4150 train_time:541681ms step_avg:187.76ms
step:2886/4150 train_time:541914ms step_avg:187.77ms
step:2887/4150 train_time:542137ms step_avg:187.79ms
step:2888/4150 train_time:542370ms step_avg:187.80ms
step:2889/4150 train_time:542593ms step_avg:187.81ms
step:2890/4150 train_time:542824ms step_avg:187.83ms
step:2891/4150 train_time:543052ms step_avg:187.84ms
step:2892/4150 train_time:543289ms step_avg:187.86ms
step:2893/4150 train_time:543515ms step_avg:187.87ms
step:2894/4150 train_time:543744ms step_avg:187.89ms
step:2895/4150 train_time:543967ms step_avg:187.90ms
step:2896/4150 train_time:544201ms step_avg:187.91ms
step:2897/4150 train_time:544427ms step_avg:187.93ms
step:2898/4150 train_time:544659ms step_avg:187.94ms
step:2899/4150 train_time:544886ms step_avg:187.96ms
step:2900/4150 train_time:545120ms step_avg:187.97ms
step:2901/4150 train_time:545341ms step_avg:187.98ms
step:2902/4150 train_time:545576ms step_avg:188.00ms
step:2903/4150 train_time:545798ms step_avg:188.01ms
step:2904/4150 train_time:546030ms step_avg:188.03ms
step:2905/4150 train_time:546256ms step_avg:188.04ms
step:2906/4150 train_time:546489ms step_avg:188.06ms
step:2907/4150 train_time:546712ms step_avg:188.07ms
step:2908/4150 train_time:546944ms step_avg:188.08ms
step:2909/4150 train_time:547169ms step_avg:188.10ms
step:2910/4150 train_time:547403ms step_avg:188.11ms
step:2911/4150 train_time:547630ms step_avg:188.12ms
step:2912/4150 train_time:547862ms step_avg:188.14ms
step:2913/4150 train_time:548086ms step_avg:188.15ms
step:2914/4150 train_time:548317ms step_avg:188.17ms
step:2915/4150 train_time:548543ms step_avg:188.18ms
step:2916/4150 train_time:548777ms step_avg:188.20ms
step:2917/4150 train_time:548998ms step_avg:188.21ms
step:2918/4150 train_time:549233ms step_avg:188.22ms
step:2919/4150 train_time:549459ms step_avg:188.24ms
step:2920/4150 train_time:549689ms step_avg:188.25ms
step:2921/4150 train_time:549912ms step_avg:188.26ms
step:2922/4150 train_time:550142ms step_avg:188.28ms
step:2923/4150 train_time:550366ms step_avg:188.29ms
step:2924/4150 train_time:550599ms step_avg:188.30ms
step:2925/4150 train_time:550821ms step_avg:188.31ms
step:2926/4150 train_time:551051ms step_avg:188.33ms
step:2927/4150 train_time:551276ms step_avg:188.34ms
step:2928/4150 train_time:551506ms step_avg:188.36ms
step:2929/4150 train_time:551730ms step_avg:188.37ms
step:2930/4150 train_time:551960ms step_avg:188.38ms
step:2931/4150 train_time:552184ms step_avg:188.39ms
step:2932/4150 train_time:552417ms step_avg:188.41ms
step:2933/4150 train_time:552641ms step_avg:188.42ms
step:2934/4150 train_time:552875ms step_avg:188.44ms
step:2935/4150 train_time:553100ms step_avg:188.45ms
step:2936/4150 train_time:553332ms step_avg:188.46ms
step:2937/4150 train_time:553561ms step_avg:188.48ms
step:2938/4150 train_time:553793ms step_avg:188.49ms
step:2939/4150 train_time:554016ms step_avg:188.51ms
step:2940/4150 train_time:554247ms step_avg:188.52ms
step:2941/4150 train_time:554474ms step_avg:188.53ms
step:2942/4150 train_time:554708ms step_avg:188.55ms
step:2943/4150 train_time:554932ms step_avg:188.56ms
step:2944/4150 train_time:555162ms step_avg:188.57ms
step:2945/4150 train_time:555385ms step_avg:188.59ms
step:2946/4150 train_time:555620ms step_avg:188.60ms
step:2947/4150 train_time:555845ms step_avg:188.61ms
step:2948/4150 train_time:556078ms step_avg:188.63ms
step:2949/4150 train_time:556302ms step_avg:188.64ms
step:2950/4150 train_time:556532ms step_avg:188.66ms
step:2951/4150 train_time:556759ms step_avg:188.67ms
step:2952/4150 train_time:556991ms step_avg:188.68ms
step:2953/4150 train_time:557217ms step_avg:188.70ms
step:2954/4150 train_time:557452ms step_avg:188.71ms
step:2955/4150 train_time:557679ms step_avg:188.72ms
step:2956/4150 train_time:557910ms step_avg:188.74ms
step:2957/4150 train_time:558135ms step_avg:188.75ms
step:2958/4150 train_time:558370ms step_avg:188.77ms
step:2959/4150 train_time:558598ms step_avg:188.78ms
step:2960/4150 train_time:558827ms step_avg:188.79ms
step:2961/4150 train_time:559053ms step_avg:188.81ms
step:2962/4150 train_time:559285ms step_avg:188.82ms
step:2963/4150 train_time:559508ms step_avg:188.83ms
step:2964/4150 train_time:559742ms step_avg:188.85ms
step:2965/4150 train_time:559970ms step_avg:188.86ms
step:2966/4150 train_time:560200ms step_avg:188.87ms
step:2967/4150 train_time:560425ms step_avg:188.89ms
step:2968/4150 train_time:560659ms step_avg:188.90ms
step:2969/4150 train_time:560885ms step_avg:188.91ms
step:2970/4150 train_time:561116ms step_avg:188.93ms
step:2971/4150 train_time:561337ms step_avg:188.94ms
step:2972/4150 train_time:561570ms step_avg:188.95ms
step:2973/4150 train_time:561794ms step_avg:188.97ms
step:2974/4150 train_time:562030ms step_avg:188.98ms
step:2975/4150 train_time:562258ms step_avg:188.99ms
step:2976/4150 train_time:562488ms step_avg:189.01ms
step:2977/4150 train_time:562711ms step_avg:189.02ms
step:2978/4150 train_time:562943ms step_avg:189.03ms
step:2979/4150 train_time:563168ms step_avg:189.05ms
step:2980/4150 train_time:563401ms step_avg:189.06ms
step:2981/4150 train_time:563625ms step_avg:189.07ms
step:2982/4150 train_time:563856ms step_avg:189.09ms
step:2983/4150 train_time:564082ms step_avg:189.10ms
step:2984/4150 train_time:564316ms step_avg:189.11ms
step:2985/4150 train_time:564541ms step_avg:189.13ms
step:2986/4150 train_time:564772ms step_avg:189.14ms
step:2987/4150 train_time:564998ms step_avg:189.15ms
step:2988/4150 train_time:565227ms step_avg:189.17ms
step:2989/4150 train_time:565452ms step_avg:189.18ms
step:2990/4150 train_time:565681ms step_avg:189.19ms
step:2991/4150 train_time:565909ms step_avg:189.20ms
step:2992/4150 train_time:566140ms step_avg:189.22ms
step:2993/4150 train_time:566365ms step_avg:189.23ms
step:2994/4150 train_time:566595ms step_avg:189.24ms
step:2995/4150 train_time:566820ms step_avg:189.26ms
step:2996/4150 train_time:567050ms step_avg:189.27ms
step:2997/4150 train_time:567274ms step_avg:189.28ms
step:2998/4150 train_time:567508ms step_avg:189.30ms
step:2999/4150 train_time:567732ms step_avg:189.31ms
step:3000/4150 train_time:567963ms step_avg:189.32ms
step:3000/4150 val_loss:3.0386 train_time:568167ms step_avg:189.39ms
step:3001/4150 train_time:568206ms step_avg:189.34ms
step:3002/4150 train_time:568431ms step_avg:189.35ms
step:3003/4150 train_time:568661ms step_avg:189.36ms
step:3004/4150 train_time:568893ms step_avg:189.38ms
step:3005/4150 train_time:569117ms step_avg:189.39ms
step:3006/4150 train_time:569352ms step_avg:189.41ms
step:3007/4150 train_time:569581ms step_avg:189.42ms
step:3008/4150 train_time:569810ms step_avg:189.43ms
step:3009/4150 train_time:570034ms step_avg:189.44ms
step:3010/4150 train_time:570267ms step_avg:189.46ms
step:3011/4150 train_time:570494ms step_avg:189.47ms
step:3012/4150 train_time:570724ms step_avg:189.48ms
step:3013/4150 train_time:570948ms step_avg:189.49ms
step:3014/4150 train_time:571178ms step_avg:189.51ms
step:3015/4150 train_time:571403ms step_avg:189.52ms
step:3016/4150 train_time:571637ms step_avg:189.53ms
step:3017/4150 train_time:571860ms step_avg:189.55ms
step:3018/4150 train_time:572092ms step_avg:189.56ms
step:3019/4150 train_time:572317ms step_avg:189.57ms
step:3020/4150 train_time:572548ms step_avg:189.59ms
step:3021/4150 train_time:572774ms step_avg:189.60ms
step:3022/4150 train_time:573005ms step_avg:189.61ms
step:3023/4150 train_time:573228ms step_avg:189.62ms
step:3024/4150 train_time:573462ms step_avg:189.64ms
step:3025/4150 train_time:573687ms step_avg:189.65ms
step:3026/4150 train_time:573920ms step_avg:189.66ms
step:3027/4150 train_time:574144ms step_avg:189.67ms
step:3028/4150 train_time:574376ms step_avg:189.69ms
step:3029/4150 train_time:574604ms step_avg:189.70ms
step:3030/4150 train_time:574837ms step_avg:189.72ms
step:3031/4150 train_time:575062ms step_avg:189.73ms
step:3032/4150 train_time:575294ms step_avg:189.74ms
step:3033/4150 train_time:575523ms step_avg:189.75ms
step:3034/4150 train_time:575756ms step_avg:189.77ms
step:3035/4150 train_time:575980ms step_avg:189.78ms
step:3036/4150 train_time:576212ms step_avg:189.79ms
step:3037/4150 train_time:576440ms step_avg:189.81ms
step:3038/4150 train_time:576674ms step_avg:189.82ms
step:3039/4150 train_time:576901ms step_avg:189.83ms
step:3040/4150 train_time:577132ms step_avg:189.85ms
step:3041/4150 train_time:577355ms step_avg:189.86ms
step:3042/4150 train_time:577588ms step_avg:189.87ms
step:3043/4150 train_time:577814ms step_avg:189.88ms
step:3044/4150 train_time:578046ms step_avg:189.90ms
step:3045/4150 train_time:578270ms step_avg:189.91ms
step:3046/4150 train_time:578501ms step_avg:189.92ms
step:3047/4150 train_time:578729ms step_avg:189.93ms
step:3048/4150 train_time:578961ms step_avg:189.95ms
step:3049/4150 train_time:579183ms step_avg:189.96ms
step:3050/4150 train_time:579413ms step_avg:189.97ms
step:3051/4150 train_time:579640ms step_avg:189.98ms
step:3052/4150 train_time:579872ms step_avg:190.00ms
step:3053/4150 train_time:580096ms step_avg:190.01ms
step:3054/4150 train_time:580329ms step_avg:190.02ms
step:3055/4150 train_time:580553ms step_avg:190.03ms
step:3056/4150 train_time:580788ms step_avg:190.05ms
step:3057/4150 train_time:581015ms step_avg:190.06ms
step:3058/4150 train_time:581245ms step_avg:190.07ms
step:3059/4150 train_time:581472ms step_avg:190.09ms
step:3060/4150 train_time:581707ms step_avg:190.10ms
step:3061/4150 train_time:581931ms step_avg:190.11ms
step:3062/4150 train_time:582163ms step_avg:190.12ms
step:3063/4150 train_time:582388ms step_avg:190.14ms
step:3064/4150 train_time:582620ms step_avg:190.15ms
step:3065/4150 train_time:582844ms step_avg:190.16ms
step:3066/4150 train_time:583076ms step_avg:190.17ms
step:3067/4150 train_time:583304ms step_avg:190.19ms
step:3068/4150 train_time:583535ms step_avg:190.20ms
step:3069/4150 train_time:583764ms step_avg:190.21ms
step:3070/4150 train_time:583997ms step_avg:190.23ms
step:3071/4150 train_time:584225ms step_avg:190.24ms
step:3072/4150 train_time:584454ms step_avg:190.25ms
step:3073/4150 train_time:584675ms step_avg:190.26ms
step:3074/4150 train_time:584908ms step_avg:190.28ms
step:3075/4150 train_time:585135ms step_avg:190.29ms
step:3076/4150 train_time:585364ms step_avg:190.30ms
step:3077/4150 train_time:585593ms step_avg:190.31ms
step:3078/4150 train_time:585821ms step_avg:190.33ms
step:3079/4150 train_time:586047ms step_avg:190.34ms
step:3080/4150 train_time:586280ms step_avg:190.35ms
step:3081/4150 train_time:586504ms step_avg:190.36ms
step:3082/4150 train_time:586737ms step_avg:190.38ms
step:3083/4150 train_time:586961ms step_avg:190.39ms
step:3084/4150 train_time:587196ms step_avg:190.40ms
step:3085/4150 train_time:587420ms step_avg:190.41ms
step:3086/4150 train_time:587653ms step_avg:190.43ms
step:3087/4150 train_time:587876ms step_avg:190.44ms
step:3088/4150 train_time:588106ms step_avg:190.45ms
step:3089/4150 train_time:588332ms step_avg:190.46ms
step:3090/4150 train_time:588564ms step_avg:190.47ms
step:3091/4150 train_time:588790ms step_avg:190.49ms
step:3092/4150 train_time:589020ms step_avg:190.50ms
step:3093/4150 train_time:589246ms step_avg:190.51ms
step:3094/4150 train_time:589477ms step_avg:190.52ms
step:3095/4150 train_time:589701ms step_avg:190.53ms
step:3096/4150 train_time:589933ms step_avg:190.55ms
step:3097/4150 train_time:590158ms step_avg:190.56ms
step:3098/4150 train_time:590388ms step_avg:190.57ms
step:3099/4150 train_time:590612ms step_avg:190.58ms
step:3100/4150 train_time:590845ms step_avg:190.60ms
step:3101/4150 train_time:591071ms step_avg:190.61ms
step:3102/4150 train_time:591305ms step_avg:190.62ms
step:3103/4150 train_time:591532ms step_avg:190.63ms
step:3104/4150 train_time:591763ms step_avg:190.65ms
step:3105/4150 train_time:591987ms step_avg:190.66ms
step:3106/4150 train_time:592217ms step_avg:190.67ms
step:3107/4150 train_time:592443ms step_avg:190.68ms
step:3108/4150 train_time:592676ms step_avg:190.69ms
step:3109/4150 train_time:592905ms step_avg:190.71ms
step:3110/4150 train_time:593137ms step_avg:190.72ms
step:3111/4150 train_time:593362ms step_avg:190.73ms
step:3112/4150 train_time:593597ms step_avg:190.74ms
step:3113/4150 train_time:593822ms step_avg:190.76ms
step:3114/4150 train_time:594054ms step_avg:190.77ms
step:3115/4150 train_time:594281ms step_avg:190.78ms
step:3116/4150 train_time:594513ms step_avg:190.79ms
step:3117/4150 train_time:594737ms step_avg:190.80ms
step:3118/4150 train_time:594974ms step_avg:190.82ms
step:3119/4150 train_time:595198ms step_avg:190.83ms
step:3120/4150 train_time:595430ms step_avg:190.84ms
step:3121/4150 train_time:595654ms step_avg:190.85ms
step:3122/4150 train_time:595885ms step_avg:190.87ms
step:3123/4150 train_time:596111ms step_avg:190.88ms
step:3124/4150 train_time:596343ms step_avg:190.89ms
step:3125/4150 train_time:596571ms step_avg:190.90ms
step:3126/4150 train_time:596802ms step_avg:190.92ms
step:3127/4150 train_time:597025ms step_avg:190.93ms
step:3128/4150 train_time:597260ms step_avg:190.94ms
step:3129/4150 train_time:597484ms step_avg:190.95ms
step:3130/4150 train_time:597720ms step_avg:190.96ms
step:3131/4150 train_time:597942ms step_avg:190.97ms
step:3132/4150 train_time:598177ms step_avg:190.99ms
step:3133/4150 train_time:598400ms step_avg:191.00ms
step:3134/4150 train_time:598633ms step_avg:191.01ms
step:3135/4150 train_time:598859ms step_avg:191.02ms
step:3136/4150 train_time:599093ms step_avg:191.04ms
step:3137/4150 train_time:599316ms step_avg:191.05ms
step:3138/4150 train_time:599547ms step_avg:191.06ms
step:3139/4150 train_time:599773ms step_avg:191.07ms
step:3140/4150 train_time:600004ms step_avg:191.08ms
step:3141/4150 train_time:600230ms step_avg:191.10ms
step:3142/4150 train_time:600464ms step_avg:191.11ms
step:3143/4150 train_time:600692ms step_avg:191.12ms
step:3144/4150 train_time:600924ms step_avg:191.13ms
step:3145/4150 train_time:601150ms step_avg:191.14ms
step:3146/4150 train_time:601384ms step_avg:191.16ms
step:3147/4150 train_time:601609ms step_avg:191.17ms
step:3148/4150 train_time:601842ms step_avg:191.18ms
step:3149/4150 train_time:602069ms step_avg:191.19ms
step:3150/4150 train_time:602303ms step_avg:191.21ms
step:3151/4150 train_time:602531ms step_avg:191.22ms
step:3152/4150 train_time:602764ms step_avg:191.23ms
step:3153/4150 train_time:602991ms step_avg:191.24ms
step:3154/4150 train_time:603226ms step_avg:191.26ms
step:3155/4150 train_time:603454ms step_avg:191.27ms
step:3156/4150 train_time:603684ms step_avg:191.28ms
step:3157/4150 train_time:603913ms step_avg:191.29ms
step:3158/4150 train_time:604145ms step_avg:191.31ms
step:3159/4150 train_time:604370ms step_avg:191.32ms
step:3160/4150 train_time:604602ms step_avg:191.33ms
step:3161/4150 train_time:604827ms step_avg:191.34ms
step:3162/4150 train_time:605061ms step_avg:191.35ms
step:3163/4150 train_time:605285ms step_avg:191.36ms
step:3164/4150 train_time:605518ms step_avg:191.38ms
step:3165/4150 train_time:605745ms step_avg:191.39ms
step:3166/4150 train_time:605978ms step_avg:191.40ms
step:3167/4150 train_time:606204ms step_avg:191.41ms
step:3168/4150 train_time:606434ms step_avg:191.42ms
step:3169/4150 train_time:606662ms step_avg:191.44ms
step:3170/4150 train_time:606896ms step_avg:191.45ms
step:3171/4150 train_time:607122ms step_avg:191.46ms
step:3172/4150 train_time:607352ms step_avg:191.47ms
step:3173/4150 train_time:607578ms step_avg:191.48ms
step:3174/4150 train_time:607809ms step_avg:191.50ms
step:3175/4150 train_time:608034ms step_avg:191.51ms
step:3176/4150 train_time:608266ms step_avg:191.52ms
step:3177/4150 train_time:608490ms step_avg:191.53ms
step:3178/4150 train_time:608720ms step_avg:191.54ms
step:3179/4150 train_time:608949ms step_avg:191.55ms
step:3180/4150 train_time:609185ms step_avg:191.57ms
step:3181/4150 train_time:609409ms step_avg:191.58ms
step:3182/4150 train_time:609639ms step_avg:191.59ms
step:3183/4150 train_time:609865ms step_avg:191.60ms
step:3184/4150 train_time:610100ms step_avg:191.61ms
step:3185/4150 train_time:610328ms step_avg:191.63ms
step:3186/4150 train_time:610560ms step_avg:191.64ms
step:3187/4150 train_time:610787ms step_avg:191.65ms
step:3188/4150 train_time:611021ms step_avg:191.66ms
step:3189/4150 train_time:611246ms step_avg:191.67ms
step:3190/4150 train_time:611476ms step_avg:191.69ms
step:3191/4150 train_time:611701ms step_avg:191.70ms
step:3192/4150 train_time:611933ms step_avg:191.71ms
step:3193/4150 train_time:612159ms step_avg:191.72ms
step:3194/4150 train_time:612390ms step_avg:191.73ms
step:3195/4150 train_time:612614ms step_avg:191.74ms
step:3196/4150 train_time:612848ms step_avg:191.75ms
step:3197/4150 train_time:613073ms step_avg:191.77ms
step:3198/4150 train_time:613305ms step_avg:191.78ms
step:3199/4150 train_time:613532ms step_avg:191.79ms
step:3200/4150 train_time:613761ms step_avg:191.80ms
step:3201/4150 train_time:613986ms step_avg:191.81ms
step:3202/4150 train_time:614218ms step_avg:191.82ms
step:3203/4150 train_time:614443ms step_avg:191.83ms
step:3204/4150 train_time:614673ms step_avg:191.85ms
step:3205/4150 train_time:614900ms step_avg:191.86ms
step:3206/4150 train_time:615132ms step_avg:191.87ms
step:3207/4150 train_time:615352ms step_avg:191.88ms
step:3208/4150 train_time:615585ms step_avg:191.89ms
step:3209/4150 train_time:615810ms step_avg:191.90ms
step:3210/4150 train_time:616042ms step_avg:191.91ms
step:3211/4150 train_time:616268ms step_avg:191.92ms
step:3212/4150 train_time:616505ms step_avg:191.94ms
step:3213/4150 train_time:616730ms step_avg:191.95ms
step:3214/4150 train_time:616964ms step_avg:191.96ms
step:3215/4150 train_time:617186ms step_avg:191.97ms
step:3216/4150 train_time:617418ms step_avg:191.98ms
step:3217/4150 train_time:617643ms step_avg:191.99ms
step:3218/4150 train_time:617876ms step_avg:192.01ms
step:3219/4150 train_time:618100ms step_avg:192.02ms
step:3220/4150 train_time:618334ms step_avg:192.03ms
step:3221/4150 train_time:618558ms step_avg:192.04ms
step:3222/4150 train_time:618791ms step_avg:192.05ms
step:3223/4150 train_time:619013ms step_avg:192.06ms
step:3224/4150 train_time:619244ms step_avg:192.07ms
step:3225/4150 train_time:619469ms step_avg:192.08ms
step:3226/4150 train_time:619703ms step_avg:192.10ms
step:3227/4150 train_time:619927ms step_avg:192.11ms
step:3228/4150 train_time:620161ms step_avg:192.12ms
step:3229/4150 train_time:620385ms step_avg:192.13ms
step:3230/4150 train_time:620615ms step_avg:192.14ms
step:3231/4150 train_time:620843ms step_avg:192.15ms
step:3232/4150 train_time:621073ms step_avg:192.16ms
step:3233/4150 train_time:621297ms step_avg:192.17ms
step:3234/4150 train_time:621531ms step_avg:192.19ms
step:3235/4150 train_time:621756ms step_avg:192.20ms
step:3236/4150 train_time:621990ms step_avg:192.21ms
step:3237/4150 train_time:622215ms step_avg:192.22ms
step:3238/4150 train_time:622446ms step_avg:192.23ms
step:3239/4150 train_time:622670ms step_avg:192.24ms
step:3240/4150 train_time:622903ms step_avg:192.25ms
step:3241/4150 train_time:623127ms step_avg:192.26ms
step:3242/4150 train_time:623356ms step_avg:192.28ms
step:3243/4150 train_time:623582ms step_avg:192.29ms
step:3244/4150 train_time:623817ms step_avg:192.30ms
step:3245/4150 train_time:624044ms step_avg:192.31ms
step:3246/4150 train_time:624276ms step_avg:192.32ms
step:3247/4150 train_time:624503ms step_avg:192.33ms
step:3248/4150 train_time:624735ms step_avg:192.34ms
step:3249/4150 train_time:624962ms step_avg:192.36ms
step:3250/4150 train_time:625194ms step_avg:192.37ms
step:3250/4150 val_loss:3.0069 train_time:625399ms step_avg:192.43ms
step:3251/4150 train_time:625439ms step_avg:192.38ms
step:3252/4150 train_time:625661ms step_avg:192.39ms
step:3253/4150 train_time:625894ms step_avg:192.41ms
step:3254/4150 train_time:626123ms step_avg:192.42ms
step:3255/4150 train_time:626346ms step_avg:192.43ms
step:3256/4150 train_time:626580ms step_avg:192.44ms
step:3257/4150 train_time:626808ms step_avg:192.45ms
step:3258/4150 train_time:627039ms step_avg:192.46ms
step:3259/4150 train_time:627262ms step_avg:192.47ms
step:3260/4150 train_time:627498ms step_avg:192.48ms
step:3261/4150 train_time:627723ms step_avg:192.49ms
step:3262/4150 train_time:627957ms step_avg:192.51ms
step:3263/4150 train_time:628179ms step_avg:192.52ms
step:3264/4150 train_time:628412ms step_avg:192.53ms
step:3265/4150 train_time:628640ms step_avg:192.54ms
step:3266/4150 train_time:628870ms step_avg:192.55ms
step:3267/4150 train_time:629092ms step_avg:192.56ms
step:3268/4150 train_time:629324ms step_avg:192.57ms
step:3269/4150 train_time:629550ms step_avg:192.58ms
step:3270/4150 train_time:629783ms step_avg:192.59ms
step:3271/4150 train_time:630009ms step_avg:192.60ms
step:3272/4150 train_time:630239ms step_avg:192.62ms
step:3273/4150 train_time:630462ms step_avg:192.63ms
step:3274/4150 train_time:630696ms step_avg:192.64ms
step:3275/4150 train_time:630924ms step_avg:192.65ms
step:3276/4150 train_time:631157ms step_avg:192.66ms
step:3277/4150 train_time:631383ms step_avg:192.67ms
step:3278/4150 train_time:631616ms step_avg:192.68ms
step:3279/4150 train_time:631844ms step_avg:192.69ms
step:3280/4150 train_time:632076ms step_avg:192.71ms
step:3281/4150 train_time:632301ms step_avg:192.72ms
step:3282/4150 train_time:632532ms step_avg:192.73ms
step:3283/4150 train_time:632758ms step_avg:192.74ms
step:3284/4150 train_time:632993ms step_avg:192.75ms
step:3285/4150 train_time:633216ms step_avg:192.76ms
step:3286/4150 train_time:633450ms step_avg:192.77ms
step:3287/4150 train_time:633676ms step_avg:192.78ms
step:3288/4150 train_time:633907ms step_avg:192.79ms
step:3289/4150 train_time:634135ms step_avg:192.80ms
step:3290/4150 train_time:634365ms step_avg:192.82ms
step:3291/4150 train_time:634591ms step_avg:192.83ms
step:3292/4150 train_time:634824ms step_avg:192.84ms
step:3293/4150 train_time:635051ms step_avg:192.85ms
step:3294/4150 train_time:635283ms step_avg:192.86ms
step:3295/4150 train_time:635508ms step_avg:192.87ms
step:3296/4150 train_time:635738ms step_avg:192.88ms
step:3297/4150 train_time:635966ms step_avg:192.89ms
step:3298/4150 train_time:636196ms step_avg:192.90ms
step:3299/4150 train_time:636426ms step_avg:192.91ms
step:3300/4150 train_time:636654ms step_avg:192.93ms
step:3301/4150 train_time:636878ms step_avg:192.93ms
step:3302/4150 train_time:637110ms step_avg:192.95ms
step:3303/4150 train_time:637335ms step_avg:192.96ms
step:3304/4150 train_time:637565ms step_avg:192.97ms
step:3305/4150 train_time:637789ms step_avg:192.98ms
step:3306/4150 train_time:638021ms step_avg:192.99ms
step:3307/4150 train_time:638242ms step_avg:193.00ms
step:3308/4150 train_time:638474ms step_avg:193.01ms
step:3309/4150 train_time:638698ms step_avg:193.02ms
step:3310/4150 train_time:638929ms step_avg:193.03ms
step:3311/4150 train_time:639157ms step_avg:193.04ms
step:3312/4150 train_time:639391ms step_avg:193.05ms
step:3313/4150 train_time:639615ms step_avg:193.06ms
step:3314/4150 train_time:639846ms step_avg:193.07ms
step:3315/4150 train_time:640073ms step_avg:193.08ms
step:3316/4150 train_time:640306ms step_avg:193.10ms
step:3317/4150 train_time:640533ms step_avg:193.11ms
step:3318/4150 train_time:640772ms step_avg:193.12ms
step:3319/4150 train_time:640996ms step_avg:193.13ms
step:3320/4150 train_time:641229ms step_avg:193.14ms
step:3321/4150 train_time:641452ms step_avg:193.15ms
step:3322/4150 train_time:641684ms step_avg:193.16ms
step:3323/4150 train_time:641909ms step_avg:193.17ms
step:3324/4150 train_time:642142ms step_avg:193.18ms
step:3325/4150 train_time:642368ms step_avg:193.19ms
step:3326/4150 train_time:642601ms step_avg:193.21ms
step:3327/4150 train_time:642826ms step_avg:193.21ms
step:3328/4150 train_time:643053ms step_avg:193.22ms
step:3329/4150 train_time:643280ms step_avg:193.24ms
step:3330/4150 train_time:643512ms step_avg:193.25ms
step:3331/4150 train_time:643738ms step_avg:193.26ms
step:3332/4150 train_time:643969ms step_avg:193.27ms
step:3333/4150 train_time:644195ms step_avg:193.28ms
step:3334/4150 train_time:644428ms step_avg:193.29ms
step:3335/4150 train_time:644650ms step_avg:193.30ms
step:3336/4150 train_time:644884ms step_avg:193.31ms
step:3337/4150 train_time:645111ms step_avg:193.32ms
step:3338/4150 train_time:645345ms step_avg:193.33ms
step:3339/4150 train_time:645569ms step_avg:193.34ms
step:3340/4150 train_time:645803ms step_avg:193.35ms
step:3341/4150 train_time:646030ms step_avg:193.36ms
step:3342/4150 train_time:646264ms step_avg:193.38ms
step:3343/4150 train_time:646489ms step_avg:193.39ms
step:3344/4150 train_time:646720ms step_avg:193.40ms
step:3345/4150 train_time:646944ms step_avg:193.41ms
step:3346/4150 train_time:647177ms step_avg:193.42ms
step:3347/4150 train_time:647402ms step_avg:193.43ms
step:3348/4150 train_time:647637ms step_avg:193.44ms
step:3349/4150 train_time:647860ms step_avg:193.45ms
step:3350/4150 train_time:648095ms step_avg:193.46ms
step:3351/4150 train_time:648323ms step_avg:193.47ms
step:3352/4150 train_time:648560ms step_avg:193.48ms
step:3353/4150 train_time:648783ms step_avg:193.49ms
step:3354/4150 train_time:649017ms step_avg:193.51ms
step:3355/4150 train_time:649242ms step_avg:193.51ms
step:3356/4150 train_time:649476ms step_avg:193.53ms
step:3357/4150 train_time:649700ms step_avg:193.54ms
step:3358/4150 train_time:649931ms step_avg:193.55ms
step:3359/4150 train_time:650156ms step_avg:193.56ms
step:3360/4150 train_time:650392ms step_avg:193.57ms
step:3361/4150 train_time:650615ms step_avg:193.58ms
step:3362/4150 train_time:650843ms step_avg:193.59ms
step:3363/4150 train_time:651069ms step_avg:193.60ms
step:3364/4150 train_time:651304ms step_avg:193.61ms
step:3365/4150 train_time:651528ms step_avg:193.62ms
step:3366/4150 train_time:651758ms step_avg:193.63ms
step:3367/4150 train_time:651981ms step_avg:193.64ms
step:3368/4150 train_time:652217ms step_avg:193.65ms
step:3369/4150 train_time:652445ms step_avg:193.66ms
step:3370/4150 train_time:652676ms step_avg:193.67ms
step:3371/4150 train_time:652902ms step_avg:193.68ms
step:3372/4150 train_time:653136ms step_avg:193.69ms
step:3373/4150 train_time:653361ms step_avg:193.70ms
step:3374/4150 train_time:653595ms step_avg:193.72ms
step:3375/4150 train_time:653820ms step_avg:193.72ms
step:3376/4150 train_time:654052ms step_avg:193.74ms
step:3377/4150 train_time:654280ms step_avg:193.75ms
step:3378/4150 train_time:654514ms step_avg:193.76ms
step:3379/4150 train_time:654742ms step_avg:193.77ms
step:3380/4150 train_time:654972ms step_avg:193.78ms
step:3381/4150 train_time:655199ms step_avg:193.79ms
step:3382/4150 train_time:655430ms step_avg:193.80ms
step:3383/4150 train_time:655656ms step_avg:193.81ms
step:3384/4150 train_time:655887ms step_avg:193.82ms
step:3385/4150 train_time:656112ms step_avg:193.83ms
step:3386/4150 train_time:656344ms step_avg:193.84ms
step:3387/4150 train_time:656568ms step_avg:193.85ms
step:3388/4150 train_time:656801ms step_avg:193.86ms
step:3389/4150 train_time:657029ms step_avg:193.87ms
step:3390/4150 train_time:657264ms step_avg:193.88ms
step:3391/4150 train_time:657489ms step_avg:193.89ms
step:3392/4150 train_time:657720ms step_avg:193.90ms
step:3393/4150 train_time:657945ms step_avg:193.91ms
step:3394/4150 train_time:658177ms step_avg:193.92ms
step:3395/4150 train_time:658405ms step_avg:193.93ms
step:3396/4150 train_time:658639ms step_avg:193.95ms
step:3397/4150 train_time:658862ms step_avg:193.95ms
step:3398/4150 train_time:659097ms step_avg:193.97ms
step:3399/4150 train_time:659320ms step_avg:193.97ms
step:3400/4150 train_time:659552ms step_avg:193.99ms
step:3401/4150 train_time:659777ms step_avg:194.00ms
step:3402/4150 train_time:660009ms step_avg:194.01ms
step:3403/4150 train_time:660235ms step_avg:194.02ms
step:3404/4150 train_time:660466ms step_avg:194.03ms
step:3405/4150 train_time:660692ms step_avg:194.04ms
step:3406/4150 train_time:660923ms step_avg:194.05ms
step:3407/4150 train_time:661146ms step_avg:194.06ms
step:3408/4150 train_time:661378ms step_avg:194.07ms
step:3409/4150 train_time:661604ms step_avg:194.08ms
step:3410/4150 train_time:661836ms step_avg:194.09ms
step:3411/4150 train_time:662064ms step_avg:194.10ms
step:3412/4150 train_time:662297ms step_avg:194.11ms
step:3413/4150 train_time:662526ms step_avg:194.12ms
step:3414/4150 train_time:662756ms step_avg:194.13ms
step:3415/4150 train_time:662984ms step_avg:194.14ms
step:3416/4150 train_time:663214ms step_avg:194.15ms
step:3417/4150 train_time:663441ms step_avg:194.16ms
step:3418/4150 train_time:663673ms step_avg:194.17ms
step:3419/4150 train_time:663897ms step_avg:194.18ms
step:3420/4150 train_time:664128ms step_avg:194.19ms
step:3421/4150 train_time:664353ms step_avg:194.20ms
step:3422/4150 train_time:664585ms step_avg:194.21ms
step:3423/4150 train_time:664813ms step_avg:194.22ms
step:3424/4150 train_time:665044ms step_avg:194.23ms
step:3425/4150 train_time:665267ms step_avg:194.24ms
step:3426/4150 train_time:665499ms step_avg:194.25ms
step:3427/4150 train_time:665726ms step_avg:194.26ms
step:3428/4150 train_time:665956ms step_avg:194.27ms
step:3429/4150 train_time:666187ms step_avg:194.28ms
step:3430/4150 train_time:666419ms step_avg:194.29ms
step:3431/4150 train_time:666643ms step_avg:194.30ms
step:3432/4150 train_time:666874ms step_avg:194.31ms
step:3433/4150 train_time:667098ms step_avg:194.32ms
step:3434/4150 train_time:667329ms step_avg:194.33ms
step:3435/4150 train_time:667555ms step_avg:194.34ms
step:3436/4150 train_time:667785ms step_avg:194.35ms
step:3437/4150 train_time:668009ms step_avg:194.36ms
step:3438/4150 train_time:668238ms step_avg:194.37ms
step:3439/4150 train_time:668468ms step_avg:194.38ms
step:3440/4150 train_time:668698ms step_avg:194.39ms
step:3441/4150 train_time:668925ms step_avg:194.40ms
step:3442/4150 train_time:669154ms step_avg:194.41ms
step:3443/4150 train_time:669377ms step_avg:194.42ms
step:3444/4150 train_time:669613ms step_avg:194.43ms
step:3445/4150 train_time:669836ms step_avg:194.44ms
step:3446/4150 train_time:670066ms step_avg:194.45ms
step:3447/4150 train_time:670293ms step_avg:194.46ms
step:3448/4150 train_time:670526ms step_avg:194.47ms
step:3449/4150 train_time:670752ms step_avg:194.48ms
step:3450/4150 train_time:670983ms step_avg:194.49ms
step:3451/4150 train_time:671207ms step_avg:194.50ms
step:3452/4150 train_time:671439ms step_avg:194.51ms
step:3453/4150 train_time:671664ms step_avg:194.52ms
step:3454/4150 train_time:671895ms step_avg:194.53ms
step:3455/4150 train_time:672121ms step_avg:194.54ms
step:3456/4150 train_time:672354ms step_avg:194.55ms
step:3457/4150 train_time:672578ms step_avg:194.56ms
step:3458/4150 train_time:672811ms step_avg:194.57ms
step:3459/4150 train_time:673035ms step_avg:194.57ms
step:3460/4150 train_time:673263ms step_avg:194.58ms
step:3461/4150 train_time:673489ms step_avg:194.59ms
step:3462/4150 train_time:673721ms step_avg:194.60ms
step:3463/4150 train_time:673944ms step_avg:194.61ms
step:3464/4150 train_time:674175ms step_avg:194.62ms
step:3465/4150 train_time:674401ms step_avg:194.63ms
step:3466/4150 train_time:674633ms step_avg:194.64ms
step:3467/4150 train_time:674857ms step_avg:194.65ms
step:3468/4150 train_time:675089ms step_avg:194.66ms
step:3469/4150 train_time:675316ms step_avg:194.67ms
step:3470/4150 train_time:675548ms step_avg:194.68ms
step:3471/4150 train_time:675776ms step_avg:194.69ms
step:3472/4150 train_time:676004ms step_avg:194.70ms
step:3473/4150 train_time:676232ms step_avg:194.71ms
step:3474/4150 train_time:676462ms step_avg:194.72ms
step:3475/4150 train_time:676686ms step_avg:194.73ms
step:3476/4150 train_time:676917ms step_avg:194.74ms
step:3477/4150 train_time:677144ms step_avg:194.75ms
step:3478/4150 train_time:677374ms step_avg:194.76ms
step:3479/4150 train_time:677602ms step_avg:194.77ms
step:3480/4150 train_time:677835ms step_avg:194.78ms
step:3481/4150 train_time:678060ms step_avg:194.79ms
step:3482/4150 train_time:678290ms step_avg:194.80ms
step:3483/4150 train_time:678516ms step_avg:194.81ms
step:3484/4150 train_time:678749ms step_avg:194.82ms
step:3485/4150 train_time:678978ms step_avg:194.83ms
step:3486/4150 train_time:679207ms step_avg:194.84ms
step:3487/4150 train_time:679434ms step_avg:194.85ms
step:3488/4150 train_time:679666ms step_avg:194.86ms
step:3489/4150 train_time:679891ms step_avg:194.87ms
step:3490/4150 train_time:680126ms step_avg:194.88ms
step:3491/4150 train_time:680351ms step_avg:194.89ms
step:3492/4150 train_time:680582ms step_avg:194.90ms
step:3493/4150 train_time:680805ms step_avg:194.91ms
step:3494/4150 train_time:681037ms step_avg:194.92ms
step:3495/4150 train_time:681261ms step_avg:194.92ms
step:3496/4150 train_time:681492ms step_avg:194.93ms
step:3497/4150 train_time:681716ms step_avg:194.94ms
step:3498/4150 train_time:681950ms step_avg:194.95ms
step:3499/4150 train_time:682174ms step_avg:194.96ms
step:3500/4150 train_time:682403ms step_avg:194.97ms
step:3500/4150 val_loss:2.9757 train_time:682610ms step_avg:195.03ms
step:3501/4150 train_time:682649ms step_avg:194.99ms
step:3502/4150 train_time:682874ms step_avg:195.00ms
step:3503/4150 train_time:683111ms step_avg:195.01ms
step:3504/4150 train_time:683337ms step_avg:195.02ms
step:3505/4150 train_time:683560ms step_avg:195.02ms
step:3506/4150 train_time:683793ms step_avg:195.04ms
step:3507/4150 train_time:684023ms step_avg:195.05ms
step:3508/4150 train_time:684255ms step_avg:195.06ms
step:3509/4150 train_time:684476ms step_avg:195.06ms
step:3510/4150 train_time:684708ms step_avg:195.07ms
step:3511/4150 train_time:684937ms step_avg:195.08ms
step:3512/4150 train_time:685171ms step_avg:195.09ms
step:3513/4150 train_time:685396ms step_avg:195.10ms
step:3514/4150 train_time:685631ms step_avg:195.11ms
step:3515/4150 train_time:685858ms step_avg:195.12ms
step:3516/4150 train_time:686090ms step_avg:195.13ms
step:3517/4150 train_time:686316ms step_avg:195.14ms
step:3518/4150 train_time:686546ms step_avg:195.15ms
step:3519/4150 train_time:686774ms step_avg:195.16ms
step:3520/4150 train_time:687009ms step_avg:195.17ms
step:3521/4150 train_time:687234ms step_avg:195.18ms
step:3522/4150 train_time:687468ms step_avg:195.19ms
step:3523/4150 train_time:687691ms step_avg:195.20ms
step:3524/4150 train_time:687922ms step_avg:195.21ms
step:3525/4150 train_time:688149ms step_avg:195.22ms
step:3526/4150 train_time:688378ms step_avg:195.23ms
step:3527/4150 train_time:688601ms step_avg:195.24ms
step:3528/4150 train_time:688834ms step_avg:195.25ms
step:3529/4150 train_time:689058ms step_avg:195.26ms
step:3530/4150 train_time:689289ms step_avg:195.27ms
step:3531/4150 train_time:689513ms step_avg:195.27ms
step:3532/4150 train_time:689744ms step_avg:195.28ms
step:3533/4150 train_time:689969ms step_avg:195.29ms
step:3534/4150 train_time:690199ms step_avg:195.30ms
step:3535/4150 train_time:690426ms step_avg:195.31ms
step:3536/4150 train_time:690660ms step_avg:195.32ms
step:3537/4150 train_time:690884ms step_avg:195.33ms
step:3538/4150 train_time:691115ms step_avg:195.34ms
step:3539/4150 train_time:691340ms step_avg:195.35ms
step:3540/4150 train_time:691573ms step_avg:195.36ms
step:3541/4150 train_time:691801ms step_avg:195.37ms
step:3542/4150 train_time:692029ms step_avg:195.38ms
step:3543/4150 train_time:692256ms step_avg:195.39ms
step:3544/4150 train_time:692487ms step_avg:195.40ms
step:3545/4150 train_time:692712ms step_avg:195.41ms
step:3546/4150 train_time:692947ms step_avg:195.42ms
step:3547/4150 train_time:693173ms step_avg:195.43ms
step:3548/4150 train_time:693405ms step_avg:195.44ms
step:3549/4150 train_time:693630ms step_avg:195.44ms
step:3550/4150 train_time:693858ms step_avg:195.45ms
step:3551/4150 train_time:694083ms step_avg:195.46ms
step:3552/4150 train_time:694315ms step_avg:195.47ms
step:3553/4150 train_time:694543ms step_avg:195.48ms
step:3554/4150 train_time:694778ms step_avg:195.49ms
step:3555/4150 train_time:695000ms step_avg:195.50ms
step:3556/4150 train_time:695234ms step_avg:195.51ms
step:3557/4150 train_time:695458ms step_avg:195.52ms
step:3558/4150 train_time:695691ms step_avg:195.53ms
step:3559/4150 train_time:695914ms step_avg:195.54ms
step:3560/4150 train_time:696148ms step_avg:195.55ms
step:3561/4150 train_time:696373ms step_avg:195.56ms
step:3562/4150 train_time:696601ms step_avg:195.56ms
step:3563/4150 train_time:696825ms step_avg:195.57ms
step:3564/4150 train_time:697058ms step_avg:195.58ms
step:3565/4150 train_time:697281ms step_avg:195.59ms
step:3566/4150 train_time:697515ms step_avg:195.60ms
step:3567/4150 train_time:697744ms step_avg:195.61ms
step:3568/4150 train_time:697974ms step_avg:195.62ms
step:3569/4150 train_time:698201ms step_avg:195.63ms
step:3570/4150 train_time:698431ms step_avg:195.64ms
step:3571/4150 train_time:698655ms step_avg:195.65ms
step:3572/4150 train_time:698889ms step_avg:195.66ms
step:3573/4150 train_time:699118ms step_avg:195.67ms
step:3574/4150 train_time:699350ms step_avg:195.68ms
step:3575/4150 train_time:699575ms step_avg:195.69ms
step:3576/4150 train_time:699806ms step_avg:195.70ms
step:3577/4150 train_time:700033ms step_avg:195.70ms
step:3578/4150 train_time:700265ms step_avg:195.71ms
step:3579/4150 train_time:700490ms step_avg:195.72ms
step:3580/4150 train_time:700723ms step_avg:195.73ms
step:3581/4150 train_time:700947ms step_avg:195.74ms
step:3582/4150 train_time:701179ms step_avg:195.75ms
step:3583/4150 train_time:701405ms step_avg:195.76ms
step:3584/4150 train_time:701638ms step_avg:195.77ms
step:3585/4150 train_time:701861ms step_avg:195.78ms
step:3586/4150 train_time:702094ms step_avg:195.79ms
step:3587/4150 train_time:702316ms step_avg:195.79ms
step:3588/4150 train_time:702549ms step_avg:195.81ms
step:3589/4150 train_time:702773ms step_avg:195.81ms
step:3590/4150 train_time:703010ms step_avg:195.82ms
step:3591/4150 train_time:703233ms step_avg:195.83ms
step:3592/4150 train_time:703466ms step_avg:195.84ms
step:3593/4150 train_time:703692ms step_avg:195.85ms
step:3594/4150 train_time:703923ms step_avg:195.86ms
step:3595/4150 train_time:704147ms step_avg:195.87ms
step:3596/4150 train_time:704381ms step_avg:195.88ms
step:3597/4150 train_time:704606ms step_avg:195.89ms
step:3598/4150 train_time:704835ms step_avg:195.90ms
step:3599/4150 train_time:705061ms step_avg:195.90ms
step:3600/4150 train_time:705290ms step_avg:195.91ms
step:3601/4150 train_time:705516ms step_avg:195.92ms
step:3602/4150 train_time:705749ms step_avg:195.93ms
step:3603/4150 train_time:705974ms step_avg:195.94ms
step:3604/4150 train_time:706206ms step_avg:195.95ms
step:3605/4150 train_time:706433ms step_avg:195.96ms
step:3606/4150 train_time:706662ms step_avg:195.97ms
step:3607/4150 train_time:706891ms step_avg:195.98ms
step:3608/4150 train_time:707121ms step_avg:195.99ms
step:3609/4150 train_time:707347ms step_avg:196.00ms
step:3610/4150 train_time:707576ms step_avg:196.00ms
step:3611/4150 train_time:707802ms step_avg:196.01ms
step:3612/4150 train_time:708035ms step_avg:196.02ms
step:3613/4150 train_time:708258ms step_avg:196.03ms
step:3614/4150 train_time:708487ms step_avg:196.04ms
step:3615/4150 train_time:708710ms step_avg:196.05ms
step:3616/4150 train_time:708946ms step_avg:196.06ms
step:3617/4150 train_time:709171ms step_avg:196.07ms
step:3618/4150 train_time:709401ms step_avg:196.08ms
step:3619/4150 train_time:709626ms step_avg:196.08ms
step:3620/4150 train_time:709859ms step_avg:196.09ms
step:3621/4150 train_time:710086ms step_avg:196.10ms
step:3622/4150 train_time:710321ms step_avg:196.11ms
step:3623/4150 train_time:710548ms step_avg:196.12ms
step:3624/4150 train_time:710780ms step_avg:196.13ms
step:3625/4150 train_time:711006ms step_avg:196.14ms
step:3626/4150 train_time:711238ms step_avg:196.15ms
step:3627/4150 train_time:711464ms step_avg:196.16ms
step:3628/4150 train_time:711693ms step_avg:196.17ms
step:3629/4150 train_time:711915ms step_avg:196.17ms
step:3630/4150 train_time:712149ms step_avg:196.18ms
step:3631/4150 train_time:712374ms step_avg:196.19ms
step:3632/4150 train_time:712604ms step_avg:196.20ms
step:3633/4150 train_time:712828ms step_avg:196.21ms
step:3634/4150 train_time:713060ms step_avg:196.22ms
step:3635/4150 train_time:713285ms step_avg:196.23ms
step:3636/4150 train_time:713517ms step_avg:196.24ms
step:3637/4150 train_time:713742ms step_avg:196.24ms
step:3638/4150 train_time:713973ms step_avg:196.25ms
step:3639/4150 train_time:714201ms step_avg:196.26ms
step:3640/4150 train_time:714429ms step_avg:196.27ms
step:3641/4150 train_time:714655ms step_avg:196.28ms
step:3642/4150 train_time:714886ms step_avg:196.29ms
step:3643/4150 train_time:715114ms step_avg:196.30ms
step:3644/4150 train_time:715345ms step_avg:196.31ms
step:3645/4150 train_time:715573ms step_avg:196.32ms
step:3646/4150 train_time:715808ms step_avg:196.33ms
step:3647/4150 train_time:716031ms step_avg:196.33ms
step:3648/4150 train_time:716260ms step_avg:196.34ms
step:3649/4150 train_time:716482ms step_avg:196.35ms
step:3650/4150 train_time:716716ms step_avg:196.36ms
step:3651/4150 train_time:716941ms step_avg:196.37ms
step:3652/4150 train_time:717172ms step_avg:196.38ms
step:3653/4150 train_time:717400ms step_avg:196.39ms
step:3654/4150 train_time:717631ms step_avg:196.40ms
step:3655/4150 train_time:717860ms step_avg:196.40ms
step:3656/4150 train_time:718091ms step_avg:196.41ms
step:3657/4150 train_time:718315ms step_avg:196.42ms
step:3658/4150 train_time:718544ms step_avg:196.43ms
step:3659/4150 train_time:718769ms step_avg:196.44ms
step:3660/4150 train_time:718998ms step_avg:196.45ms
step:3661/4150 train_time:719224ms step_avg:196.46ms
step:3662/4150 train_time:719456ms step_avg:196.47ms
step:3663/4150 train_time:719686ms step_avg:196.47ms
step:3664/4150 train_time:719916ms step_avg:196.48ms
step:3665/4150 train_time:720139ms step_avg:196.49ms
step:3666/4150 train_time:720372ms step_avg:196.50ms
step:3667/4150 train_time:720593ms step_avg:196.51ms
step:3668/4150 train_time:720826ms step_avg:196.52ms
step:3669/4150 train_time:721052ms step_avg:196.53ms
step:3670/4150 train_time:721282ms step_avg:196.53ms
step:3671/4150 train_time:721509ms step_avg:196.54ms
step:3672/4150 train_time:721742ms step_avg:196.55ms
step:3673/4150 train_time:721970ms step_avg:196.56ms
step:3674/4150 train_time:722202ms step_avg:196.57ms
step:3675/4150 train_time:722430ms step_avg:196.58ms
step:3676/4150 train_time:722666ms step_avg:196.59ms
step:3677/4150 train_time:722889ms step_avg:196.60ms
step:3678/4150 train_time:723122ms step_avg:196.61ms
step:3679/4150 train_time:723346ms step_avg:196.61ms
step:3680/4150 train_time:723574ms step_avg:196.62ms
step:3681/4150 train_time:723800ms step_avg:196.63ms
step:3682/4150 train_time:724031ms step_avg:196.64ms
step:3683/4150 train_time:724257ms step_avg:196.65ms
step:3684/4150 train_time:724492ms step_avg:196.66ms
step:3685/4150 train_time:724719ms step_avg:196.67ms
step:3686/4150 train_time:724950ms step_avg:196.68ms
step:3687/4150 train_time:725176ms step_avg:196.68ms
step:3688/4150 train_time:725407ms step_avg:196.69ms
step:3689/4150 train_time:725636ms step_avg:196.70ms
step:3690/4150 train_time:725868ms step_avg:196.71ms
step:3691/4150 train_time:726089ms step_avg:196.72ms
step:3692/4150 train_time:726320ms step_avg:196.73ms
step:3693/4150 train_time:726542ms step_avg:196.74ms
step:3694/4150 train_time:726775ms step_avg:196.74ms
step:3695/4150 train_time:726998ms step_avg:196.75ms
step:3696/4150 train_time:727231ms step_avg:196.76ms
step:3697/4150 train_time:727453ms step_avg:196.77ms
step:3698/4150 train_time:727686ms step_avg:196.78ms
step:3699/4150 train_time:727910ms step_avg:196.79ms
step:3700/4150 train_time:728141ms step_avg:196.79ms
step:3701/4150 train_time:728367ms step_avg:196.80ms
step:3702/4150 train_time:728599ms step_avg:196.81ms
step:3703/4150 train_time:728826ms step_avg:196.82ms
step:3704/4150 train_time:729060ms step_avg:196.83ms
step:3705/4150 train_time:729287ms step_avg:196.84ms
step:3706/4150 train_time:729517ms step_avg:196.85ms
step:3707/4150 train_time:729745ms step_avg:196.86ms
step:3708/4150 train_time:729975ms step_avg:196.86ms
step:3709/4150 train_time:730197ms step_avg:196.87ms
step:3710/4150 train_time:730428ms step_avg:196.88ms
step:3711/4150 train_time:730653ms step_avg:196.89ms
step:3712/4150 train_time:730884ms step_avg:196.90ms
step:3713/4150 train_time:731109ms step_avg:196.91ms
step:3714/4150 train_time:731340ms step_avg:196.91ms
step:3715/4150 train_time:731571ms step_avg:196.92ms
step:3716/4150 train_time:731800ms step_avg:196.93ms
step:3717/4150 train_time:732026ms step_avg:196.94ms
step:3718/4150 train_time:732259ms step_avg:196.95ms
step:3719/4150 train_time:732483ms step_avg:196.96ms
step:3720/4150 train_time:732717ms step_avg:196.97ms
step:3721/4150 train_time:732940ms step_avg:196.97ms
step:3722/4150 train_time:733172ms step_avg:196.98ms
step:3723/4150 train_time:733394ms step_avg:196.99ms
step:3724/4150 train_time:733627ms step_avg:197.00ms
step:3725/4150 train_time:733850ms step_avg:197.01ms
step:3726/4150 train_time:734083ms step_avg:197.02ms
step:3727/4150 train_time:734307ms step_avg:197.02ms
step:3728/4150 train_time:734538ms step_avg:197.03ms
step:3729/4150 train_time:734764ms step_avg:197.04ms
step:3730/4150 train_time:734995ms step_avg:197.05ms
step:3731/4150 train_time:735218ms step_avg:197.06ms
step:3732/4150 train_time:735451ms step_avg:197.07ms
step:3733/4150 train_time:735677ms step_avg:197.07ms
step:3734/4150 train_time:735911ms step_avg:197.08ms
step:3735/4150 train_time:736136ms step_avg:197.09ms
step:3736/4150 train_time:736371ms step_avg:197.10ms
step:3737/4150 train_time:736596ms step_avg:197.11ms
step:3738/4150 train_time:736828ms step_avg:197.12ms
step:3739/4150 train_time:737055ms step_avg:197.13ms
step:3740/4150 train_time:737287ms step_avg:197.14ms
step:3741/4150 train_time:737511ms step_avg:197.14ms
step:3742/4150 train_time:737740ms step_avg:197.15ms
step:3743/4150 train_time:737967ms step_avg:197.16ms
step:3744/4150 train_time:738200ms step_avg:197.17ms
step:3745/4150 train_time:738424ms step_avg:197.18ms
step:3746/4150 train_time:738659ms step_avg:197.19ms
step:3747/4150 train_time:738887ms step_avg:197.19ms
step:3748/4150 train_time:739120ms step_avg:197.20ms
step:3749/4150 train_time:739344ms step_avg:197.21ms
step:3750/4150 train_time:739578ms step_avg:197.22ms
step:3750/4150 val_loss:2.9483 train_time:739781ms step_avg:197.27ms
step:3751/4150 train_time:739816ms step_avg:197.23ms
step:3752/4150 train_time:740047ms step_avg:197.24ms
step:3753/4150 train_time:740276ms step_avg:197.25ms
step:3754/4150 train_time:740503ms step_avg:197.26ms
step:3755/4150 train_time:740731ms step_avg:197.27ms
step:3756/4150 train_time:740968ms step_avg:197.28ms
step:3757/4150 train_time:741193ms step_avg:197.28ms
step:3758/4150 train_time:741423ms step_avg:197.29ms
step:3759/4150 train_time:741642ms step_avg:197.30ms
step:3760/4150 train_time:741878ms step_avg:197.31ms
step:3761/4150 train_time:742104ms step_avg:197.32ms
step:3762/4150 train_time:742335ms step_avg:197.32ms
step:3763/4150 train_time:742559ms step_avg:197.33ms
step:3764/4150 train_time:742793ms step_avg:197.34ms
step:3765/4150 train_time:743019ms step_avg:197.35ms
step:3766/4150 train_time:743250ms step_avg:197.36ms
step:3767/4150 train_time:743475ms step_avg:197.37ms
step:3768/4150 train_time:743706ms step_avg:197.37ms
step:3769/4150 train_time:743932ms step_avg:197.38ms
step:3770/4150 train_time:744163ms step_avg:197.39ms
step:3771/4150 train_time:744386ms step_avg:197.40ms
step:3772/4150 train_time:744619ms step_avg:197.41ms
step:3773/4150 train_time:744845ms step_avg:197.41ms
step:3774/4150 train_time:745082ms step_avg:197.42ms
step:3775/4150 train_time:745304ms step_avg:197.43ms
step:3776/4150 train_time:745534ms step_avg:197.44ms
step:3777/4150 train_time:745761ms step_avg:197.45ms
step:3778/4150 train_time:745993ms step_avg:197.46ms
step:3779/4150 train_time:746217ms step_avg:197.46ms
step:3780/4150 train_time:746447ms step_avg:197.47ms
step:3781/4150 train_time:746672ms step_avg:197.48ms
step:3782/4150 train_time:746903ms step_avg:197.49ms
step:3783/4150 train_time:747131ms step_avg:197.50ms
step:3784/4150 train_time:747362ms step_avg:197.51ms
step:3785/4150 train_time:747585ms step_avg:197.51ms
step:3786/4150 train_time:747813ms step_avg:197.52ms
step:3787/4150 train_time:748040ms step_avg:197.53ms
step:3788/4150 train_time:748271ms step_avg:197.54ms
step:3789/4150 train_time:748497ms step_avg:197.54ms
step:3790/4150 train_time:748732ms step_avg:197.55ms
step:3791/4150 train_time:748955ms step_avg:197.56ms
step:3792/4150 train_time:749189ms step_avg:197.57ms
step:3793/4150 train_time:749413ms step_avg:197.58ms
step:3794/4150 train_time:749642ms step_avg:197.59ms
step:3795/4150 train_time:749868ms step_avg:197.59ms
step:3796/4150 train_time:750102ms step_avg:197.60ms
step:3797/4150 train_time:750325ms step_avg:197.61ms
step:3798/4150 train_time:750554ms step_avg:197.62ms
step:3799/4150 train_time:750781ms step_avg:197.63ms
step:3800/4150 train_time:751010ms step_avg:197.63ms
step:3801/4150 train_time:751237ms step_avg:197.64ms
step:3802/4150 train_time:751471ms step_avg:197.65ms
step:3803/4150 train_time:751700ms step_avg:197.66ms
step:3804/4150 train_time:751935ms step_avg:197.67ms
step:3805/4150 train_time:752162ms step_avg:197.68ms
step:3806/4150 train_time:752394ms step_avg:197.69ms
step:3807/4150 train_time:752617ms step_avg:197.69ms
step:3808/4150 train_time:752848ms step_avg:197.70ms
step:3809/4150 train_time:753068ms step_avg:197.71ms
step:3810/4150 train_time:753302ms step_avg:197.72ms
step:3811/4150 train_time:753527ms step_avg:197.72ms
step:3812/4150 train_time:753759ms step_avg:197.73ms
step:3813/4150 train_time:753986ms step_avg:197.74ms
step:3814/4150 train_time:754220ms step_avg:197.75ms
step:3815/4150 train_time:754447ms step_avg:197.76ms
step:3816/4150 train_time:754675ms step_avg:197.77ms
step:3817/4150 train_time:754903ms step_avg:197.77ms
step:3818/4150 train_time:755135ms step_avg:197.78ms
step:3819/4150 train_time:755361ms step_avg:197.79ms
step:3820/4150 train_time:755591ms step_avg:197.80ms
step:3821/4150 train_time:755818ms step_avg:197.81ms
step:3822/4150 train_time:756049ms step_avg:197.82ms
step:3823/4150 train_time:756274ms step_avg:197.82ms
step:3824/4150 train_time:756505ms step_avg:197.83ms
step:3825/4150 train_time:756732ms step_avg:197.84ms
step:3826/4150 train_time:756966ms step_avg:197.85ms
step:3827/4150 train_time:757193ms step_avg:197.86ms
step:3828/4150 train_time:757424ms step_avg:197.86ms
step:3829/4150 train_time:757652ms step_avg:197.87ms
step:3830/4150 train_time:757885ms step_avg:197.88ms
step:3831/4150 train_time:758112ms step_avg:197.89ms
step:3832/4150 train_time:758344ms step_avg:197.90ms
step:3833/4150 train_time:758568ms step_avg:197.90ms
step:3834/4150 train_time:758800ms step_avg:197.91ms
step:3835/4150 train_time:759027ms step_avg:197.92ms
step:3836/4150 train_time:759261ms step_avg:197.93ms
step:3837/4150 train_time:759488ms step_avg:197.94ms
step:3838/4150 train_time:759717ms step_avg:197.95ms
step:3839/4150 train_time:759947ms step_avg:197.95ms
step:3840/4150 train_time:760178ms step_avg:197.96ms
step:3841/4150 train_time:760402ms step_avg:197.97ms
step:3842/4150 train_time:760633ms step_avg:197.98ms
step:3843/4150 train_time:760858ms step_avg:197.99ms
step:3844/4150 train_time:761090ms step_avg:197.99ms
step:3845/4150 train_time:761317ms step_avg:198.00ms
step:3846/4150 train_time:761550ms step_avg:198.01ms
step:3847/4150 train_time:761778ms step_avg:198.02ms
step:3848/4150 train_time:762009ms step_avg:198.03ms
step:3849/4150 train_time:762235ms step_avg:198.03ms
step:3850/4150 train_time:762464ms step_avg:198.04ms
step:3851/4150 train_time:762688ms step_avg:198.05ms
step:3852/4150 train_time:762921ms step_avg:198.06ms
step:3853/4150 train_time:763150ms step_avg:198.07ms
step:3854/4150 train_time:763384ms step_avg:198.08ms
step:3855/4150 train_time:763610ms step_avg:198.08ms
step:3856/4150 train_time:763843ms step_avg:198.09ms
step:3857/4150 train_time:764066ms step_avg:198.10ms
step:3858/4150 train_time:764299ms step_avg:198.11ms
step:3859/4150 train_time:764527ms step_avg:198.12ms
step:3860/4150 train_time:764759ms step_avg:198.12ms
step:3861/4150 train_time:764986ms step_avg:198.13ms
step:3862/4150 train_time:765218ms step_avg:198.14ms
step:3863/4150 train_time:765447ms step_avg:198.15ms
step:3864/4150 train_time:765683ms step_avg:198.16ms
step:3865/4150 train_time:765907ms step_avg:198.16ms
step:3866/4150 train_time:766140ms step_avg:198.17ms
step:3867/4150 train_time:766367ms step_avg:198.18ms
step:3868/4150 train_time:766600ms step_avg:198.19ms
step:3869/4150 train_time:766831ms step_avg:198.20ms
step:3870/4150 train_time:767063ms step_avg:198.21ms
step:3871/4150 train_time:767292ms step_avg:198.22ms
step:3872/4150 train_time:767527ms step_avg:198.22ms
step:3873/4150 train_time:767749ms step_avg:198.23ms
step:3874/4150 train_time:767983ms step_avg:198.24ms
step:3875/4150 train_time:768208ms step_avg:198.25ms
step:3876/4150 train_time:768444ms step_avg:198.26ms
step:3877/4150 train_time:768668ms step_avg:198.26ms
step:3878/4150 train_time:768902ms step_avg:198.27ms
step:3879/4150 train_time:769124ms step_avg:198.28ms
step:3880/4150 train_time:769357ms step_avg:198.29ms
step:3881/4150 train_time:769583ms step_avg:198.29ms
step:3882/4150 train_time:769814ms step_avg:198.30ms
step:3883/4150 train_time:770040ms step_avg:198.31ms
step:3884/4150 train_time:770272ms step_avg:198.32ms
step:3885/4150 train_time:770498ms step_avg:198.33ms
step:3886/4150 train_time:770730ms step_avg:198.33ms
step:3887/4150 train_time:770954ms step_avg:198.34ms
step:3888/4150 train_time:771191ms step_avg:198.35ms
step:3889/4150 train_time:771417ms step_avg:198.36ms
step:3890/4150 train_time:771649ms step_avg:198.37ms
step:3891/4150 train_time:771875ms step_avg:198.37ms
step:3892/4150 train_time:772107ms step_avg:198.38ms
step:3893/4150 train_time:772332ms step_avg:198.39ms
step:3894/4150 train_time:772566ms step_avg:198.40ms
step:3895/4150 train_time:772791ms step_avg:198.41ms
step:3896/4150 train_time:773023ms step_avg:198.41ms
step:3897/4150 train_time:773250ms step_avg:198.42ms
step:3898/4150 train_time:773481ms step_avg:198.43ms
step:3899/4150 train_time:773705ms step_avg:198.44ms
step:3900/4150 train_time:773941ms step_avg:198.45ms
step:3901/4150 train_time:774166ms step_avg:198.45ms
step:3902/4150 train_time:774396ms step_avg:198.46ms
step:3903/4150 train_time:774621ms step_avg:198.47ms
step:3904/4150 train_time:774851ms step_avg:198.48ms
step:3905/4150 train_time:775079ms step_avg:198.48ms
step:3906/4150 train_time:775309ms step_avg:198.49ms
step:3907/4150 train_time:775533ms step_avg:198.50ms
step:3908/4150 train_time:775763ms step_avg:198.51ms
step:3909/4150 train_time:775988ms step_avg:198.51ms
step:3910/4150 train_time:776221ms step_avg:198.52ms
step:3911/4150 train_time:776444ms step_avg:198.53ms
step:3912/4150 train_time:776673ms step_avg:198.54ms
step:3913/4150 train_time:776899ms step_avg:198.54ms
step:3914/4150 train_time:777130ms step_avg:198.55ms
step:3915/4150 train_time:777356ms step_avg:198.56ms
step:3916/4150 train_time:777591ms step_avg:198.57ms
step:3917/4150 train_time:777816ms step_avg:198.57ms
step:3918/4150 train_time:778047ms step_avg:198.58ms
step:3919/4150 train_time:778273ms step_avg:198.59ms
step:3920/4150 train_time:778505ms step_avg:198.60ms
step:3921/4150 train_time:778730ms step_avg:198.60ms
step:3922/4150 train_time:778963ms step_avg:198.61ms
step:3923/4150 train_time:779188ms step_avg:198.62ms
step:3924/4150 train_time:779422ms step_avg:198.63ms
step:3925/4150 train_time:779645ms step_avg:198.64ms
step:3926/4150 train_time:779877ms step_avg:198.64ms
step:3927/4150 train_time:780104ms step_avg:198.65ms
step:3928/4150 train_time:780339ms step_avg:198.66ms
step:3929/4150 train_time:780562ms step_avg:198.67ms
step:3930/4150 train_time:780792ms step_avg:198.67ms
step:3931/4150 train_time:781019ms step_avg:198.68ms
step:3932/4150 train_time:781248ms step_avg:198.69ms
step:3933/4150 train_time:781470ms step_avg:198.70ms
step:3934/4150 train_time:781702ms step_avg:198.70ms
step:3935/4150 train_time:781926ms step_avg:198.71ms
step:3936/4150 train_time:782158ms step_avg:198.72ms
step:3937/4150 train_time:782386ms step_avg:198.73ms
step:3938/4150 train_time:782618ms step_avg:198.73ms
step:3939/4150 train_time:782845ms step_avg:198.74ms
step:3940/4150 train_time:783074ms step_avg:198.75ms
step:3941/4150 train_time:783300ms step_avg:198.76ms
step:3942/4150 train_time:783531ms step_avg:198.76ms
step:3943/4150 train_time:783758ms step_avg:198.77ms
step:3944/4150 train_time:783994ms step_avg:198.78ms
step:3945/4150 train_time:784218ms step_avg:198.79ms
step:3946/4150 train_time:784449ms step_avg:198.80ms
step:3947/4150 train_time:784675ms step_avg:198.80ms
step:3948/4150 train_time:784908ms step_avg:198.81ms
step:3949/4150 train_time:785130ms step_avg:198.82ms
step:3950/4150 train_time:785364ms step_avg:198.83ms
step:3951/4150 train_time:785588ms step_avg:198.83ms
step:3952/4150 train_time:785819ms step_avg:198.84ms
step:3953/4150 train_time:786042ms step_avg:198.85ms
step:3954/4150 train_time:786274ms step_avg:198.86ms
step:3955/4150 train_time:786501ms step_avg:198.86ms
step:3956/4150 train_time:786734ms step_avg:198.87ms
step:3957/4150 train_time:786960ms step_avg:198.88ms
step:3958/4150 train_time:787191ms step_avg:198.89ms
step:3959/4150 train_time:787417ms step_avg:198.89ms
step:3960/4150 train_time:787648ms step_avg:198.90ms
step:3961/4150 train_time:787876ms step_avg:198.91ms
step:3962/4150 train_time:788110ms step_avg:198.92ms
step:3963/4150 train_time:788334ms step_avg:198.92ms
step:3964/4150 train_time:788567ms step_avg:198.93ms
step:3965/4150 train_time:788791ms step_avg:198.94ms
step:3966/4150 train_time:789024ms step_avg:198.95ms
step:3967/4150 train_time:789248ms step_avg:198.95ms
step:3968/4150 train_time:789484ms step_avg:198.96ms
step:3969/4150 train_time:789710ms step_avg:198.97ms
step:3970/4150 train_time:789942ms step_avg:198.98ms
step:3971/4150 train_time:790168ms step_avg:198.98ms
step:3972/4150 train_time:790403ms step_avg:198.99ms
step:3973/4150 train_time:790625ms step_avg:199.00ms
step:3974/4150 train_time:790857ms step_avg:199.01ms
step:3975/4150 train_time:791081ms step_avg:199.01ms
step:3976/4150 train_time:791312ms step_avg:199.02ms
step:3977/4150 train_time:791536ms step_avg:199.03ms
step:3978/4150 train_time:791768ms step_avg:199.04ms
step:3979/4150 train_time:791992ms step_avg:199.04ms
step:3980/4150 train_time:792222ms step_avg:199.05ms
step:3981/4150 train_time:792446ms step_avg:199.06ms
step:3982/4150 train_time:792675ms step_avg:199.06ms
step:3983/4150 train_time:792902ms step_avg:199.07ms
step:3984/4150 train_time:793132ms step_avg:199.08ms
step:3985/4150 train_time:793359ms step_avg:199.09ms
step:3986/4150 train_time:793592ms step_avg:199.09ms
step:3987/4150 train_time:793815ms step_avg:199.10ms
step:3988/4150 train_time:794048ms step_avg:199.11ms
step:3989/4150 train_time:794273ms step_avg:199.12ms
step:3990/4150 train_time:794506ms step_avg:199.12ms
step:3991/4150 train_time:794729ms step_avg:199.13ms
step:3992/4150 train_time:794963ms step_avg:199.14ms
step:3993/4150 train_time:795187ms step_avg:199.15ms
step:3994/4150 train_time:795419ms step_avg:199.15ms
step:3995/4150 train_time:795643ms step_avg:199.16ms
step:3996/4150 train_time:795874ms step_avg:199.17ms
step:3997/4150 train_time:796097ms step_avg:199.17ms
step:3998/4150 train_time:796331ms step_avg:199.18ms
step:3999/4150 train_time:796558ms step_avg:199.19ms
step:4000/4150 train_time:796790ms step_avg:199.20ms
step:4000/4150 val_loss:2.9253 train_time:796997ms step_avg:199.25ms
step:4001/4150 train_time:797032ms step_avg:199.21ms
step:4002/4150 train_time:797260ms step_avg:199.22ms
step:4003/4150 train_time:797487ms step_avg:199.22ms
step:4004/4150 train_time:797719ms step_avg:199.23ms
step:4005/4150 train_time:797941ms step_avg:199.24ms
step:4006/4150 train_time:798180ms step_avg:199.25ms
step:4007/4150 train_time:798406ms step_avg:199.25ms
step:4008/4150 train_time:798636ms step_avg:199.26ms
step:4009/4150 train_time:798857ms step_avg:199.27ms
step:4010/4150 train_time:799098ms step_avg:199.28ms
step:4011/4150 train_time:799324ms step_avg:199.28ms
step:4012/4150 train_time:799554ms step_avg:199.29ms
step:4013/4150 train_time:799779ms step_avg:199.30ms
step:4014/4150 train_time:800012ms step_avg:199.31ms
step:4015/4150 train_time:800238ms step_avg:199.31ms
step:4016/4150 train_time:800471ms step_avg:199.32ms
step:4017/4150 train_time:800695ms step_avg:199.33ms
step:4018/4150 train_time:800932ms step_avg:199.34ms
step:4019/4150 train_time:801154ms step_avg:199.34ms
step:4020/4150 train_time:801385ms step_avg:199.35ms
step:4021/4150 train_time:801612ms step_avg:199.36ms
step:4022/4150 train_time:801842ms step_avg:199.36ms
step:4023/4150 train_time:802070ms step_avg:199.37ms
step:4024/4150 train_time:802301ms step_avg:199.38ms
step:4025/4150 train_time:802531ms step_avg:199.39ms
step:4026/4150 train_time:802762ms step_avg:199.39ms
step:4027/4150 train_time:802989ms step_avg:199.40ms
step:4028/4150 train_time:803219ms step_avg:199.41ms
step:4029/4150 train_time:803445ms step_avg:199.42ms
step:4030/4150 train_time:803676ms step_avg:199.42ms
step:4031/4150 train_time:803902ms step_avg:199.43ms
step:4032/4150 train_time:804137ms step_avg:199.44ms
step:4033/4150 train_time:804363ms step_avg:199.45ms
step:4034/4150 train_time:804596ms step_avg:199.45ms
step:4035/4150 train_time:804821ms step_avg:199.46ms
step:4036/4150 train_time:805050ms step_avg:199.47ms
step:4037/4150 train_time:805276ms step_avg:199.47ms
step:4038/4150 train_time:805508ms step_avg:199.48ms
step:4039/4150 train_time:805738ms step_avg:199.49ms
step:4040/4150 train_time:805966ms step_avg:199.50ms
step:4041/4150 train_time:806193ms step_avg:199.50ms
step:4042/4150 train_time:806425ms step_avg:199.51ms
step:4043/4150 train_time:806651ms step_avg:199.52ms
step:4044/4150 train_time:806882ms step_avg:199.53ms
step:4045/4150 train_time:807109ms step_avg:199.53ms
step:4046/4150 train_time:807340ms step_avg:199.54ms
step:4047/4150 train_time:807568ms step_avg:199.55ms
step:4048/4150 train_time:807800ms step_avg:199.56ms
step:4049/4150 train_time:808024ms step_avg:199.56ms
step:4050/4150 train_time:808259ms step_avg:199.57ms
step:4051/4150 train_time:808486ms step_avg:199.58ms
step:4052/4150 train_time:808716ms step_avg:199.58ms
step:4053/4150 train_time:808940ms step_avg:199.59ms
step:4054/4150 train_time:809170ms step_avg:199.60ms
step:4055/4150 train_time:809395ms step_avg:199.60ms
step:4056/4150 train_time:809629ms step_avg:199.61ms
step:4057/4150 train_time:809851ms step_avg:199.62ms
step:4058/4150 train_time:810089ms step_avg:199.63ms
step:4059/4150 train_time:810312ms step_avg:199.63ms
step:4060/4150 train_time:810545ms step_avg:199.64ms
step:4061/4150 train_time:810768ms step_avg:199.65ms
step:4062/4150 train_time:811002ms step_avg:199.66ms
step:4063/4150 train_time:811226ms step_avg:199.66ms
step:4064/4150 train_time:811463ms step_avg:199.67ms
step:4065/4150 train_time:811685ms step_avg:199.68ms
step:4066/4150 train_time:811917ms step_avg:199.68ms
step:4067/4150 train_time:812146ms step_avg:199.69ms
step:4068/4150 train_time:812378ms step_avg:199.70ms
step:4069/4150 train_time:812603ms step_avg:199.71ms
step:4070/4150 train_time:812836ms step_avg:199.71ms
step:4071/4150 train_time:813059ms step_avg:199.72ms
step:4072/4150 train_time:813292ms step_avg:199.73ms
step:4073/4150 train_time:813517ms step_avg:199.73ms
step:4074/4150 train_time:813747ms step_avg:199.74ms
step:4075/4150 train_time:813972ms step_avg:199.75ms
step:4076/4150 train_time:814206ms step_avg:199.76ms
step:4077/4150 train_time:814431ms step_avg:199.76ms
step:4078/4150 train_time:814660ms step_avg:199.77ms
step:4079/4150 train_time:814884ms step_avg:199.78ms
step:4080/4150 train_time:815119ms step_avg:199.78ms
step:4081/4150 train_time:815345ms step_avg:199.79ms
step:4082/4150 train_time:815578ms step_avg:199.80ms
step:4083/4150 train_time:815806ms step_avg:199.81ms
step:4084/4150 train_time:816037ms step_avg:199.81ms
step:4085/4150 train_time:816260ms step_avg:199.82ms
step:4086/4150 train_time:816494ms step_avg:199.83ms
step:4087/4150 train_time:816720ms step_avg:199.83ms
step:4088/4150 train_time:816949ms step_avg:199.84ms
step:4089/4150 train_time:817175ms step_avg:199.85ms
step:4090/4150 train_time:817406ms step_avg:199.85ms
step:4091/4150 train_time:817632ms step_avg:199.86ms
step:4092/4150 train_time:817867ms step_avg:199.87ms
step:4093/4150 train_time:818092ms step_avg:199.88ms
step:4094/4150 train_time:818325ms step_avg:199.88ms
step:4095/4150 train_time:818550ms step_avg:199.89ms
step:4096/4150 train_time:818781ms step_avg:199.90ms
step:4097/4150 train_time:819006ms step_avg:199.90ms
step:4098/4150 train_time:819236ms step_avg:199.91ms
step:4099/4150 train_time:819459ms step_avg:199.92ms
step:4100/4150 train_time:819694ms step_avg:199.93ms
step:4101/4150 train_time:819919ms step_avg:199.93ms
step:4102/4150 train_time:820154ms step_avg:199.94ms
step:4103/4150 train_time:820377ms step_avg:199.95ms
step:4104/4150 train_time:820609ms step_avg:199.95ms
step:4105/4150 train_time:820833ms step_avg:199.96ms
step:4106/4150 train_time:821064ms step_avg:199.97ms
step:4107/4150 train_time:821291ms step_avg:199.97ms
step:4108/4150 train_time:821523ms step_avg:199.98ms
step:4109/4150 train_time:821749ms step_avg:199.99ms
step:4110/4150 train_time:821980ms step_avg:200.00ms
step:4111/4150 train_time:822207ms step_avg:200.00ms
step:4112/4150 train_time:822439ms step_avg:200.01ms
step:4113/4150 train_time:822666ms step_avg:200.02ms
step:4114/4150 train_time:822900ms step_avg:200.02ms
step:4115/4150 train_time:823127ms step_avg:200.03ms
step:4116/4150 train_time:823359ms step_avg:200.04ms
step:4117/4150 train_time:823583ms step_avg:200.04ms
step:4118/4150 train_time:823815ms step_avg:200.05ms
step:4119/4150 train_time:824042ms step_avg:200.06ms
step:4120/4150 train_time:824274ms step_avg:200.07ms
step:4121/4150 train_time:824499ms step_avg:200.07ms
step:4122/4150 train_time:824735ms step_avg:200.08ms
step:4123/4150 train_time:824960ms step_avg:200.09ms
step:4124/4150 train_time:825194ms step_avg:200.10ms
step:4125/4150 train_time:825418ms step_avg:200.10ms
step:4126/4150 train_time:825650ms step_avg:200.11ms
step:4127/4150 train_time:825874ms step_avg:200.11ms
step:4128/4150 train_time:826105ms step_avg:200.12ms
step:4129/4150 train_time:826330ms step_avg:200.13ms
step:4130/4150 train_time:826563ms step_avg:200.14ms
step:4131/4150 train_time:826788ms step_avg:200.14ms
step:4132/4150 train_time:827021ms step_avg:200.15ms
step:4133/4150 train_time:827244ms step_avg:200.16ms
Exception in thread Thread-27 (_load):
Traceback (most recent call last):
  File "/usr/lib/python3.10/threading.py", line 1016, in _bootstrap_inner
Exception in thread Exception in thread Exception in thread Exception in thread Exception in thread Thread-27 (_load):
Traceback (most recent call last):
  File "/usr/lib/python3.10/threading.py", line 1016, in _bootstrap_inner
Exception in thread Thread-27 (_load):
    Exception in thread self.run()Thread-27 (_load)
  File "/usr/lib/python3.10/threading.py", line 953, in run
Thread-27 (_load)Thread-27 (_load):
Traceback (most recent call last):
  File "/usr/lib/python3.10/threading.py", line 1016, in _bootstrap_inner
:
Traceback (most recent call last):
  File "/usr/lib/python3.10/threading.py", line 1016, in _bootstrap_inner
        self.run()self._target(*self._args, **self._kwargs)
  File "/usr/lib/python3.10/threading.py", line 953, in run

  File "/root/modded-nanogpt-private/train_gpt_medium.py", line 1707, in _load
    self.run()
  File "/usr/lib/python3.10/threading.py", line 953, in run
        self.run()
  File "/usr/lib/python3.10/threading.py", line 953, in run
Thread-27 (_load):
Traceback (most recent call last):
  File "/usr/lib/python3.10/threading.py", line 1016, in _bootstrap_inner
self._target(*self._args, **self._kwargs)
  File "/root/modded-nanogpt-private/train_gpt_medium.py", line 1707, in _load
    self._target(*self._args, **self._kwargs)
  File "/root/modded-nanogpt-private/train_gpt_medium.py", line 1707, in _load
    Thread-27 (_load):
Traceback (most recent call last):
  File "/usr/lib/python3.10/threading.py", line 1016, in _bootstrap_inner
self._target(*self._args, **self._kwargs)
  File "/root/modded-nanogpt-private/train_gpt_medium.py", line 1707, in _load
    tokens = _load_data_shard(next(self.file_iter))
    self.run()StopIteration

  File "/usr/lib/python3.10/threading.py", line 953, in run
    tokens = _load_data_shard(next(self.file_iter))
    Traceback (most recent call last):
tokens = _load_data_shard(next(self.file_iter))
  File "/usr/lib/python3.10/threading.py", line 1016, in _bootstrap_inner
StopIterationStopIteration
    
    self._target(*self._args, **self._kwargs)
  File "/root/modded-nanogpt-private/train_gpt_medium.py", line 1707, in _load
self.run():

      File "/usr/lib/python3.10/threading.py", line 953, in run
tokens = _load_data_shard(next(self.file_iter))
Traceback (most recent call last):
  File "/usr/lib/python3.10/threading.py", line 1016, in _bootstrap_inner
StopIteration
    self._target(*self._args, **self._kwargs)
  File "/root/modded-nanogpt-private/train_gpt_medium.py", line 1707, in _load
    self.run()
  File "/usr/lib/python3.10/threading.py", line 953, in run
    tokens = _load_data_shard(next(self.file_iter))
    StopIterationself.run()

  File "/usr/lib/python3.10/threading.py", line 953, in run
    self._target(*self._args, **self._kwargs)
  File "/root/modded-nanogpt-private/train_gpt_medium.py", line 1707, in _load
    tokens = _load_data_shard(next(self.file_iter))
    self._target(*self._args, **self._kwargs)
  File "/root/modded-nanogpt-private/train_gpt_medium.py", line 1707, in _load
StopIteration
    tokens = _load_data_shard(next(self.file_iter))
    StopIteration
tokens = _load_data_shard(next(self.file_iter))
StopIteration
step:4134/4150 train_time:827475ms step_avg:200.16ms
step:4135/4150 train_time:827697ms step_avg:200.17ms
step:4136/4150 train_time:827930ms step_avg:200.18ms
step:4137/4150 train_time:828154ms step_avg:200.18ms
step:4138/4150 train_time:828389ms step_avg:200.19ms
step:4139/4150 train_time:828616ms step_avg:200.20ms
step:4140/4150 train_time:828850ms step_avg:200.21ms
step:4141/4150 train_time:829075ms step_avg:200.21ms
step:4142/4150 train_time:829309ms step_avg:200.22ms
step:4143/4150 train_time:829532ms step_avg:200.23ms
step:4144/4150 train_time:829764ms step_avg:200.23ms
step:4145/4150 train_time:829987ms step_avg:200.24ms
step:4146/4150 train_time:830221ms step_avg:200.25ms
step:4147/4150 train_time:830445ms step_avg:200.25ms
step:4148/4150 train_time:830676ms step_avg:200.26ms
step:4149/4150 train_time:830901ms step_avg:200.27ms
step:4150/4150 train_time:831134ms step_avg:200.27ms
step:4150/4150 val_loss:2.9143 train_time:831339ms step_avg:200.32ms
peak memory allocated: 60038 MiB reserved: 61020 MiB
