W0503 02:49:17.817000 89661 torch/distributed/run.py:852] 
W0503 02:49:17.817000 89661 torch/distributed/run.py:852] *****************************************
W0503 02:49:17.817000 89661 torch/distributed/run.py:852] Setting OMP_NUM_THREADS environment variable for each process to be 1 in default, to avoid your system being overloaded, please further tune the variable for optimal performance in your application as needed. 
W0503 02:49:17.817000 89661 torch/distributed/run.py:852] *****************************************
Fetching 4 files:   0%|          | 0/4 [00:00<?, ?it/s]Fetching 4 files: 100%|██████████| 4/4 [00:00<00:00, 89240.51it/s]
Warning: You are sending unauthenticated requests to the HF Hub. Please set a HF_TOKEN to enable higher rate limits and faster downloads.
Warning: You are sending unauthenticated requests to the HF Hub. Please set a HF_TOKEN to enable higher rate limits and faster downloads.
Warning: You are sending unauthenticated requests to the HF Hub. Please set a HF_TOKEN to enable higher rate limits and faster downloads.
Fetching 4 files:   0%|          | 0/4 [00:00<?, ?it/s]Fetching 4 files: 100%|██████████| 4/4 [00:00<00:00, 92691.80it/s]
Fetching 4 files:   0%|          | 0/4 [00:00<?, ?it/s]Fetching 4 files: 100%|██████████| 4/4 [00:00<00:00, 93206.76it/s]
Warning: You are sending unauthenticated requests to the HF Hub. Please set a HF_TOKEN to enable higher rate limits and faster downloads.
Fetching 4 files:   0%|          | 0/4 [00:00<?, ?it/s]Fetching 4 files: 100%|██████████| 4/4 [00:00<00:00, 21076.90it/s]
Warning: You are sending unauthenticated requests to the HF Hub. Please set a HF_TOKEN to enable higher rate limits and faster downloads.
Fetching 4 files:   0%|          | 0/4 [00:00<?, ?it/s]Fetching 4 files: 100%|██████████| 4/4 [00:00<00:00, 94254.02it/s]
Fetching 4 files:   0%|          | 0/4 [00:00<?, ?it/s]Fetching 4 files: 100%|██████████| 4/4 [00:00<00:00, 95325.09it/s]
Fetching 4 files:   0%|          | 0/4 [00:00<?, ?it/s]Fetching 4 files: 100%|██████████| 4/4 [00:00<00:00, 84307.62it/s]
Fetching 4 files:   0%|          | 0/4 [00:00<?, ?it/s]Fetching 4 files: 100%|██████████| 4/4 [00:00<00:00, 90687.65it/s]
[Gloo] Rank 1 is connected to 7 peer ranks. Expected number of connected peer ranks is : 7
[Gloo] Rank 0 is connected to 7 peer ranks. Expected number of connected peer ranks is : 7
[Gloo] Rank [Gloo] Rank 24 is connected to  is connected to 77 peer ranks.  peer ranks. Expected number of connected peer ranks is : [Gloo] Rank Expected number of connected peer ranks is : [Gloo] Rank 7375
 is connected to 
 is connected to 77 peer ranks.  peer ranks. Expected number of connected peer ranks is : Expected number of connected peer ranks is : 77

[Gloo] Rank [Gloo] Rank 76 is connected to  is connected to 77 peer ranks.  peer ranks. Expected number of connected peer ranks is : Expected number of connected peer ranks is : 77

logs/medium_runs/token_strided_conv_w8_e32_right_ckpt_20260503_024858.txt
Compiling model and warming up kernels (~7 minutes on first execution)
Sampling steps [0, 1, 343, 344, 345, 687, 688, 689, 1031, 1032, 1033, 1374, 1375, 1376, 1718, 1719, 1720, 2062, 2063, 2064, 2406, 2407, 2408, 2749, 2750, 2751] for warmup
Resetting Model
step:0/4150 val_loss:10.8335 train_time:0ms step_avg:0.04ms
step:1/4150 train_time:87ms step_avg:87.39ms
step:2/4150 train_time:127ms step_avg:63.36ms
step:3/4150 train_time:188ms step_avg:62.52ms
step:4/4150 train_time:249ms step_avg:62.23ms
step:5/4150 train_time:312ms step_avg:62.47ms
step:6/4150 train_time:375ms step_avg:62.43ms
step:7/4150 train_time:438ms step_avg:62.57ms
step:8/4150 train_time:499ms step_avg:62.38ms
step:9/4150 train_time:563ms step_avg:62.59ms
step:10/4150 train_time:624ms step_avg:62.43ms
step:11/4150 train_time:687ms step_avg:62.50ms
step:12/4150 train_time:749ms step_avg:62.39ms
step:13/4150 train_time:813ms step_avg:62.52ms
step:14/4150 train_time:874ms step_avg:62.46ms
step:15/4150 train_time:939ms step_avg:62.59ms
step:16/4150 train_time:1006ms step_avg:62.86ms
step:17/4150 train_time:1074ms step_avg:63.17ms
step:18/4150 train_time:1138ms step_avg:63.23ms
step:19/4150 train_time:1203ms step_avg:63.33ms
step:20/4150 train_time:1265ms step_avg:63.26ms
step:21/4150 train_time:1331ms step_avg:63.36ms
step:22/4150 train_time:1392ms step_avg:63.29ms
step:23/4150 train_time:1457ms step_avg:63.34ms
step:24/4150 train_time:1519ms step_avg:63.27ms
step:25/4150 train_time:1584ms step_avg:63.34ms
step:26/4150 train_time:1645ms step_avg:63.29ms
step:27/4150 train_time:1709ms step_avg:63.29ms
step:28/4150 train_time:1771ms step_avg:63.25ms
step:29/4150 train_time:1836ms step_avg:63.32ms
step:30/4150 train_time:1899ms step_avg:63.29ms
step:31/4150 train_time:1964ms step_avg:63.36ms
step:32/4150 train_time:2028ms step_avg:63.37ms
step:33/4150 train_time:2094ms step_avg:63.46ms
step:34/4150 train_time:2158ms step_avg:63.46ms
step:35/4150 train_time:2223ms step_avg:63.52ms
step:36/4150 train_time:2285ms step_avg:63.48ms
step:37/4150 train_time:2350ms step_avg:63.52ms
step:38/4150 train_time:2412ms step_avg:63.47ms
step:39/4150 train_time:2477ms step_avg:63.50ms
step:40/4150 train_time:2539ms step_avg:63.48ms
step:41/4150 train_time:2604ms step_avg:63.51ms
step:42/4150 train_time:2666ms step_avg:63.48ms
step:43/4150 train_time:2730ms step_avg:63.49ms
step:44/4150 train_time:2793ms step_avg:63.47ms
step:45/4150 train_time:2858ms step_avg:63.50ms
step:46/4150 train_time:2920ms step_avg:63.47ms
step:47/4150 train_time:2985ms step_avg:63.50ms
step:48/4150 train_time:3048ms step_avg:63.49ms
step:49/4150 train_time:3113ms step_avg:63.54ms
step:50/4150 train_time:3176ms step_avg:63.51ms
step:51/4150 train_time:3241ms step_avg:63.55ms
step:52/4150 train_time:3303ms step_avg:63.52ms
step:53/4150 train_time:3368ms step_avg:63.54ms
step:54/4150 train_time:3431ms step_avg:63.54ms
step:55/4150 train_time:3497ms step_avg:63.57ms
step:56/4150 train_time:3559ms step_avg:63.55ms
step:57/4150 train_time:3623ms step_avg:63.57ms
step:58/4150 train_time:3686ms step_avg:63.55ms
step:59/4150 train_time:3751ms step_avg:63.57ms
step:60/4150 train_time:3813ms step_avg:63.55ms
step:61/4150 train_time:3878ms step_avg:63.57ms
step:62/4150 train_time:3941ms step_avg:63.56ms
step:63/4150 train_time:4006ms step_avg:63.58ms
step:64/4150 train_time:4069ms step_avg:63.57ms
step:65/4150 train_time:4134ms step_avg:63.60ms
step:66/4150 train_time:4198ms step_avg:63.61ms
step:67/4150 train_time:4263ms step_avg:63.63ms
step:68/4150 train_time:4326ms step_avg:63.61ms
step:69/4150 train_time:4391ms step_avg:63.64ms
step:70/4150 train_time:4453ms step_avg:63.62ms
step:71/4150 train_time:4518ms step_avg:63.63ms
step:72/4150 train_time:4581ms step_avg:63.62ms
step:73/4150 train_time:4646ms step_avg:63.65ms
step:74/4150 train_time:4708ms step_avg:63.62ms
step:75/4150 train_time:4772ms step_avg:63.63ms
step:76/4150 train_time:4835ms step_avg:63.61ms
step:77/4150 train_time:4900ms step_avg:63.64ms
step:78/4150 train_time:4962ms step_avg:63.62ms
step:79/4150 train_time:5027ms step_avg:63.64ms
step:80/4150 train_time:5090ms step_avg:63.63ms
step:81/4150 train_time:5155ms step_avg:63.64ms
step:82/4150 train_time:5218ms step_avg:63.63ms
step:83/4150 train_time:5283ms step_avg:63.66ms
step:84/4150 train_time:5345ms step_avg:63.63ms
step:85/4150 train_time:5411ms step_avg:63.65ms
step:86/4150 train_time:5474ms step_avg:63.65ms
step:87/4150 train_time:5539ms step_avg:63.66ms
step:88/4150 train_time:5602ms step_avg:63.66ms
step:89/4150 train_time:5667ms step_avg:63.68ms
step:90/4150 train_time:5730ms step_avg:63.67ms
step:91/4150 train_time:5796ms step_avg:63.70ms
step:92/4150 train_time:5858ms step_avg:63.67ms
step:93/4150 train_time:5923ms step_avg:63.68ms
step:94/4150 train_time:5985ms step_avg:63.67ms
step:95/4150 train_time:6049ms step_avg:63.68ms
step:96/4150 train_time:6113ms step_avg:63.68ms
step:97/4150 train_time:6179ms step_avg:63.70ms
step:98/4150 train_time:6241ms step_avg:63.68ms
step:99/4150 train_time:6306ms step_avg:63.69ms
step:100/4150 train_time:6368ms step_avg:63.68ms
step:101/4150 train_time:6433ms step_avg:63.70ms
step:102/4150 train_time:6496ms step_avg:63.68ms
step:103/4150 train_time:6561ms step_avg:63.70ms
step:104/4150 train_time:6623ms step_avg:63.68ms
step:105/4150 train_time:6688ms step_avg:63.69ms
step:106/4150 train_time:6750ms step_avg:63.67ms
step:107/4150 train_time:6815ms step_avg:63.69ms
step:108/4150 train_time:6878ms step_avg:63.69ms
step:109/4150 train_time:6943ms step_avg:63.70ms
step:110/4150 train_time:7006ms step_avg:63.69ms
step:111/4150 train_time:7070ms step_avg:63.69ms
step:112/4150 train_time:7131ms step_avg:63.67ms
step:113/4150 train_time:7196ms step_avg:63.68ms
step:114/4150 train_time:7259ms step_avg:63.67ms
step:115/4150 train_time:7324ms step_avg:63.68ms
step:116/4150 train_time:7386ms step_avg:63.67ms
step:117/4150 train_time:7450ms step_avg:63.68ms
step:118/4150 train_time:7512ms step_avg:63.66ms
step:119/4150 train_time:7577ms step_avg:63.67ms
step:120/4150 train_time:7639ms step_avg:63.66ms
step:121/4150 train_time:7703ms step_avg:63.66ms
step:122/4150 train_time:7766ms step_avg:63.65ms
step:123/4150 train_time:7831ms step_avg:63.66ms
step:124/4150 train_time:7892ms step_avg:63.65ms
step:125/4150 train_time:7957ms step_avg:63.66ms
step:126/4150 train_time:8020ms step_avg:63.65ms
step:127/4150 train_time:8085ms step_avg:63.66ms
step:128/4150 train_time:8147ms step_avg:63.65ms
step:129/4150 train_time:8212ms step_avg:63.66ms
step:130/4150 train_time:8275ms step_avg:63.65ms
step:131/4150 train_time:8340ms step_avg:63.66ms
step:132/4150 train_time:8402ms step_avg:63.65ms
step:133/4150 train_time:8466ms step_avg:63.65ms
step:134/4150 train_time:8528ms step_avg:63.64ms
step:135/4150 train_time:8593ms step_avg:63.65ms
step:136/4150 train_time:8655ms step_avg:63.64ms
step:137/4150 train_time:8721ms step_avg:63.66ms
step:138/4150 train_time:8783ms step_avg:63.65ms
step:139/4150 train_time:8847ms step_avg:63.65ms
step:140/4150 train_time:8909ms step_avg:63.64ms
step:141/4150 train_time:8975ms step_avg:63.65ms
step:142/4150 train_time:9037ms step_avg:63.64ms
step:143/4150 train_time:9102ms step_avg:63.65ms
step:144/4150 train_time:9164ms step_avg:63.64ms
step:145/4150 train_time:9229ms step_avg:63.65ms
step:146/4150 train_time:9292ms step_avg:63.64ms
step:147/4150 train_time:9357ms step_avg:63.65ms
step:148/4150 train_time:9420ms step_avg:63.65ms
step:149/4150 train_time:9485ms step_avg:63.65ms
step:150/4150 train_time:9546ms step_avg:63.64ms
step:151/4150 train_time:9611ms step_avg:63.65ms
step:152/4150 train_time:9674ms step_avg:63.64ms
step:153/4150 train_time:9739ms step_avg:63.66ms
step:154/4150 train_time:9803ms step_avg:63.65ms
step:155/4150 train_time:9867ms step_avg:63.66ms
step:156/4150 train_time:9930ms step_avg:63.65ms
step:157/4150 train_time:9994ms step_avg:63.66ms
step:158/4150 train_time:10057ms step_avg:63.65ms
step:159/4150 train_time:10123ms step_avg:63.66ms
step:160/4150 train_time:10185ms step_avg:63.66ms
step:161/4150 train_time:10250ms step_avg:63.66ms
step:162/4150 train_time:10313ms step_avg:63.66ms
step:163/4150 train_time:10378ms step_avg:63.67ms
step:164/4150 train_time:10440ms step_avg:63.66ms
step:165/4150 train_time:10505ms step_avg:63.67ms
step:166/4150 train_time:10567ms step_avg:63.66ms
step:167/4150 train_time:10632ms step_avg:63.67ms
step:168/4150 train_time:10695ms step_avg:63.66ms
step:169/4150 train_time:10759ms step_avg:63.66ms
step:170/4150 train_time:10822ms step_avg:63.66ms
step:171/4150 train_time:10886ms step_avg:63.66ms
step:172/4150 train_time:10948ms step_avg:63.65ms
step:173/4150 train_time:11012ms step_avg:63.66ms
step:174/4150 train_time:11075ms step_avg:63.65ms
step:175/4150 train_time:11140ms step_avg:63.66ms
step:176/4150 train_time:11202ms step_avg:63.65ms
step:177/4150 train_time:11268ms step_avg:63.66ms
step:178/4150 train_time:11330ms step_avg:63.65ms
step:179/4150 train_time:11395ms step_avg:63.66ms
step:180/4150 train_time:11457ms step_avg:63.65ms
step:181/4150 train_time:11521ms step_avg:63.65ms
step:182/4150 train_time:11583ms step_avg:63.64ms
step:183/4150 train_time:11649ms step_avg:63.65ms
step:184/4150 train_time:11712ms step_avg:63.65ms
step:185/4150 train_time:11777ms step_avg:63.66ms
step:186/4150 train_time:11840ms step_avg:63.66ms
step:187/4150 train_time:11904ms step_avg:63.66ms
step:188/4150 train_time:11966ms step_avg:63.65ms
step:189/4150 train_time:12030ms step_avg:63.65ms
step:190/4150 train_time:12092ms step_avg:63.64ms
step:191/4150 train_time:12157ms step_avg:63.65ms
step:192/4150 train_time:12220ms step_avg:63.65ms
step:193/4150 train_time:12285ms step_avg:63.65ms
step:194/4150 train_time:12347ms step_avg:63.64ms
step:195/4150 train_time:12411ms step_avg:63.65ms
step:196/4150 train_time:12474ms step_avg:63.64ms
step:197/4150 train_time:12539ms step_avg:63.65ms
step:198/4150 train_time:12601ms step_avg:63.64ms
step:199/4150 train_time:12665ms step_avg:63.64ms
step:200/4150 train_time:12727ms step_avg:63.64ms
step:201/4150 train_time:12792ms step_avg:63.64ms
step:202/4150 train_time:12854ms step_avg:63.64ms
step:203/4150 train_time:12919ms step_avg:63.64ms
step:204/4150 train_time:12980ms step_avg:63.63ms
step:205/4150 train_time:13045ms step_avg:63.63ms
step:206/4150 train_time:13107ms step_avg:63.63ms
step:207/4150 train_time:13172ms step_avg:63.63ms
step:208/4150 train_time:13234ms step_avg:63.63ms
step:209/4150 train_time:13298ms step_avg:63.63ms
step:210/4150 train_time:13361ms step_avg:63.62ms
step:211/4150 train_time:13427ms step_avg:63.63ms
step:212/4150 train_time:13489ms step_avg:63.63ms
step:213/4150 train_time:13553ms step_avg:63.63ms
step:214/4150 train_time:13615ms step_avg:63.62ms
step:215/4150 train_time:13679ms step_avg:63.63ms
step:216/4150 train_time:13742ms step_avg:63.62ms
step:217/4150 train_time:13807ms step_avg:63.62ms
step:218/4150 train_time:13869ms step_avg:63.62ms
step:219/4150 train_time:13933ms step_avg:63.62ms
step:220/4150 train_time:13995ms step_avg:63.61ms
step:221/4150 train_time:14060ms step_avg:63.62ms
step:222/4150 train_time:14123ms step_avg:63.62ms
step:223/4150 train_time:14189ms step_avg:63.63ms
step:224/4150 train_time:14251ms step_avg:63.62ms
step:225/4150 train_time:14315ms step_avg:63.62ms
step:226/4150 train_time:14378ms step_avg:63.62ms
step:227/4150 train_time:14443ms step_avg:63.63ms
step:228/4150 train_time:14504ms step_avg:63.62ms
step:229/4150 train_time:14568ms step_avg:63.62ms
step:230/4150 train_time:14631ms step_avg:63.61ms
step:231/4150 train_time:14695ms step_avg:63.62ms
step:232/4150 train_time:14757ms step_avg:63.61ms
step:233/4150 train_time:14823ms step_avg:63.62ms
step:234/4150 train_time:14885ms step_avg:63.61ms
step:235/4150 train_time:14951ms step_avg:63.62ms
step:236/4150 train_time:15012ms step_avg:63.61ms
step:237/4150 train_time:15077ms step_avg:63.62ms
step:238/4150 train_time:15140ms step_avg:63.61ms
step:239/4150 train_time:15205ms step_avg:63.62ms
step:240/4150 train_time:15266ms step_avg:63.61ms
step:241/4150 train_time:15331ms step_avg:63.61ms
step:242/4150 train_time:15394ms step_avg:63.61ms
step:243/4150 train_time:15456ms step_avg:63.61ms
step:244/4150 train_time:15518ms step_avg:63.60ms
step:245/4150 train_time:15582ms step_avg:63.60ms
step:246/4150 train_time:15645ms step_avg:63.60ms
step:247/4150 train_time:15709ms step_avg:63.60ms
step:248/4150 train_time:15773ms step_avg:63.60ms
step:249/4150 train_time:15837ms step_avg:63.60ms
step:250/4150 train_time:15899ms step_avg:63.60ms
step:250/4150 val_loss:4.4582 train_time:15958ms step_avg:63.83ms
step:251/4150 train_time:15979ms step_avg:63.66ms
step:252/4150 train_time:16026ms step_avg:63.59ms
step:253/4150 train_time:16088ms step_avg:63.59ms
step:254/4150 train_time:16149ms step_avg:63.58ms
step:255/4150 train_time:16213ms step_avg:63.58ms
step:256/4150 train_time:16279ms step_avg:63.59ms
step:257/4150 train_time:16346ms step_avg:63.60ms
step:258/4150 train_time:16409ms step_avg:63.60ms
step:259/4150 train_time:16474ms step_avg:63.61ms
step:260/4150 train_time:16535ms step_avg:63.60ms
step:261/4150 train_time:16599ms step_avg:63.60ms
step:262/4150 train_time:16660ms step_avg:63.59ms
step:263/4150 train_time:16724ms step_avg:63.59ms
step:264/4150 train_time:16786ms step_avg:63.58ms
step:265/4150 train_time:16850ms step_avg:63.59ms
step:266/4150 train_time:16916ms step_avg:63.59ms
step:267/4150 train_time:16982ms step_avg:63.60ms
step:268/4150 train_time:17045ms step_avg:63.60ms
step:269/4150 train_time:17109ms step_avg:63.60ms
step:270/4150 train_time:17172ms step_avg:63.60ms
step:271/4150 train_time:17237ms step_avg:63.61ms
step:272/4150 train_time:17298ms step_avg:63.60ms
step:273/4150 train_time:17364ms step_avg:63.60ms
step:274/4150 train_time:17426ms step_avg:63.60ms
step:275/4150 train_time:17491ms step_avg:63.60ms
step:276/4150 train_time:17552ms step_avg:63.60ms
step:277/4150 train_time:17616ms step_avg:63.60ms
step:278/4150 train_time:17679ms step_avg:63.59ms
step:279/4150 train_time:17744ms step_avg:63.60ms
step:280/4150 train_time:17805ms step_avg:63.59ms
step:281/4150 train_time:17870ms step_avg:63.59ms
step:282/4150 train_time:17932ms step_avg:63.59ms
step:283/4150 train_time:17998ms step_avg:63.60ms
step:284/4150 train_time:18060ms step_avg:63.59ms
step:285/4150 train_time:18125ms step_avg:63.60ms
step:286/4150 train_time:18188ms step_avg:63.59ms
step:287/4150 train_time:18253ms step_avg:63.60ms
step:288/4150 train_time:18315ms step_avg:63.59ms
step:289/4150 train_time:18380ms step_avg:63.60ms
step:290/4150 train_time:18441ms step_avg:63.59ms
step:291/4150 train_time:18507ms step_avg:63.60ms
step:292/4150 train_time:18568ms step_avg:63.59ms
step:293/4150 train_time:18633ms step_avg:63.59ms
step:294/4150 train_time:18694ms step_avg:63.59ms
step:295/4150 train_time:18758ms step_avg:63.59ms
step:296/4150 train_time:18819ms step_avg:63.58ms
step:297/4150 train_time:18885ms step_avg:63.58ms
step:298/4150 train_time:18947ms step_avg:63.58ms
step:299/4150 train_time:19011ms step_avg:63.58ms
step:300/4150 train_time:19072ms step_avg:63.57ms
step:301/4150 train_time:19137ms step_avg:63.58ms
step:302/4150 train_time:19200ms step_avg:63.57ms
step:303/4150 train_time:19265ms step_avg:63.58ms
step:304/4150 train_time:19328ms step_avg:63.58ms
step:305/4150 train_time:19393ms step_avg:63.58ms
step:306/4150 train_time:19455ms step_avg:63.58ms
step:307/4150 train_time:19520ms step_avg:63.58ms
step:308/4150 train_time:19583ms step_avg:63.58ms
step:309/4150 train_time:19648ms step_avg:63.58ms
step:310/4150 train_time:19710ms step_avg:63.58ms
step:311/4150 train_time:19774ms step_avg:63.58ms
step:312/4150 train_time:19836ms step_avg:63.58ms
step:313/4150 train_time:19900ms step_avg:63.58ms
step:314/4150 train_time:19963ms step_avg:63.58ms
step:315/4150 train_time:20026ms step_avg:63.58ms
step:316/4150 train_time:20088ms step_avg:63.57ms
step:317/4150 train_time:20152ms step_avg:63.57ms
step:318/4150 train_time:20216ms step_avg:63.57ms
step:319/4150 train_time:20280ms step_avg:63.57ms
step:320/4150 train_time:20342ms step_avg:63.57ms
step:321/4150 train_time:20407ms step_avg:63.57ms
step:322/4150 train_time:20469ms step_avg:63.57ms
step:323/4150 train_time:20533ms step_avg:63.57ms
step:324/4150 train_time:20594ms step_avg:63.56ms
step:325/4150 train_time:20658ms step_avg:63.56ms
step:326/4150 train_time:20720ms step_avg:63.56ms
step:327/4150 train_time:20784ms step_avg:63.56ms
step:328/4150 train_time:20846ms step_avg:63.56ms
step:329/4150 train_time:20911ms step_avg:63.56ms
step:330/4150 train_time:20973ms step_avg:63.55ms
step:331/4150 train_time:21037ms step_avg:63.56ms
step:332/4150 train_time:21099ms step_avg:63.55ms
step:333/4150 train_time:21163ms step_avg:63.55ms
step:334/4150 train_time:21226ms step_avg:63.55ms
step:335/4150 train_time:21290ms step_avg:63.55ms
step:336/4150 train_time:21352ms step_avg:63.55ms
step:337/4150 train_time:21417ms step_avg:63.55ms
step:338/4150 train_time:21479ms step_avg:63.55ms
step:339/4150 train_time:21544ms step_avg:63.55ms
step:340/4150 train_time:21606ms step_avg:63.55ms
step:341/4150 train_time:21671ms step_avg:63.55ms
step:342/4150 train_time:21732ms step_avg:63.54ms
step:343/4150 train_time:21796ms step_avg:63.55ms
step:344/4150 train_time:21858ms step_avg:63.54ms
step:345/4150 train_time:21929ms step_avg:63.56ms
step:346/4150 train_time:22046ms step_avg:63.72ms
step:347/4150 train_time:22161ms step_avg:63.87ms
step:348/4150 train_time:22278ms step_avg:64.02ms
step:349/4150 train_time:22394ms step_avg:64.17ms
step:350/4150 train_time:22510ms step_avg:64.31ms
step:351/4150 train_time:22624ms step_avg:64.46ms
step:352/4150 train_time:22741ms step_avg:64.60ms
step:353/4150 train_time:22856ms step_avg:64.75ms
step:354/4150 train_time:22971ms step_avg:64.89ms
step:355/4150 train_time:23086ms step_avg:65.03ms
step:356/4150 train_time:23203ms step_avg:65.18ms
step:357/4150 train_time:23318ms step_avg:65.32ms
step:358/4150 train_time:23435ms step_avg:65.46ms
step:359/4150 train_time:23549ms step_avg:65.60ms
step:360/4150 train_time:23665ms step_avg:65.74ms
step:361/4150 train_time:23781ms step_avg:65.88ms
step:362/4150 train_time:23896ms step_avg:66.01ms
step:363/4150 train_time:24014ms step_avg:66.15ms
step:364/4150 train_time:24129ms step_avg:66.29ms
step:365/4150 train_time:24244ms step_avg:66.42ms
step:366/4150 train_time:24360ms step_avg:66.56ms
step:367/4150 train_time:24476ms step_avg:66.69ms
step:368/4150 train_time:24592ms step_avg:66.83ms
step:369/4150 train_time:24708ms step_avg:66.96ms
step:370/4150 train_time:24823ms step_avg:67.09ms
step:371/4150 train_time:24939ms step_avg:67.22ms
step:372/4150 train_time:25053ms step_avg:67.35ms
step:373/4150 train_time:25169ms step_avg:67.48ms
step:374/4150 train_time:25285ms step_avg:67.61ms
step:375/4150 train_time:25401ms step_avg:67.74ms
step:376/4150 train_time:25516ms step_avg:67.86ms
step:377/4150 train_time:25631ms step_avg:67.99ms
step:378/4150 train_time:25747ms step_avg:68.11ms
step:379/4150 train_time:25862ms step_avg:68.24ms
step:380/4150 train_time:25978ms step_avg:68.36ms
step:381/4150 train_time:26093ms step_avg:68.49ms
step:382/4150 train_time:26209ms step_avg:68.61ms
step:383/4150 train_time:26324ms step_avg:68.73ms
step:384/4150 train_time:26440ms step_avg:68.85ms
step:385/4150 train_time:26555ms step_avg:68.97ms
step:386/4150 train_time:26670ms step_avg:69.09ms
step:387/4150 train_time:26786ms step_avg:69.21ms
step:388/4150 train_time:26901ms step_avg:69.33ms
step:389/4150 train_time:27017ms step_avg:69.45ms
step:390/4150 train_time:27132ms step_avg:69.57ms
step:391/4150 train_time:27248ms step_avg:69.69ms
step:392/4150 train_time:27364ms step_avg:69.81ms
step:393/4150 train_time:27480ms step_avg:69.92ms
step:394/4150 train_time:27595ms step_avg:70.04ms
step:395/4150 train_time:27710ms step_avg:70.15ms
step:396/4150 train_time:27826ms step_avg:70.27ms
step:397/4150 train_time:27943ms step_avg:70.38ms
step:398/4150 train_time:28056ms step_avg:70.49ms
step:399/4150 train_time:28173ms step_avg:70.61ms
step:400/4150 train_time:28288ms step_avg:70.72ms
step:401/4150 train_time:28404ms step_avg:70.83ms
step:402/4150 train_time:28520ms step_avg:70.95ms
step:403/4150 train_time:28637ms step_avg:71.06ms
step:404/4150 train_time:28752ms step_avg:71.17ms
step:405/4150 train_time:28868ms step_avg:71.28ms
step:406/4150 train_time:28983ms step_avg:71.39ms
step:407/4150 train_time:29098ms step_avg:71.49ms
step:408/4150 train_time:29214ms step_avg:71.60ms
step:409/4150 train_time:29329ms step_avg:71.71ms
step:410/4150 train_time:29446ms step_avg:71.82ms
step:411/4150 train_time:29563ms step_avg:71.93ms
step:412/4150 train_time:29678ms step_avg:72.03ms
step:413/4150 train_time:29794ms step_avg:72.14ms
step:414/4150 train_time:29909ms step_avg:72.24ms
step:415/4150 train_time:30024ms step_avg:72.35ms
step:416/4150 train_time:30138ms step_avg:72.45ms
step:417/4150 train_time:30254ms step_avg:72.55ms
step:418/4150 train_time:30368ms step_avg:72.65ms
step:419/4150 train_time:30484ms step_avg:72.75ms
step:420/4150 train_time:30600ms step_avg:72.86ms
step:421/4150 train_time:30717ms step_avg:72.96ms
step:422/4150 train_time:30832ms step_avg:73.06ms
step:423/4150 train_time:30948ms step_avg:73.16ms
step:424/4150 train_time:31063ms step_avg:73.26ms
step:425/4150 train_time:31179ms step_avg:73.36ms
step:426/4150 train_time:31294ms step_avg:73.46ms
step:427/4150 train_time:31409ms step_avg:73.56ms
step:428/4150 train_time:31526ms step_avg:73.66ms
step:429/4150 train_time:31642ms step_avg:73.76ms
step:430/4150 train_time:31758ms step_avg:73.86ms
step:431/4150 train_time:31873ms step_avg:73.95ms
step:432/4150 train_time:31988ms step_avg:74.05ms
step:433/4150 train_time:32103ms step_avg:74.14ms
step:434/4150 train_time:32219ms step_avg:74.24ms
step:435/4150 train_time:32335ms step_avg:74.33ms
step:436/4150 train_time:32449ms step_avg:74.42ms
step:437/4150 train_time:32564ms step_avg:74.52ms
step:438/4150 train_time:32680ms step_avg:74.61ms
step:439/4150 train_time:32796ms step_avg:74.71ms
step:440/4150 train_time:32912ms step_avg:74.80ms
step:441/4150 train_time:33027ms step_avg:74.89ms
step:442/4150 train_time:33142ms step_avg:74.98ms
step:443/4150 train_time:33258ms step_avg:75.07ms
step:444/4150 train_time:33373ms step_avg:75.17ms
step:445/4150 train_time:33490ms step_avg:75.26ms
step:446/4150 train_time:33606ms step_avg:75.35ms
step:447/4150 train_time:33723ms step_avg:75.44ms
step:448/4150 train_time:33838ms step_avg:75.53ms
step:449/4150 train_time:33954ms step_avg:75.62ms
step:450/4150 train_time:34069ms step_avg:75.71ms
step:451/4150 train_time:34185ms step_avg:75.80ms
step:452/4150 train_time:34300ms step_avg:75.89ms
step:453/4150 train_time:34416ms step_avg:75.97ms
step:454/4150 train_time:34530ms step_avg:76.06ms
step:455/4150 train_time:34646ms step_avg:76.15ms
step:456/4150 train_time:34761ms step_avg:76.23ms
step:457/4150 train_time:34878ms step_avg:76.32ms
step:458/4150 train_time:34994ms step_avg:76.41ms
step:459/4150 train_time:35110ms step_avg:76.49ms
step:460/4150 train_time:35227ms step_avg:76.58ms
step:461/4150 train_time:35342ms step_avg:76.66ms
step:462/4150 train_time:35456ms step_avg:76.75ms
step:463/4150 train_time:35573ms step_avg:76.83ms
step:464/4150 train_time:35689ms step_avg:76.92ms
step:465/4150 train_time:35803ms step_avg:77.00ms
step:466/4150 train_time:35918ms step_avg:77.08ms
step:467/4150 train_time:36034ms step_avg:77.16ms
step:468/4150 train_time:36150ms step_avg:77.24ms
step:469/4150 train_time:36265ms step_avg:77.32ms
step:470/4150 train_time:36380ms step_avg:77.40ms
step:471/4150 train_time:36495ms step_avg:77.48ms
step:472/4150 train_time:36612ms step_avg:77.57ms
step:473/4150 train_time:36727ms step_avg:77.65ms
step:474/4150 train_time:36842ms step_avg:77.73ms
step:475/4150 train_time:36959ms step_avg:77.81ms
step:476/4150 train_time:37074ms step_avg:77.89ms
step:477/4150 train_time:37190ms step_avg:77.97ms
step:478/4150 train_time:37305ms step_avg:78.04ms
step:479/4150 train_time:37421ms step_avg:78.12ms
step:480/4150 train_time:37538ms step_avg:78.20ms
step:481/4150 train_time:37653ms step_avg:78.28ms
step:482/4150 train_time:37768ms step_avg:78.36ms
step:483/4150 train_time:37884ms step_avg:78.43ms
step:484/4150 train_time:37999ms step_avg:78.51ms
step:485/4150 train_time:38115ms step_avg:78.59ms
step:486/4150 train_time:38230ms step_avg:78.66ms
step:487/4150 train_time:38347ms step_avg:78.74ms
step:488/4150 train_time:38462ms step_avg:78.82ms
step:489/4150 train_time:38577ms step_avg:78.89ms
step:490/4150 train_time:38692ms step_avg:78.96ms
step:491/4150 train_time:38810ms step_avg:79.04ms
step:492/4150 train_time:38927ms step_avg:79.12ms
step:493/4150 train_time:39042ms step_avg:79.19ms
step:494/4150 train_time:39156ms step_avg:79.26ms
step:495/4150 train_time:39271ms step_avg:79.34ms
step:496/4150 train_time:39387ms step_avg:79.41ms
step:497/4150 train_time:39502ms step_avg:79.48ms
step:498/4150 train_time:39618ms step_avg:79.56ms
step:499/4150 train_time:39733ms step_avg:79.63ms
step:500/4150 train_time:39848ms step_avg:79.70ms
step:500/4150 val_loss:3.8862 train_time:39955ms step_avg:79.91ms
step:501/4150 train_time:39976ms step_avg:79.79ms
step:502/4150 train_time:40079ms step_avg:79.84ms
step:503/4150 train_time:40195ms step_avg:79.91ms
step:504/4150 train_time:40315ms step_avg:79.99ms
step:505/4150 train_time:40433ms step_avg:80.07ms
step:506/4150 train_time:40550ms step_avg:80.14ms
step:507/4150 train_time:40663ms step_avg:80.20ms
step:508/4150 train_time:40776ms step_avg:80.27ms
step:509/4150 train_time:40894ms step_avg:80.34ms
step:510/4150 train_time:41011ms step_avg:80.41ms
step:511/4150 train_time:41128ms step_avg:80.49ms
step:512/4150 train_time:41244ms step_avg:80.55ms
step:513/4150 train_time:41361ms step_avg:80.63ms
step:514/4150 train_time:41476ms step_avg:80.69ms
step:515/4150 train_time:41592ms step_avg:80.76ms
step:516/4150 train_time:41705ms step_avg:80.82ms
step:517/4150 train_time:41821ms step_avg:80.89ms
step:518/4150 train_time:41936ms step_avg:80.96ms
step:519/4150 train_time:42053ms step_avg:81.03ms
step:520/4150 train_time:42170ms step_avg:81.10ms
step:521/4150 train_time:42286ms step_avg:81.16ms
step:522/4150 train_time:42402ms step_avg:81.23ms
step:523/4150 train_time:42518ms step_avg:81.30ms
step:524/4150 train_time:42634ms step_avg:81.36ms
step:525/4150 train_time:42749ms step_avg:81.43ms
step:526/4150 train_time:42864ms step_avg:81.49ms
step:527/4150 train_time:42980ms step_avg:81.56ms
step:528/4150 train_time:43096ms step_avg:81.62ms
step:529/4150 train_time:43213ms step_avg:81.69ms
step:530/4150 train_time:43330ms step_avg:81.76ms
step:531/4150 train_time:43447ms step_avg:81.82ms
step:532/4150 train_time:43562ms step_avg:81.88ms
step:533/4150 train_time:43677ms step_avg:81.95ms
step:534/4150 train_time:43793ms step_avg:82.01ms
step:535/4150 train_time:43909ms step_avg:82.07ms
step:536/4150 train_time:44025ms step_avg:82.14ms
step:537/4150 train_time:44140ms step_avg:82.20ms
step:538/4150 train_time:44256ms step_avg:82.26ms
step:539/4150 train_time:44372ms step_avg:82.32ms
step:540/4150 train_time:44489ms step_avg:82.39ms
step:541/4150 train_time:44604ms step_avg:82.45ms
step:542/4150 train_time:44721ms step_avg:82.51ms
step:543/4150 train_time:44836ms step_avg:82.57ms
step:544/4150 train_time:44952ms step_avg:82.63ms
step:545/4150 train_time:45067ms step_avg:82.69ms
step:546/4150 train_time:45182ms step_avg:82.75ms
step:547/4150 train_time:45299ms step_avg:82.81ms
step:548/4150 train_time:45416ms step_avg:82.88ms
step:549/4150 train_time:45532ms step_avg:82.94ms
step:550/4150 train_time:45647ms step_avg:82.99ms
step:551/4150 train_time:45763ms step_avg:83.05ms
step:552/4150 train_time:45878ms step_avg:83.11ms
step:553/4150 train_time:45994ms step_avg:83.17ms
step:554/4150 train_time:46109ms step_avg:83.23ms
step:555/4150 train_time:46225ms step_avg:83.29ms
step:556/4150 train_time:46341ms step_avg:83.35ms
step:557/4150 train_time:46458ms step_avg:83.41ms
step:558/4150 train_time:46574ms step_avg:83.47ms
step:559/4150 train_time:46690ms step_avg:83.52ms
step:560/4150 train_time:46805ms step_avg:83.58ms
step:561/4150 train_time:46921ms step_avg:83.64ms
step:562/4150 train_time:47035ms step_avg:83.69ms
step:563/4150 train_time:47150ms step_avg:83.75ms
step:564/4150 train_time:47266ms step_avg:83.80ms
step:565/4150 train_time:47382ms step_avg:83.86ms
step:566/4150 train_time:47498ms step_avg:83.92ms
step:567/4150 train_time:47614ms step_avg:83.98ms
step:568/4150 train_time:47729ms step_avg:84.03ms
step:569/4150 train_time:47845ms step_avg:84.09ms
step:570/4150 train_time:47960ms step_avg:84.14ms
step:571/4150 train_time:48076ms step_avg:84.20ms
step:572/4150 train_time:48191ms step_avg:84.25ms
step:573/4150 train_time:48308ms step_avg:84.31ms
step:574/4150 train_time:48425ms step_avg:84.36ms
step:575/4150 train_time:48541ms step_avg:84.42ms
step:576/4150 train_time:48657ms step_avg:84.47ms
step:577/4150 train_time:48773ms step_avg:84.53ms
step:578/4150 train_time:48889ms step_avg:84.58ms
step:579/4150 train_time:49003ms step_avg:84.63ms
step:580/4150 train_time:49119ms step_avg:84.69ms
step:581/4150 train_time:49235ms step_avg:84.74ms
step:582/4150 train_time:49351ms step_avg:84.80ms
step:583/4150 train_time:49467ms step_avg:84.85ms
step:584/4150 train_time:49583ms step_avg:84.90ms
step:585/4150 train_time:49700ms step_avg:84.96ms
step:586/4150 train_time:49815ms step_avg:85.01ms
step:587/4150 train_time:49932ms step_avg:85.06ms
step:588/4150 train_time:50048ms step_avg:85.12ms
step:589/4150 train_time:50164ms step_avg:85.17ms
step:590/4150 train_time:50279ms step_avg:85.22ms
step:591/4150 train_time:50397ms step_avg:85.27ms
step:592/4150 train_time:50514ms step_avg:85.33ms
step:593/4150 train_time:50630ms step_avg:85.38ms
step:594/4150 train_time:50746ms step_avg:85.43ms
step:595/4150 train_time:50863ms step_avg:85.48ms
step:596/4150 train_time:50978ms step_avg:85.53ms
step:597/4150 train_time:51093ms step_avg:85.58ms
step:598/4150 train_time:51209ms step_avg:85.63ms
step:599/4150 train_time:51325ms step_avg:85.68ms
step:600/4150 train_time:51440ms step_avg:85.73ms
step:601/4150 train_time:51557ms step_avg:85.78ms
step:602/4150 train_time:51673ms step_avg:85.84ms
step:603/4150 train_time:51790ms step_avg:85.89ms
step:604/4150 train_time:51905ms step_avg:85.94ms
step:605/4150 train_time:52023ms step_avg:85.99ms
step:606/4150 train_time:52137ms step_avg:86.03ms
step:607/4150 train_time:52254ms step_avg:86.09ms
step:608/4150 train_time:52370ms step_avg:86.13ms
step:609/4150 train_time:52485ms step_avg:86.18ms
step:610/4150 train_time:52601ms step_avg:86.23ms
step:611/4150 train_time:52717ms step_avg:86.28ms
step:612/4150 train_time:52833ms step_avg:86.33ms
step:613/4150 train_time:52950ms step_avg:86.38ms
step:614/4150 train_time:53067ms step_avg:86.43ms
step:615/4150 train_time:53183ms step_avg:86.48ms
step:616/4150 train_time:53298ms step_avg:86.52ms
step:617/4150 train_time:53415ms step_avg:86.57ms
step:618/4150 train_time:53530ms step_avg:86.62ms
step:619/4150 train_time:53646ms step_avg:86.67ms
step:620/4150 train_time:53762ms step_avg:86.71ms
step:621/4150 train_time:53878ms step_avg:86.76ms
step:622/4150 train_time:53993ms step_avg:86.81ms
step:623/4150 train_time:54108ms step_avg:86.85ms
step:624/4150 train_time:54224ms step_avg:86.90ms
step:625/4150 train_time:54340ms step_avg:86.94ms
step:626/4150 train_time:54455ms step_avg:86.99ms
step:627/4150 train_time:54571ms step_avg:87.04ms
step:628/4150 train_time:54687ms step_avg:87.08ms
step:629/4150 train_time:54804ms step_avg:87.13ms
step:630/4150 train_time:54919ms step_avg:87.17ms
step:631/4150 train_time:55035ms step_avg:87.22ms
step:632/4150 train_time:55151ms step_avg:87.26ms
step:633/4150 train_time:55269ms step_avg:87.31ms
step:634/4150 train_time:55384ms step_avg:87.36ms
step:635/4150 train_time:55501ms step_avg:87.40ms
step:636/4150 train_time:55616ms step_avg:87.45ms
step:637/4150 train_time:55732ms step_avg:87.49ms
step:638/4150 train_time:55848ms step_avg:87.54ms
step:639/4150 train_time:55964ms step_avg:87.58ms
step:640/4150 train_time:56079ms step_avg:87.62ms
step:641/4150 train_time:56194ms step_avg:87.67ms
step:642/4150 train_time:56310ms step_avg:87.71ms
step:643/4150 train_time:56426ms step_avg:87.75ms
step:644/4150 train_time:56542ms step_avg:87.80ms
step:645/4150 train_time:56659ms step_avg:87.84ms
step:646/4150 train_time:56775ms step_avg:87.89ms
step:647/4150 train_time:56891ms step_avg:87.93ms
step:648/4150 train_time:57006ms step_avg:87.97ms
step:649/4150 train_time:57122ms step_avg:88.02ms
step:650/4150 train_time:57236ms step_avg:88.06ms
step:651/4150 train_time:57354ms step_avg:88.10ms
step:652/4150 train_time:57471ms step_avg:88.15ms
step:653/4150 train_time:57586ms step_avg:88.19ms
step:654/4150 train_time:57701ms step_avg:88.23ms
step:655/4150 train_time:57816ms step_avg:88.27ms
step:656/4150 train_time:57932ms step_avg:88.31ms
step:657/4150 train_time:58048ms step_avg:88.35ms
step:658/4150 train_time:58166ms step_avg:88.40ms
step:659/4150 train_time:58282ms step_avg:88.44ms
step:660/4150 train_time:58397ms step_avg:88.48ms
step:661/4150 train_time:58513ms step_avg:88.52ms
step:662/4150 train_time:58629ms step_avg:88.56ms
step:663/4150 train_time:58744ms step_avg:88.60ms
step:664/4150 train_time:58859ms step_avg:88.64ms
step:665/4150 train_time:58975ms step_avg:88.68ms
step:666/4150 train_time:59092ms step_avg:88.73ms
step:667/4150 train_time:59208ms step_avg:88.77ms
step:668/4150 train_time:59325ms step_avg:88.81ms
step:669/4150 train_time:59441ms step_avg:88.85ms
step:670/4150 train_time:59556ms step_avg:88.89ms
step:671/4150 train_time:59671ms step_avg:88.93ms
step:672/4150 train_time:59788ms step_avg:88.97ms
step:673/4150 train_time:59904ms step_avg:89.01ms
step:674/4150 train_time:60021ms step_avg:89.05ms
step:675/4150 train_time:60137ms step_avg:89.09ms
step:676/4150 train_time:60253ms step_avg:89.13ms
step:677/4150 train_time:60369ms step_avg:89.17ms
step:678/4150 train_time:60484ms step_avg:89.21ms
step:679/4150 train_time:60601ms step_avg:89.25ms
step:680/4150 train_time:60715ms step_avg:89.29ms
step:681/4150 train_time:60831ms step_avg:89.33ms
step:682/4150 train_time:60947ms step_avg:89.37ms
step:683/4150 train_time:61063ms step_avg:89.40ms
step:684/4150 train_time:61178ms step_avg:89.44ms
step:685/4150 train_time:61295ms step_avg:89.48ms
step:686/4150 train_time:61412ms step_avg:89.52ms
step:687/4150 train_time:61527ms step_avg:89.56ms
step:688/4150 train_time:61644ms step_avg:89.60ms
step:689/4150 train_time:61763ms step_avg:89.64ms
step:690/4150 train_time:61936ms step_avg:89.76ms
step:691/4150 train_time:62106ms step_avg:89.88ms
step:692/4150 train_time:62279ms step_avg:90.00ms
step:693/4150 train_time:62448ms step_avg:90.11ms
step:694/4150 train_time:62621ms step_avg:90.23ms
step:695/4150 train_time:62790ms step_avg:90.34ms
step:696/4150 train_time:62961ms step_avg:90.46ms
step:697/4150 train_time:63133ms step_avg:90.58ms
step:698/4150 train_time:63306ms step_avg:90.70ms
step:699/4150 train_time:63477ms step_avg:90.81ms
step:700/4150 train_time:63648ms step_avg:90.93ms
step:701/4150 train_time:63820ms step_avg:91.04ms
step:702/4150 train_time:63991ms step_avg:91.16ms
step:703/4150 train_time:64162ms step_avg:91.27ms
step:704/4150 train_time:64334ms step_avg:91.38ms
step:705/4150 train_time:64505ms step_avg:91.50ms
step:706/4150 train_time:64675ms step_avg:91.61ms
step:707/4150 train_time:64845ms step_avg:91.72ms
step:708/4150 train_time:65017ms step_avg:91.83ms
step:709/4150 train_time:65188ms step_avg:91.94ms
step:710/4150 train_time:65359ms step_avg:92.06ms
step:711/4150 train_time:65532ms step_avg:92.17ms
step:712/4150 train_time:65704ms step_avg:92.28ms
step:713/4150 train_time:65875ms step_avg:92.39ms
step:714/4150 train_time:66047ms step_avg:92.50ms
step:715/4150 train_time:66220ms step_avg:92.61ms
step:716/4150 train_time:66390ms step_avg:92.72ms
step:717/4150 train_time:66560ms step_avg:92.83ms
step:718/4150 train_time:66732ms step_avg:92.94ms
step:719/4150 train_time:66902ms step_avg:93.05ms
step:720/4150 train_time:67076ms step_avg:93.16ms
step:721/4150 train_time:67247ms step_avg:93.27ms
step:722/4150 train_time:67420ms step_avg:93.38ms
step:723/4150 train_time:67590ms step_avg:93.49ms
step:724/4150 train_time:67763ms step_avg:93.60ms
step:725/4150 train_time:67934ms step_avg:93.70ms
step:726/4150 train_time:68108ms step_avg:93.81ms
step:727/4150 train_time:68281ms step_avg:93.92ms
step:728/4150 train_time:68453ms step_avg:94.03ms
step:729/4150 train_time:68624ms step_avg:94.13ms
step:730/4150 train_time:68794ms step_avg:94.24ms
step:731/4150 train_time:68964ms step_avg:94.34ms
step:732/4150 train_time:69138ms step_avg:94.45ms
step:733/4150 train_time:69310ms step_avg:94.56ms
step:734/4150 train_time:69481ms step_avg:94.66ms
step:735/4150 train_time:69652ms step_avg:94.76ms
step:736/4150 train_time:69825ms step_avg:94.87ms
step:737/4150 train_time:69996ms step_avg:94.97ms
step:738/4150 train_time:70169ms step_avg:95.08ms
step:739/4150 train_time:70341ms step_avg:95.18ms
step:740/4150 train_time:70511ms step_avg:95.29ms
step:741/4150 train_time:70682ms step_avg:95.39ms
step:742/4150 train_time:70853ms step_avg:95.49ms
step:743/4150 train_time:71022ms step_avg:95.59ms
step:744/4150 train_time:71195ms step_avg:95.69ms
step:745/4150 train_time:71366ms step_avg:95.79ms
step:746/4150 train_time:71537ms step_avg:95.89ms
step:747/4150 train_time:71709ms step_avg:96.00ms
step:748/4150 train_time:71880ms step_avg:96.10ms
step:749/4150 train_time:72051ms step_avg:96.20ms
step:750/4150 train_time:72224ms step_avg:96.30ms
step:750/4150 val_loss:3.5738 train_time:72382ms step_avg:96.51ms
step:751/4150 train_time:72405ms step_avg:96.41ms
step:752/4150 train_time:72567ms step_avg:96.50ms
step:753/4150 train_time:72744ms step_avg:96.61ms
step:754/4150 train_time:72918ms step_avg:96.71ms
step:755/4150 train_time:73086ms step_avg:96.80ms
step:756/4150 train_time:73255ms step_avg:96.90ms
step:757/4150 train_time:73430ms step_avg:97.00ms
step:758/4150 train_time:73605ms step_avg:97.10ms
step:759/4150 train_time:73777ms step_avg:97.20ms
step:760/4150 train_time:73949ms step_avg:97.30ms
step:761/4150 train_time:74118ms step_avg:97.40ms
step:762/4150 train_time:74289ms step_avg:97.49ms
step:763/4150 train_time:74462ms step_avg:97.59ms
step:764/4150 train_time:74634ms step_avg:97.69ms
step:765/4150 train_time:74805ms step_avg:97.78ms
step:766/4150 train_time:74978ms step_avg:97.88ms
step:767/4150 train_time:75146ms step_avg:97.97ms
step:768/4150 train_time:75319ms step_avg:98.07ms
step:769/4150 train_time:75490ms step_avg:98.17ms
step:770/4150 train_time:75664ms step_avg:98.27ms
step:771/4150 train_time:75835ms step_avg:98.36ms
step:772/4150 train_time:76006ms step_avg:98.45ms
step:773/4150 train_time:76176ms step_avg:98.55ms
step:774/4150 train_time:76349ms step_avg:98.64ms
step:775/4150 train_time:76520ms step_avg:98.74ms
step:776/4150 train_time:76694ms step_avg:98.83ms
step:777/4150 train_time:76865ms step_avg:98.93ms
step:778/4150 train_time:77036ms step_avg:99.02ms
step:779/4150 train_time:77206ms step_avg:99.11ms
step:780/4150 train_time:77377ms step_avg:99.20ms
step:781/4150 train_time:77548ms step_avg:99.29ms
step:782/4150 train_time:77721ms step_avg:99.39ms
step:783/4150 train_time:77893ms step_avg:99.48ms
step:784/4150 train_time:78065ms step_avg:99.57ms
step:785/4150 train_time:78235ms step_avg:99.66ms
step:786/4150 train_time:78407ms step_avg:99.75ms
step:787/4150 train_time:78577ms step_avg:99.84ms
step:788/4150 train_time:78749ms step_avg:99.93ms
step:789/4150 train_time:78920ms step_avg:100.03ms
step:790/4150 train_time:79092ms step_avg:100.12ms
step:791/4150 train_time:79263ms step_avg:100.21ms
step:792/4150 train_time:79435ms step_avg:100.30ms
step:793/4150 train_time:79606ms step_avg:100.39ms
step:794/4150 train_time:79778ms step_avg:100.48ms
step:795/4150 train_time:79948ms step_avg:100.56ms
step:796/4150 train_time:80121ms step_avg:100.65ms
step:797/4150 train_time:80291ms step_avg:100.74ms
step:798/4150 train_time:80463ms step_avg:100.83ms
step:799/4150 train_time:80634ms step_avg:100.92ms
step:800/4150 train_time:80806ms step_avg:101.01ms
step:801/4150 train_time:80980ms step_avg:101.10ms
step:802/4150 train_time:81152ms step_avg:101.19ms
step:803/4150 train_time:81323ms step_avg:101.27ms
step:804/4150 train_time:81494ms step_avg:101.36ms
step:805/4150 train_time:81666ms step_avg:101.45ms
step:806/4150 train_time:81837ms step_avg:101.54ms
step:807/4150 train_time:82008ms step_avg:101.62ms
step:808/4150 train_time:82179ms step_avg:101.71ms
step:809/4150 train_time:82351ms step_avg:101.79ms
step:810/4150 train_time:82522ms step_avg:101.88ms
step:811/4150 train_time:82693ms step_avg:101.96ms
step:812/4150 train_time:82866ms step_avg:102.05ms
step:813/4150 train_time:83037ms step_avg:102.14ms
step:814/4150 train_time:83210ms step_avg:102.22ms
step:815/4150 train_time:83380ms step_avg:102.31ms
step:816/4150 train_time:83552ms step_avg:102.39ms
step:817/4150 train_time:83723ms step_avg:102.48ms
step:818/4150 train_time:83895ms step_avg:102.56ms
step:819/4150 train_time:84065ms step_avg:102.64ms
step:820/4150 train_time:84236ms step_avg:102.73ms
step:821/4150 train_time:84407ms step_avg:102.81ms
step:822/4150 train_time:84579ms step_avg:102.89ms
step:823/4150 train_time:84750ms step_avg:102.98ms
step:824/4150 train_time:84923ms step_avg:103.06ms
step:825/4150 train_time:85093ms step_avg:103.14ms
step:826/4150 train_time:85266ms step_avg:103.23ms
step:827/4150 train_time:85437ms step_avg:103.31ms
step:828/4150 train_time:85611ms step_avg:103.39ms
step:829/4150 train_time:85780ms step_avg:103.47ms
step:830/4150 train_time:85951ms step_avg:103.56ms
step:831/4150 train_time:86121ms step_avg:103.64ms
step:832/4150 train_time:86294ms step_avg:103.72ms
step:833/4150 train_time:86466ms step_avg:103.80ms
step:834/4150 train_time:86638ms step_avg:103.88ms
step:835/4150 train_time:86808ms step_avg:103.96ms
step:836/4150 train_time:86982ms step_avg:104.05ms
step:837/4150 train_time:87153ms step_avg:104.12ms
step:838/4150 train_time:87325ms step_avg:104.21ms
step:839/4150 train_time:87495ms step_avg:104.29ms
step:840/4150 train_time:87667ms step_avg:104.37ms
step:841/4150 train_time:87840ms step_avg:104.45ms
step:842/4150 train_time:88011ms step_avg:104.53ms
step:843/4150 train_time:88180ms step_avg:104.60ms
step:844/4150 train_time:88354ms step_avg:104.68ms
step:845/4150 train_time:88525ms step_avg:104.76ms
step:846/4150 train_time:88697ms step_avg:104.84ms
step:847/4150 train_time:88869ms step_avg:104.92ms
step:848/4150 train_time:89042ms step_avg:105.00ms
step:849/4150 train_time:89211ms step_avg:105.08ms
step:850/4150 train_time:89385ms step_avg:105.16ms
step:851/4150 train_time:89556ms step_avg:105.24ms
step:852/4150 train_time:89729ms step_avg:105.32ms
step:853/4150 train_time:89899ms step_avg:105.39ms
step:854/4150 train_time:90073ms step_avg:105.47ms
step:855/4150 train_time:90243ms step_avg:105.55ms
step:856/4150 train_time:90415ms step_avg:105.62ms
step:857/4150 train_time:90587ms step_avg:105.70ms
step:858/4150 train_time:90759ms step_avg:105.78ms
step:859/4150 train_time:90928ms step_avg:105.85ms
step:860/4150 train_time:91101ms step_avg:105.93ms
step:861/4150 train_time:91272ms step_avg:106.01ms
step:862/4150 train_time:91445ms step_avg:106.09ms
step:863/4150 train_time:91616ms step_avg:106.16ms
step:864/4150 train_time:91788ms step_avg:106.24ms
step:865/4150 train_time:91958ms step_avg:106.31ms
step:866/4150 train_time:92132ms step_avg:106.39ms
step:867/4150 train_time:92302ms step_avg:106.46ms
step:868/4150 train_time:92473ms step_avg:106.54ms
step:869/4150 train_time:92645ms step_avg:106.61ms
step:870/4150 train_time:92817ms step_avg:106.69ms
step:871/4150 train_time:92988ms step_avg:106.76ms
step:872/4150 train_time:93162ms step_avg:106.84ms
step:873/4150 train_time:93333ms step_avg:106.91ms
step:874/4150 train_time:93508ms step_avg:106.99ms
step:875/4150 train_time:93681ms step_avg:107.06ms
step:876/4150 train_time:93853ms step_avg:107.14ms
step:877/4150 train_time:94022ms step_avg:107.21ms
step:878/4150 train_time:94193ms step_avg:107.28ms
step:879/4150 train_time:94364ms step_avg:107.35ms
step:880/4150 train_time:94536ms step_avg:107.43ms
step:881/4150 train_time:94706ms step_avg:107.50ms
step:882/4150 train_time:94879ms step_avg:107.57ms
step:883/4150 train_time:95050ms step_avg:107.64ms
step:884/4150 train_time:95222ms step_avg:107.72ms
step:885/4150 train_time:95394ms step_avg:107.79ms
step:886/4150 train_time:95570ms step_avg:107.87ms
step:887/4150 train_time:95741ms step_avg:107.94ms
step:888/4150 train_time:95914ms step_avg:108.01ms
step:889/4150 train_time:96085ms step_avg:108.08ms
step:890/4150 train_time:96257ms step_avg:108.15ms
step:891/4150 train_time:96428ms step_avg:108.22ms
step:892/4150 train_time:96601ms step_avg:108.30ms
step:893/4150 train_time:96771ms step_avg:108.37ms
step:894/4150 train_time:96942ms step_avg:108.44ms
step:895/4150 train_time:97114ms step_avg:108.51ms
step:896/4150 train_time:97286ms step_avg:108.58ms
step:897/4150 train_time:97456ms step_avg:108.65ms
step:898/4150 train_time:97631ms step_avg:108.72ms
step:899/4150 train_time:97802ms step_avg:108.79ms
step:900/4150 train_time:97974ms step_avg:108.86ms
step:901/4150 train_time:98146ms step_avg:108.93ms
step:902/4150 train_time:98317ms step_avg:109.00ms
step:903/4150 train_time:98489ms step_avg:109.07ms
step:904/4150 train_time:98663ms step_avg:109.14ms
step:905/4150 train_time:98835ms step_avg:109.21ms
step:906/4150 train_time:99007ms step_avg:109.28ms
step:907/4150 train_time:99178ms step_avg:109.35ms
step:908/4150 train_time:99352ms step_avg:109.42ms
step:909/4150 train_time:99521ms step_avg:109.48ms
step:910/4150 train_time:99695ms step_avg:109.56ms
step:911/4150 train_time:99865ms step_avg:109.62ms
step:912/4150 train_time:100037ms step_avg:109.69ms
step:913/4150 train_time:100208ms step_avg:109.76ms
step:914/4150 train_time:100381ms step_avg:109.83ms
step:915/4150 train_time:100552ms step_avg:109.89ms
step:916/4150 train_time:100723ms step_avg:109.96ms
step:917/4150 train_time:100894ms step_avg:110.03ms
step:918/4150 train_time:101067ms step_avg:110.10ms
step:919/4150 train_time:101238ms step_avg:110.16ms
step:920/4150 train_time:101411ms step_avg:110.23ms
step:921/4150 train_time:101582ms step_avg:110.30ms
step:922/4150 train_time:101753ms step_avg:110.36ms
step:923/4150 train_time:101924ms step_avg:110.43ms
step:924/4150 train_time:102096ms step_avg:110.49ms
step:925/4150 train_time:102267ms step_avg:110.56ms
step:926/4150 train_time:102441ms step_avg:110.63ms
step:927/4150 train_time:102611ms step_avg:110.69ms
step:928/4150 train_time:102784ms step_avg:110.76ms
step:929/4150 train_time:102956ms step_avg:110.82ms
step:930/4150 train_time:103130ms step_avg:110.89ms
step:931/4150 train_time:103300ms step_avg:110.96ms
step:932/4150 train_time:103471ms step_avg:111.02ms
step:933/4150 train_time:103641ms step_avg:111.08ms
step:934/4150 train_time:103813ms step_avg:111.15ms
step:935/4150 train_time:103983ms step_avg:111.21ms
step:936/4150 train_time:104156ms step_avg:111.28ms
step:937/4150 train_time:104327ms step_avg:111.34ms
step:938/4150 train_time:104499ms step_avg:111.41ms
step:939/4150 train_time:104669ms step_avg:111.47ms
step:940/4150 train_time:104844ms step_avg:111.54ms
step:941/4150 train_time:105014ms step_avg:111.60ms
step:942/4150 train_time:105188ms step_avg:111.66ms
step:943/4150 train_time:105360ms step_avg:111.73ms
step:944/4150 train_time:105529ms step_avg:111.79ms
step:945/4150 train_time:105700ms step_avg:111.85ms
step:946/4150 train_time:105873ms step_avg:111.92ms
step:947/4150 train_time:106046ms step_avg:111.98ms
step:948/4150 train_time:106219ms step_avg:112.05ms
step:949/4150 train_time:106390ms step_avg:112.11ms
step:950/4150 train_time:106562ms step_avg:112.17ms
step:951/4150 train_time:106733ms step_avg:112.23ms
step:952/4150 train_time:106906ms step_avg:112.30ms
step:953/4150 train_time:107078ms step_avg:112.36ms
step:954/4150 train_time:107250ms step_avg:112.42ms
step:955/4150 train_time:107422ms step_avg:112.48ms
step:956/4150 train_time:107594ms step_avg:112.55ms
step:957/4150 train_time:107765ms step_avg:112.61ms
step:958/4150 train_time:107938ms step_avg:112.67ms
step:959/4150 train_time:108108ms step_avg:112.73ms
step:960/4150 train_time:108282ms step_avg:112.79ms
step:961/4150 train_time:108452ms step_avg:112.85ms
step:962/4150 train_time:108625ms step_avg:112.92ms
step:963/4150 train_time:108796ms step_avg:112.98ms
step:964/4150 train_time:108969ms step_avg:113.04ms
step:965/4150 train_time:109140ms step_avg:113.10ms
step:966/4150 train_time:109312ms step_avg:113.16ms
step:967/4150 train_time:109484ms step_avg:113.22ms
step:968/4150 train_time:109655ms step_avg:113.28ms
step:969/4150 train_time:109827ms step_avg:113.34ms
step:970/4150 train_time:109999ms step_avg:113.40ms
step:971/4150 train_time:110173ms step_avg:113.46ms
step:972/4150 train_time:110346ms step_avg:113.52ms
step:973/4150 train_time:110516ms step_avg:113.58ms
step:974/4150 train_time:110689ms step_avg:113.64ms
step:975/4150 train_time:110860ms step_avg:113.70ms
step:976/4150 train_time:111033ms step_avg:113.76ms
step:977/4150 train_time:111203ms step_avg:113.82ms
step:978/4150 train_time:111377ms step_avg:113.88ms
step:979/4150 train_time:111547ms step_avg:113.94ms
step:980/4150 train_time:111720ms step_avg:114.00ms
step:981/4150 train_time:111892ms step_avg:114.06ms
step:982/4150 train_time:112065ms step_avg:114.12ms
step:983/4150 train_time:112235ms step_avg:114.18ms
step:984/4150 train_time:112410ms step_avg:114.24ms
step:985/4150 train_time:112581ms step_avg:114.30ms
step:986/4150 train_time:112753ms step_avg:114.35ms
step:987/4150 train_time:112925ms step_avg:114.41ms
step:988/4150 train_time:113098ms step_avg:114.47ms
step:989/4150 train_time:113269ms step_avg:114.53ms
step:990/4150 train_time:113444ms step_avg:114.59ms
step:991/4150 train_time:113616ms step_avg:114.65ms
step:992/4150 train_time:113789ms step_avg:114.71ms
step:993/4150 train_time:113958ms step_avg:114.76ms
step:994/4150 train_time:114130ms step_avg:114.82ms
step:995/4150 train_time:114301ms step_avg:114.88ms
step:996/4150 train_time:114475ms step_avg:114.94ms
step:997/4150 train_time:114646ms step_avg:114.99ms
step:998/4150 train_time:114819ms step_avg:115.05ms
step:999/4150 train_time:114989ms step_avg:115.10ms
step:1000/4150 train_time:115163ms step_avg:115.16ms
step:1000/4150 val_loss:3.4532 train_time:115320ms step_avg:115.32ms
step:1001/4150 train_time:115343ms step_avg:115.23ms
step:1002/4150 train_time:115509ms step_avg:115.28ms
step:1003/4150 train_time:115687ms step_avg:115.34ms
step:1004/4150 train_time:115860ms step_avg:115.40ms
step:1005/4150 train_time:116027ms step_avg:115.45ms
step:1006/4150 train_time:116197ms step_avg:115.50ms
step:1007/4150 train_time:116375ms step_avg:115.57ms
step:1008/4150 train_time:116550ms step_avg:115.62ms
step:1009/4150 train_time:116722ms step_avg:115.68ms
step:1010/4150 train_time:116892ms step_avg:115.74ms
step:1011/4150 train_time:117060ms step_avg:115.79ms
step:1012/4150 train_time:117234ms step_avg:115.84ms
step:1013/4150 train_time:117410ms step_avg:115.90ms
step:1014/4150 train_time:117585ms step_avg:115.96ms
step:1015/4150 train_time:117755ms step_avg:116.02ms
step:1016/4150 train_time:117924ms step_avg:116.07ms
step:1017/4150 train_time:118093ms step_avg:116.12ms
step:1018/4150 train_time:118266ms step_avg:116.17ms
step:1019/4150 train_time:118438ms step_avg:116.23ms
step:1020/4150 train_time:118612ms step_avg:116.29ms
step:1021/4150 train_time:118784ms step_avg:116.34ms
step:1022/4150 train_time:118952ms step_avg:116.39ms
step:1023/4150 train_time:119124ms step_avg:116.45ms
step:1024/4150 train_time:119296ms step_avg:116.50ms
step:1025/4150 train_time:119469ms step_avg:116.56ms
step:1026/4150 train_time:119644ms step_avg:116.61ms
step:1027/4150 train_time:119815ms step_avg:116.67ms
step:1028/4150 train_time:119984ms step_avg:116.72ms
step:1029/4150 train_time:120156ms step_avg:116.77ms
step:1030/4150 train_time:120327ms step_avg:116.82ms
step:1031/4150 train_time:120500ms step_avg:116.88ms
step:1032/4150 train_time:120673ms step_avg:116.93ms
step:1033/4150 train_time:120849ms step_avg:116.99ms
step:1034/4150 train_time:121075ms step_avg:117.09ms
step:1035/4150 train_time:121296ms step_avg:117.19ms
step:1036/4150 train_time:121526ms step_avg:117.30ms
step:1037/4150 train_time:121747ms step_avg:117.40ms
step:1038/4150 train_time:121972ms step_avg:117.51ms
step:1039/4150 train_time:122191ms step_avg:117.60ms
step:1040/4150 train_time:122422ms step_avg:117.71ms
step:1041/4150 train_time:122646ms step_avg:117.82ms
step:1042/4150 train_time:122872ms step_avg:117.92ms
step:1043/4150 train_time:123090ms step_avg:118.02ms
step:1044/4150 train_time:123317ms step_avg:118.12ms
step:1045/4150 train_time:123539ms step_avg:118.22ms
step:1046/4150 train_time:123767ms step_avg:118.32ms
step:1047/4150 train_time:123985ms step_avg:118.42ms
step:1048/4150 train_time:124210ms step_avg:118.52ms
step:1049/4150 train_time:124432ms step_avg:118.62ms
step:1050/4150 train_time:124662ms step_avg:118.73ms
step:1051/4150 train_time:124884ms step_avg:118.82ms
step:1052/4150 train_time:125111ms step_avg:118.93ms
step:1053/4150 train_time:125331ms step_avg:119.02ms
step:1054/4150 train_time:125560ms step_avg:119.13ms
step:1055/4150 train_time:125782ms step_avg:119.22ms
step:1056/4150 train_time:126007ms step_avg:119.33ms
step:1057/4150 train_time:126230ms step_avg:119.42ms
step:1058/4150 train_time:126459ms step_avg:119.53ms
step:1059/4150 train_time:126680ms step_avg:119.62ms
step:1060/4150 train_time:126909ms step_avg:119.73ms
step:1061/4150 train_time:127127ms step_avg:119.82ms
step:1062/4150 train_time:127354ms step_avg:119.92ms
step:1063/4150 train_time:127573ms step_avg:120.01ms
step:1064/4150 train_time:127802ms step_avg:120.11ms
step:1065/4150 train_time:128022ms step_avg:120.21ms
step:1066/4150 train_time:128249ms step_avg:120.31ms
step:1067/4150 train_time:128467ms step_avg:120.40ms
step:1068/4150 train_time:128694ms step_avg:120.50ms
step:1069/4150 train_time:128915ms step_avg:120.59ms
step:1070/4150 train_time:129144ms step_avg:120.70ms
step:1071/4150 train_time:129364ms step_avg:120.79ms
step:1072/4150 train_time:129589ms step_avg:120.89ms
step:1073/4150 train_time:129809ms step_avg:120.98ms
step:1074/4150 train_time:130038ms step_avg:121.08ms
step:1075/4150 train_time:130259ms step_avg:121.17ms
step:1076/4150 train_time:130488ms step_avg:121.27ms
step:1077/4150 train_time:130710ms step_avg:121.36ms
step:1078/4150 train_time:130937ms step_avg:121.46ms
step:1079/4150 train_time:131161ms step_avg:121.56ms
step:1080/4150 train_time:131387ms step_avg:121.65ms
step:1081/4150 train_time:131611ms step_avg:121.75ms
step:1082/4150 train_time:131839ms step_avg:121.85ms
step:1083/4150 train_time:132063ms step_avg:121.94ms
step:1084/4150 train_time:132288ms step_avg:122.04ms
step:1085/4150 train_time:132512ms step_avg:122.13ms
step:1086/4150 train_time:132739ms step_avg:122.23ms
step:1087/4150 train_time:132961ms step_avg:122.32ms
step:1088/4150 train_time:133187ms step_avg:122.41ms
step:1089/4150 train_time:133407ms step_avg:122.50ms
step:1090/4150 train_time:133633ms step_avg:122.60ms
step:1091/4150 train_time:133854ms step_avg:122.69ms
step:1092/4150 train_time:134082ms step_avg:122.79ms
step:1093/4150 train_time:134305ms step_avg:122.88ms
step:1094/4150 train_time:134529ms step_avg:122.97ms
step:1095/4150 train_time:134750ms step_avg:123.06ms
step:1096/4150 train_time:134977ms step_avg:123.15ms
step:1097/4150 train_time:135199ms step_avg:123.24ms
step:1098/4150 train_time:135426ms step_avg:123.34ms
step:1099/4150 train_time:135648ms step_avg:123.43ms
step:1100/4150 train_time:135875ms step_avg:123.52ms
step:1101/4150 train_time:136095ms step_avg:123.61ms
step:1102/4150 train_time:136324ms step_avg:123.71ms
step:1103/4150 train_time:136547ms step_avg:123.80ms
step:1104/4150 train_time:136771ms step_avg:123.89ms
step:1105/4150 train_time:136991ms step_avg:123.97ms
step:1106/4150 train_time:137220ms step_avg:124.07ms
step:1107/4150 train_time:137442ms step_avg:124.16ms
step:1108/4150 train_time:137670ms step_avg:124.25ms
step:1109/4150 train_time:137889ms step_avg:124.34ms
step:1110/4150 train_time:138117ms step_avg:124.43ms
step:1111/4150 train_time:138342ms step_avg:124.52ms
step:1112/4150 train_time:138568ms step_avg:124.61ms
step:1113/4150 train_time:138789ms step_avg:124.70ms
step:1114/4150 train_time:139018ms step_avg:124.79ms
step:1115/4150 train_time:139243ms step_avg:124.88ms
step:1116/4150 train_time:139468ms step_avg:124.97ms
step:1117/4150 train_time:139689ms step_avg:125.06ms
step:1118/4150 train_time:139916ms step_avg:125.15ms
step:1119/4150 train_time:140139ms step_avg:125.24ms
step:1120/4150 train_time:140366ms step_avg:125.33ms
step:1121/4150 train_time:140588ms step_avg:125.41ms
step:1122/4150 train_time:140814ms step_avg:125.50ms
step:1123/4150 train_time:141036ms step_avg:125.59ms
step:1124/4150 train_time:141266ms step_avg:125.68ms
step:1125/4150 train_time:141490ms step_avg:125.77ms
step:1126/4150 train_time:141717ms step_avg:125.86ms
step:1127/4150 train_time:141939ms step_avg:125.94ms
step:1128/4150 train_time:142166ms step_avg:126.03ms
step:1129/4150 train_time:142388ms step_avg:126.12ms
step:1130/4150 train_time:142612ms step_avg:126.21ms
step:1131/4150 train_time:142832ms step_avg:126.29ms
step:1132/4150 train_time:143064ms step_avg:126.38ms
step:1133/4150 train_time:143285ms step_avg:126.46ms
step:1134/4150 train_time:143510ms step_avg:126.55ms
step:1135/4150 train_time:143730ms step_avg:126.63ms
step:1136/4150 train_time:143960ms step_avg:126.72ms
step:1137/4150 train_time:144184ms step_avg:126.81ms
step:1138/4150 train_time:144410ms step_avg:126.90ms
step:1139/4150 train_time:144631ms step_avg:126.98ms
step:1140/4150 train_time:144857ms step_avg:127.07ms
step:1141/4150 train_time:145080ms step_avg:127.15ms
step:1142/4150 train_time:145307ms step_avg:127.24ms
step:1143/4150 train_time:145527ms step_avg:127.32ms
step:1144/4150 train_time:145756ms step_avg:127.41ms
step:1145/4150 train_time:145977ms step_avg:127.49ms
step:1146/4150 train_time:146205ms step_avg:127.58ms
step:1147/4150 train_time:146428ms step_avg:127.66ms
step:1148/4150 train_time:146654ms step_avg:127.75ms
step:1149/4150 train_time:146874ms step_avg:127.83ms
step:1150/4150 train_time:147105ms step_avg:127.92ms
step:1151/4150 train_time:147328ms step_avg:128.00ms
step:1152/4150 train_time:147555ms step_avg:128.09ms
step:1153/4150 train_time:147774ms step_avg:128.16ms
step:1154/4150 train_time:148003ms step_avg:128.25ms
step:1155/4150 train_time:148225ms step_avg:128.33ms
step:1156/4150 train_time:148451ms step_avg:128.42ms
step:1157/4150 train_time:148673ms step_avg:128.50ms
step:1158/4150 train_time:148899ms step_avg:128.58ms
step:1159/4150 train_time:149121ms step_avg:128.66ms
step:1160/4150 train_time:149351ms step_avg:128.75ms
step:1161/4150 train_time:149569ms step_avg:128.83ms
step:1162/4150 train_time:149797ms step_avg:128.91ms
step:1163/4150 train_time:150019ms step_avg:128.99ms
step:1164/4150 train_time:150246ms step_avg:129.08ms
step:1165/4150 train_time:150466ms step_avg:129.16ms
step:1166/4150 train_time:150693ms step_avg:129.24ms
step:1167/4150 train_time:150913ms step_avg:129.32ms
step:1168/4150 train_time:151142ms step_avg:129.40ms
step:1169/4150 train_time:151366ms step_avg:129.48ms
step:1170/4150 train_time:151592ms step_avg:129.57ms
step:1171/4150 train_time:151812ms step_avg:129.64ms
step:1172/4150 train_time:152042ms step_avg:129.73ms
step:1173/4150 train_time:152266ms step_avg:129.81ms
step:1174/4150 train_time:152491ms step_avg:129.89ms
step:1175/4150 train_time:152710ms step_avg:129.97ms
step:1176/4150 train_time:152936ms step_avg:130.05ms
step:1177/4150 train_time:153160ms step_avg:130.13ms
step:1178/4150 train_time:153387ms step_avg:130.21ms
step:1179/4150 train_time:153608ms step_avg:130.29ms
step:1180/4150 train_time:153832ms step_avg:130.37ms
step:1181/4150 train_time:154054ms step_avg:130.44ms
step:1182/4150 train_time:154285ms step_avg:130.53ms
step:1183/4150 train_time:154507ms step_avg:130.61ms
step:1184/4150 train_time:154732ms step_avg:130.69ms
step:1185/4150 train_time:154952ms step_avg:130.76ms
step:1186/4150 train_time:155180ms step_avg:130.84ms
step:1187/4150 train_time:155401ms step_avg:130.92ms
step:1188/4150 train_time:155627ms step_avg:131.00ms
step:1189/4150 train_time:155850ms step_avg:131.08ms
step:1190/4150 train_time:156076ms step_avg:131.16ms
step:1191/4150 train_time:156299ms step_avg:131.23ms
step:1192/4150 train_time:156526ms step_avg:131.31ms
step:1193/4150 train_time:156747ms step_avg:131.39ms
step:1194/4150 train_time:156972ms step_avg:131.47ms
step:1195/4150 train_time:157194ms step_avg:131.54ms
step:1196/4150 train_time:157423ms step_avg:131.62ms
step:1197/4150 train_time:157644ms step_avg:131.70ms
step:1198/4150 train_time:157870ms step_avg:131.78ms
step:1199/4150 train_time:158090ms step_avg:131.85ms
step:1200/4150 train_time:158319ms step_avg:131.93ms
step:1201/4150 train_time:158541ms step_avg:132.01ms
step:1202/4150 train_time:158769ms step_avg:132.09ms
step:1203/4150 train_time:158989ms step_avg:132.16ms
step:1204/4150 train_time:159216ms step_avg:132.24ms
step:1205/4150 train_time:159439ms step_avg:132.31ms
step:1206/4150 train_time:159665ms step_avg:132.39ms
step:1207/4150 train_time:159885ms step_avg:132.46ms
step:1208/4150 train_time:160112ms step_avg:132.54ms
step:1209/4150 train_time:160333ms step_avg:132.62ms
step:1210/4150 train_time:160562ms step_avg:132.70ms
step:1211/4150 train_time:160785ms step_avg:132.77ms
step:1212/4150 train_time:161014ms step_avg:132.85ms
step:1213/4150 train_time:161235ms step_avg:132.92ms
step:1214/4150 train_time:161464ms step_avg:133.00ms
step:1215/4150 train_time:161685ms step_avg:133.07ms
step:1216/4150 train_time:161909ms step_avg:133.15ms
step:1217/4150 train_time:162130ms step_avg:133.22ms
step:1218/4150 train_time:162360ms step_avg:133.30ms
step:1219/4150 train_time:162580ms step_avg:133.37ms
step:1220/4150 train_time:162807ms step_avg:133.45ms
step:1221/4150 train_time:163027ms step_avg:133.52ms
step:1222/4150 train_time:163255ms step_avg:133.60ms
step:1223/4150 train_time:163477ms step_avg:133.67ms
step:1224/4150 train_time:163708ms step_avg:133.75ms
step:1225/4150 train_time:163926ms step_avg:133.82ms
step:1226/4150 train_time:164154ms step_avg:133.89ms
step:1227/4150 train_time:164375ms step_avg:133.96ms
step:1228/4150 train_time:164604ms step_avg:134.04ms
step:1229/4150 train_time:164826ms step_avg:134.11ms
step:1230/4150 train_time:165050ms step_avg:134.19ms
step:1231/4150 train_time:165271ms step_avg:134.26ms
step:1232/4150 train_time:165498ms step_avg:134.33ms
step:1233/4150 train_time:165722ms step_avg:134.41ms
step:1234/4150 train_time:165949ms step_avg:134.48ms
step:1235/4150 train_time:166169ms step_avg:134.55ms
step:1236/4150 train_time:166397ms step_avg:134.63ms
step:1237/4150 train_time:166617ms step_avg:134.69ms
step:1238/4150 train_time:166846ms step_avg:134.77ms
step:1239/4150 train_time:167068ms step_avg:134.84ms
step:1240/4150 train_time:167293ms step_avg:134.91ms
step:1241/4150 train_time:167515ms step_avg:134.98ms
step:1242/4150 train_time:167746ms step_avg:135.06ms
step:1243/4150 train_time:167967ms step_avg:135.13ms
step:1244/4150 train_time:168191ms step_avg:135.20ms
step:1245/4150 train_time:168412ms step_avg:135.27ms
step:1246/4150 train_time:168639ms step_avg:135.34ms
step:1247/4150 train_time:168864ms step_avg:135.42ms
step:1248/4150 train_time:169088ms step_avg:135.49ms
step:1249/4150 train_time:169311ms step_avg:135.56ms
step:1250/4150 train_time:169536ms step_avg:135.63ms
step:1250/4150 val_loss:3.3548 train_time:169742ms step_avg:135.79ms
step:1251/4150 train_time:169765ms step_avg:135.70ms
step:1252/4150 train_time:169988ms step_avg:135.77ms
step:1253/4150 train_time:170215ms step_avg:135.85ms
step:1254/4150 train_time:170444ms step_avg:135.92ms
step:1255/4150 train_time:170663ms step_avg:135.99ms
step:1256/4150 train_time:170888ms step_avg:136.06ms
step:1257/4150 train_time:171116ms step_avg:136.13ms
step:1258/4150 train_time:171343ms step_avg:136.20ms
step:1259/4150 train_time:171560ms step_avg:136.27ms
step:1260/4150 train_time:171785ms step_avg:136.34ms
step:1261/4150 train_time:172010ms step_avg:136.41ms
step:1262/4150 train_time:172239ms step_avg:136.48ms
step:1263/4150 train_time:172458ms step_avg:136.55ms
step:1264/4150 train_time:172683ms step_avg:136.62ms
step:1265/4150 train_time:172905ms step_avg:136.68ms
step:1266/4150 train_time:173134ms step_avg:136.76ms
step:1267/4150 train_time:173357ms step_avg:136.82ms
step:1268/4150 train_time:173583ms step_avg:136.89ms
step:1269/4150 train_time:173802ms step_avg:136.96ms
step:1270/4150 train_time:174029ms step_avg:137.03ms
step:1271/4150 train_time:174255ms step_avg:137.10ms
step:1272/4150 train_time:174482ms step_avg:137.17ms
step:1273/4150 train_time:174702ms step_avg:137.24ms
step:1274/4150 train_time:174926ms step_avg:137.30ms
step:1275/4150 train_time:175150ms step_avg:137.37ms
step:1276/4150 train_time:175379ms step_avg:137.44ms
step:1277/4150 train_time:175601ms step_avg:137.51ms
step:1278/4150 train_time:175826ms step_avg:137.58ms
step:1279/4150 train_time:176047ms step_avg:137.64ms
step:1280/4150 train_time:176275ms step_avg:137.71ms
step:1281/4150 train_time:176497ms step_avg:137.78ms
step:1282/4150 train_time:176722ms step_avg:137.85ms
step:1283/4150 train_time:176943ms step_avg:137.91ms
step:1284/4150 train_time:177170ms step_avg:137.98ms
step:1285/4150 train_time:177396ms step_avg:138.05ms
step:1286/4150 train_time:177621ms step_avg:138.12ms
step:1287/4150 train_time:177841ms step_avg:138.18ms
step:1288/4150 train_time:178067ms step_avg:138.25ms
step:1289/4150 train_time:178291ms step_avg:138.32ms
step:1290/4150 train_time:178518ms step_avg:138.39ms
step:1291/4150 train_time:178738ms step_avg:138.45ms
step:1292/4150 train_time:178963ms step_avg:138.52ms
step:1293/4150 train_time:179183ms step_avg:138.58ms
step:1294/4150 train_time:179415ms step_avg:138.65ms
step:1295/4150 train_time:179634ms step_avg:138.71ms
step:1296/4150 train_time:179861ms step_avg:138.78ms
step:1297/4150 train_time:180081ms step_avg:138.84ms
step:1298/4150 train_time:180308ms step_avg:138.91ms
step:1299/4150 train_time:180529ms step_avg:138.98ms
step:1300/4150 train_time:180761ms step_avg:139.05ms
step:1301/4150 train_time:180980ms step_avg:139.11ms
step:1302/4150 train_time:181206ms step_avg:139.17ms
step:1303/4150 train_time:181426ms step_avg:139.24ms
step:1304/4150 train_time:181654ms step_avg:139.30ms
step:1305/4150 train_time:181875ms step_avg:139.37ms
step:1306/4150 train_time:182100ms step_avg:139.43ms
step:1307/4150 train_time:182323ms step_avg:139.50ms
step:1308/4150 train_time:182549ms step_avg:139.56ms
step:1309/4150 train_time:182771ms step_avg:139.63ms
step:1310/4150 train_time:183000ms step_avg:139.69ms
step:1311/4150 train_time:183222ms step_avg:139.76ms
step:1312/4150 train_time:183449ms step_avg:139.82ms
step:1313/4150 train_time:183671ms step_avg:139.89ms
step:1314/4150 train_time:183900ms step_avg:139.95ms
step:1315/4150 train_time:184119ms step_avg:140.01ms
step:1316/4150 train_time:184344ms step_avg:140.08ms
step:1317/4150 train_time:184564ms step_avg:140.14ms
step:1318/4150 train_time:184794ms step_avg:140.21ms
step:1319/4150 train_time:185017ms step_avg:140.27ms
step:1320/4150 train_time:185242ms step_avg:140.34ms
step:1321/4150 train_time:185460ms step_avg:140.39ms
step:1322/4150 train_time:185687ms step_avg:140.46ms
step:1323/4150 train_time:185908ms step_avg:140.52ms
step:1324/4150 train_time:186136ms step_avg:140.59ms
step:1325/4150 train_time:186357ms step_avg:140.65ms
step:1326/4150 train_time:186584ms step_avg:140.71ms
step:1327/4150 train_time:186804ms step_avg:140.77ms
step:1328/4150 train_time:187033ms step_avg:140.84ms
step:1329/4150 train_time:187255ms step_avg:140.90ms
step:1330/4150 train_time:187481ms step_avg:140.96ms
step:1331/4150 train_time:187703ms step_avg:141.02ms
step:1332/4150 train_time:187928ms step_avg:141.09ms
step:1333/4150 train_time:188153ms step_avg:141.15ms
step:1334/4150 train_time:188379ms step_avg:141.21ms
step:1335/4150 train_time:188601ms step_avg:141.27ms
step:1336/4150 train_time:188825ms step_avg:141.34ms
step:1337/4150 train_time:189049ms step_avg:141.40ms
step:1338/4150 train_time:189276ms step_avg:141.46ms
step:1339/4150 train_time:189498ms step_avg:141.52ms
step:1340/4150 train_time:189723ms step_avg:141.58ms
step:1341/4150 train_time:189943ms step_avg:141.64ms
step:1342/4150 train_time:190173ms step_avg:141.71ms
step:1343/4150 train_time:190394ms step_avg:141.77ms
step:1344/4150 train_time:190621ms step_avg:141.83ms
step:1345/4150 train_time:190842ms step_avg:141.89ms
step:1346/4150 train_time:191070ms step_avg:141.95ms
step:1347/4150 train_time:191293ms step_avg:142.01ms
step:1348/4150 train_time:191519ms step_avg:142.08ms
step:1349/4150 train_time:191740ms step_avg:142.14ms
step:1350/4150 train_time:191964ms step_avg:142.20ms
step:1351/4150 train_time:192186ms step_avg:142.25ms
step:1352/4150 train_time:192414ms step_avg:142.32ms
step:1353/4150 train_time:192635ms step_avg:142.38ms
step:1354/4150 train_time:192860ms step_avg:142.44ms
step:1355/4150 train_time:193081ms step_avg:142.50ms
step:1356/4150 train_time:193309ms step_avg:142.56ms
step:1357/4150 train_time:193530ms step_avg:142.62ms
step:1358/4150 train_time:193758ms step_avg:142.68ms
step:1359/4150 train_time:193977ms step_avg:142.73ms
step:1360/4150 train_time:194205ms step_avg:142.80ms
step:1361/4150 train_time:194424ms step_avg:142.85ms
step:1362/4150 train_time:194653ms step_avg:142.92ms
step:1363/4150 train_time:194875ms step_avg:142.97ms
step:1364/4150 train_time:195101ms step_avg:143.04ms
step:1365/4150 train_time:195321ms step_avg:143.09ms
step:1366/4150 train_time:195550ms step_avg:143.15ms
step:1367/4150 train_time:195773ms step_avg:143.21ms
step:1368/4150 train_time:196001ms step_avg:143.28ms
step:1369/4150 train_time:196221ms step_avg:143.33ms
step:1370/4150 train_time:196448ms step_avg:143.39ms
step:1371/4150 train_time:196669ms step_avg:143.45ms
step:1372/4150 train_time:196900ms step_avg:143.51ms
step:1373/4150 train_time:197119ms step_avg:143.57ms
step:1374/4150 train_time:197349ms step_avg:143.63ms
step:1375/4150 train_time:197571ms step_avg:143.69ms
step:1376/4150 train_time:197797ms step_avg:143.75ms
step:1377/4150 train_time:198019ms step_avg:143.80ms
step:1378/4150 train_time:198245ms step_avg:143.86ms
step:1379/4150 train_time:198466ms step_avg:143.92ms
step:1380/4150 train_time:198696ms step_avg:143.98ms
step:1381/4150 train_time:198919ms step_avg:144.04ms
step:1382/4150 train_time:199147ms step_avg:144.10ms
step:1383/4150 train_time:199366ms step_avg:144.16ms
step:1384/4150 train_time:199595ms step_avg:144.22ms
step:1385/4150 train_time:199818ms step_avg:144.27ms
step:1386/4150 train_time:200047ms step_avg:144.33ms
step:1387/4150 train_time:200268ms step_avg:144.39ms
step:1388/4150 train_time:200493ms step_avg:144.45ms
step:1389/4150 train_time:200719ms step_avg:144.51ms
step:1390/4150 train_time:200946ms step_avg:144.57ms
step:1391/4150 train_time:201168ms step_avg:144.62ms
step:1392/4150 train_time:201395ms step_avg:144.68ms
step:1393/4150 train_time:201619ms step_avg:144.74ms
step:1394/4150 train_time:201848ms step_avg:144.80ms
step:1395/4150 train_time:202070ms step_avg:144.85ms
step:1396/4150 train_time:202300ms step_avg:144.91ms
step:1397/4150 train_time:202522ms step_avg:144.97ms
step:1398/4150 train_time:202749ms step_avg:145.03ms
step:1399/4150 train_time:202973ms step_avg:145.08ms
step:1400/4150 train_time:203201ms step_avg:145.14ms
step:1401/4150 train_time:203422ms step_avg:145.20ms
step:1402/4150 train_time:203650ms step_avg:145.26ms
step:1403/4150 train_time:203873ms step_avg:145.31ms
step:1404/4150 train_time:204100ms step_avg:145.37ms
step:1405/4150 train_time:204321ms step_avg:145.42ms
step:1406/4150 train_time:204546ms step_avg:145.48ms
step:1407/4150 train_time:204768ms step_avg:145.54ms
step:1408/4150 train_time:204997ms step_avg:145.59ms
step:1409/4150 train_time:205217ms step_avg:145.65ms
step:1410/4150 train_time:205447ms step_avg:145.71ms
step:1411/4150 train_time:205667ms step_avg:145.76ms
step:1412/4150 train_time:205897ms step_avg:145.82ms
step:1413/4150 train_time:206118ms step_avg:145.87ms
step:1414/4150 train_time:206345ms step_avg:145.93ms
step:1415/4150 train_time:206566ms step_avg:145.98ms
step:1416/4150 train_time:206796ms step_avg:146.04ms
step:1417/4150 train_time:207018ms step_avg:146.10ms
step:1418/4150 train_time:207245ms step_avg:146.15ms
step:1419/4150 train_time:207465ms step_avg:146.21ms
step:1420/4150 train_time:207694ms step_avg:146.26ms
step:1421/4150 train_time:207917ms step_avg:146.32ms
step:1422/4150 train_time:208144ms step_avg:146.37ms
step:1423/4150 train_time:208365ms step_avg:146.43ms
step:1424/4150 train_time:208594ms step_avg:146.48ms
step:1425/4150 train_time:208818ms step_avg:146.54ms
step:1426/4150 train_time:209045ms step_avg:146.60ms
step:1427/4150 train_time:209266ms step_avg:146.65ms
step:1428/4150 train_time:209494ms step_avg:146.70ms
step:1429/4150 train_time:209718ms step_avg:146.76ms
step:1430/4150 train_time:209946ms step_avg:146.82ms
step:1431/4150 train_time:210168ms step_avg:146.87ms
step:1432/4150 train_time:210395ms step_avg:146.92ms
step:1433/4150 train_time:210618ms step_avg:146.98ms
step:1434/4150 train_time:210847ms step_avg:147.03ms
step:1435/4150 train_time:211068ms step_avg:147.09ms
step:1436/4150 train_time:211296ms step_avg:147.14ms
step:1437/4150 train_time:211520ms step_avg:147.20ms
step:1438/4150 train_time:211745ms step_avg:147.25ms
step:1439/4150 train_time:211968ms step_avg:147.30ms
step:1440/4150 train_time:212197ms step_avg:147.36ms
step:1441/4150 train_time:212419ms step_avg:147.41ms
step:1442/4150 train_time:212646ms step_avg:147.47ms
step:1443/4150 train_time:212866ms step_avg:147.52ms
step:1444/4150 train_time:213098ms step_avg:147.57ms
step:1445/4150 train_time:213322ms step_avg:147.63ms
step:1446/4150 train_time:213548ms step_avg:147.68ms
step:1447/4150 train_time:213768ms step_avg:147.73ms
step:1448/4150 train_time:214000ms step_avg:147.79ms
step:1449/4150 train_time:214221ms step_avg:147.84ms
step:1450/4150 train_time:214447ms step_avg:147.89ms
step:1451/4150 train_time:214668ms step_avg:147.94ms
step:1452/4150 train_time:214898ms step_avg:148.00ms
step:1453/4150 train_time:215122ms step_avg:148.05ms
step:1454/4150 train_time:215350ms step_avg:148.11ms
step:1455/4150 train_time:215572ms step_avg:148.16ms
step:1456/4150 train_time:215800ms step_avg:148.21ms
step:1457/4150 train_time:216021ms step_avg:148.26ms
step:1458/4150 train_time:216251ms step_avg:148.32ms
step:1459/4150 train_time:216474ms step_avg:148.37ms
step:1460/4150 train_time:216701ms step_avg:148.43ms
step:1461/4150 train_time:216924ms step_avg:148.48ms
step:1462/4150 train_time:217152ms step_avg:148.53ms
step:1463/4150 train_time:217377ms step_avg:148.58ms
step:1464/4150 train_time:217604ms step_avg:148.64ms
step:1465/4150 train_time:217826ms step_avg:148.69ms
step:1466/4150 train_time:218056ms step_avg:148.74ms
step:1467/4150 train_time:218279ms step_avg:148.79ms
step:1468/4150 train_time:218506ms step_avg:148.85ms
step:1469/4150 train_time:218728ms step_avg:148.90ms
step:1470/4150 train_time:218957ms step_avg:148.95ms
step:1471/4150 train_time:219180ms step_avg:149.00ms
step:1472/4150 train_time:219408ms step_avg:149.05ms
step:1473/4150 train_time:219628ms step_avg:149.10ms
step:1474/4150 train_time:219856ms step_avg:149.16ms
step:1475/4150 train_time:220080ms step_avg:149.21ms
step:1476/4150 train_time:220308ms step_avg:149.26ms
step:1477/4150 train_time:220528ms step_avg:149.31ms
step:1478/4150 train_time:220757ms step_avg:149.36ms
step:1479/4150 train_time:220980ms step_avg:149.41ms
step:1480/4150 train_time:221210ms step_avg:149.47ms
step:1481/4150 train_time:221434ms step_avg:149.52ms
step:1482/4150 train_time:221663ms step_avg:149.57ms
step:1483/4150 train_time:221886ms step_avg:149.62ms
step:1484/4150 train_time:222116ms step_avg:149.67ms
step:1485/4150 train_time:222339ms step_avg:149.72ms
step:1486/4150 train_time:222566ms step_avg:149.78ms
step:1487/4150 train_time:222787ms step_avg:149.82ms
step:1488/4150 train_time:223017ms step_avg:149.88ms
step:1489/4150 train_time:223239ms step_avg:149.93ms
step:1490/4150 train_time:223466ms step_avg:149.98ms
step:1491/4150 train_time:223686ms step_avg:150.02ms
step:1492/4150 train_time:223916ms step_avg:150.08ms
step:1493/4150 train_time:224139ms step_avg:150.13ms
step:1494/4150 train_time:224364ms step_avg:150.18ms
step:1495/4150 train_time:224587ms step_avg:150.23ms
step:1496/4150 train_time:224815ms step_avg:150.28ms
step:1497/4150 train_time:225040ms step_avg:150.33ms
step:1498/4150 train_time:225267ms step_avg:150.38ms
step:1499/4150 train_time:225489ms step_avg:150.43ms
step:1500/4150 train_time:225719ms step_avg:150.48ms
step:1500/4150 val_loss:3.2769 train_time:225924ms step_avg:150.62ms
step:1501/4150 train_time:225946ms step_avg:150.53ms
step:1502/4150 train_time:226174ms step_avg:150.58ms
step:1503/4150 train_time:226400ms step_avg:150.63ms
step:1504/4150 train_time:226625ms step_avg:150.68ms
step:1505/4150 train_time:226848ms step_avg:150.73ms
step:1506/4150 train_time:227078ms step_avg:150.78ms
step:1507/4150 train_time:227303ms step_avg:150.83ms
step:1508/4150 train_time:227530ms step_avg:150.88ms
step:1509/4150 train_time:227747ms step_avg:150.93ms
step:1510/4150 train_time:227979ms step_avg:150.98ms
step:1511/4150 train_time:228203ms step_avg:151.03ms
step:1512/4150 train_time:228433ms step_avg:151.08ms
step:1513/4150 train_time:228651ms step_avg:151.12ms
step:1514/4150 train_time:228878ms step_avg:151.17ms
step:1515/4150 train_time:229100ms step_avg:151.22ms
step:1516/4150 train_time:229331ms step_avg:151.27ms
step:1517/4150 train_time:229552ms step_avg:151.32ms
step:1518/4150 train_time:229777ms step_avg:151.37ms
step:1519/4150 train_time:229999ms step_avg:151.41ms
step:1520/4150 train_time:230229ms step_avg:151.47ms
step:1521/4150 train_time:230450ms step_avg:151.51ms
step:1522/4150 train_time:230675ms step_avg:151.56ms
step:1523/4150 train_time:230897ms step_avg:151.61ms
step:1524/4150 train_time:231127ms step_avg:151.66ms
step:1525/4150 train_time:231350ms step_avg:151.71ms
step:1526/4150 train_time:231576ms step_avg:151.75ms
step:1527/4150 train_time:231797ms step_avg:151.80ms
step:1528/4150 train_time:232028ms step_avg:151.85ms
step:1529/4150 train_time:232252ms step_avg:151.90ms
step:1530/4150 train_time:232480ms step_avg:151.95ms
step:1531/4150 train_time:232703ms step_avg:151.99ms
step:1532/4150 train_time:232932ms step_avg:152.04ms
step:1533/4150 train_time:233155ms step_avg:152.09ms
step:1534/4150 train_time:233384ms step_avg:152.14ms
step:1535/4150 train_time:233604ms step_avg:152.18ms
step:1536/4150 train_time:233831ms step_avg:152.23ms
step:1537/4150 train_time:234053ms step_avg:152.28ms
step:1538/4150 train_time:234280ms step_avg:152.33ms
step:1539/4150 train_time:234502ms step_avg:152.37ms
step:1540/4150 train_time:234734ms step_avg:152.42ms
step:1541/4150 train_time:234956ms step_avg:152.47ms
step:1542/4150 train_time:235185ms step_avg:152.52ms
step:1543/4150 train_time:235407ms step_avg:152.56ms
step:1544/4150 train_time:235635ms step_avg:152.61ms
step:1545/4150 train_time:235858ms step_avg:152.66ms
step:1546/4150 train_time:236084ms step_avg:152.71ms
step:1547/4150 train_time:236307ms step_avg:152.75ms
step:1548/4150 train_time:236534ms step_avg:152.80ms
step:1549/4150 train_time:236756ms step_avg:152.84ms
step:1550/4150 train_time:236984ms step_avg:152.89ms
step:1551/4150 train_time:237206ms step_avg:152.94ms
step:1552/4150 train_time:237437ms step_avg:152.99ms
step:1553/4150 train_time:237657ms step_avg:153.03ms
step:1554/4150 train_time:237886ms step_avg:153.08ms
step:1555/4150 train_time:238110ms step_avg:153.13ms
step:1556/4150 train_time:238339ms step_avg:153.17ms
step:1557/4150 train_time:238559ms step_avg:153.22ms
step:1558/4150 train_time:238788ms step_avg:153.27ms
step:1559/4150 train_time:239010ms step_avg:153.31ms
step:1560/4150 train_time:239238ms step_avg:153.36ms
step:1561/4150 train_time:239458ms step_avg:153.40ms
step:1562/4150 train_time:239687ms step_avg:153.45ms
step:1563/4150 train_time:239912ms step_avg:153.49ms
step:1564/4150 train_time:240140ms step_avg:153.54ms
step:1565/4150 train_time:240363ms step_avg:153.59ms
step:1566/4150 train_time:240590ms step_avg:153.63ms
step:1567/4150 train_time:240811ms step_avg:153.68ms
step:1568/4150 train_time:241042ms step_avg:153.73ms
step:1569/4150 train_time:241262ms step_avg:153.77ms
step:1570/4150 train_time:241490ms step_avg:153.82ms
step:1571/4150 train_time:241711ms step_avg:153.86ms
step:1572/4150 train_time:241943ms step_avg:153.91ms
step:1573/4150 train_time:242165ms step_avg:153.95ms
step:1574/4150 train_time:242393ms step_avg:154.00ms
step:1575/4150 train_time:242613ms step_avg:154.04ms
step:1576/4150 train_time:242843ms step_avg:154.09ms
step:1577/4150 train_time:243063ms step_avg:154.13ms
step:1578/4150 train_time:243291ms step_avg:154.18ms
step:1579/4150 train_time:243510ms step_avg:154.22ms
step:1580/4150 train_time:243738ms step_avg:154.26ms
step:1581/4150 train_time:243958ms step_avg:154.31ms
step:1582/4150 train_time:244190ms step_avg:154.36ms
step:1583/4150 train_time:244411ms step_avg:154.40ms
step:1584/4150 train_time:244639ms step_avg:154.44ms
step:1585/4150 train_time:244857ms step_avg:154.48ms
step:1586/4150 train_time:245088ms step_avg:154.53ms
step:1587/4150 train_time:245312ms step_avg:154.58ms
step:1588/4150 train_time:245538ms step_avg:154.62ms
step:1589/4150 train_time:245760ms step_avg:154.66ms
step:1590/4150 train_time:245988ms step_avg:154.71ms
step:1591/4150 train_time:246212ms step_avg:154.75ms
step:1592/4150 train_time:246442ms step_avg:154.80ms
step:1593/4150 train_time:246663ms step_avg:154.84ms
step:1594/4150 train_time:246891ms step_avg:154.89ms
step:1595/4150 train_time:247111ms step_avg:154.93ms
step:1596/4150 train_time:247340ms step_avg:154.97ms
step:1597/4150 train_time:247561ms step_avg:155.02ms
step:1598/4150 train_time:247789ms step_avg:155.06ms
step:1599/4150 train_time:248011ms step_avg:155.10ms
step:1600/4150 train_time:248239ms step_avg:155.15ms
step:1601/4150 train_time:248464ms step_avg:155.19ms
step:1602/4150 train_time:248692ms step_avg:155.24ms
step:1603/4150 train_time:248914ms step_avg:155.28ms
step:1604/4150 train_time:249141ms step_avg:155.32ms
step:1605/4150 train_time:249363ms step_avg:155.37ms
step:1606/4150 train_time:249592ms step_avg:155.41ms
step:1607/4150 train_time:249811ms step_avg:155.45ms
step:1608/4150 train_time:250039ms step_avg:155.50ms
step:1609/4150 train_time:250260ms step_avg:155.54ms
step:1610/4150 train_time:250490ms step_avg:155.58ms
step:1611/4150 train_time:250714ms step_avg:155.63ms
step:1612/4150 train_time:250944ms step_avg:155.67ms
step:1613/4150 train_time:251166ms step_avg:155.71ms
step:1614/4150 train_time:251395ms step_avg:155.76ms
step:1615/4150 train_time:251616ms step_avg:155.80ms
step:1616/4150 train_time:251845ms step_avg:155.84ms
step:1617/4150 train_time:252066ms step_avg:155.89ms
step:1618/4150 train_time:252294ms step_avg:155.93ms
step:1619/4150 train_time:252517ms step_avg:155.97ms
step:1620/4150 train_time:252747ms step_avg:156.02ms
step:1621/4150 train_time:252967ms step_avg:156.06ms
step:1622/4150 train_time:253195ms step_avg:156.10ms
step:1623/4150 train_time:253416ms step_avg:156.14ms
step:1624/4150 train_time:253647ms step_avg:156.19ms
step:1625/4150 train_time:253870ms step_avg:156.23ms
step:1626/4150 train_time:254097ms step_avg:156.27ms
step:1627/4150 train_time:254320ms step_avg:156.31ms
step:1628/4150 train_time:254549ms step_avg:156.36ms
step:1629/4150 train_time:254772ms step_avg:156.40ms
step:1630/4150 train_time:255000ms step_avg:156.44ms
step:1631/4150 train_time:255220ms step_avg:156.48ms
step:1632/4150 train_time:255451ms step_avg:156.53ms
step:1633/4150 train_time:255674ms step_avg:156.57ms
step:1634/4150 train_time:255900ms step_avg:156.61ms
step:1635/4150 train_time:256123ms step_avg:156.65ms
step:1636/4150 train_time:256353ms step_avg:156.69ms
step:1637/4150 train_time:256574ms step_avg:156.73ms
step:1638/4150 train_time:256802ms step_avg:156.78ms
step:1639/4150 train_time:257026ms step_avg:156.82ms
step:1640/4150 train_time:257254ms step_avg:156.86ms
step:1641/4150 train_time:257476ms step_avg:156.90ms
step:1642/4150 train_time:257707ms step_avg:156.95ms
step:1643/4150 train_time:257929ms step_avg:156.99ms
step:1644/4150 train_time:258156ms step_avg:157.03ms
step:1645/4150 train_time:258377ms step_avg:157.07ms
step:1646/4150 train_time:258608ms step_avg:157.11ms
step:1647/4150 train_time:258830ms step_avg:157.15ms
step:1648/4150 train_time:259057ms step_avg:157.19ms
step:1649/4150 train_time:259279ms step_avg:157.23ms
step:1650/4150 train_time:259505ms step_avg:157.28ms
step:1651/4150 train_time:259729ms step_avg:157.32ms
step:1652/4150 train_time:259955ms step_avg:157.36ms
step:1653/4150 train_time:260175ms step_avg:157.40ms
step:1654/4150 train_time:260400ms step_avg:157.44ms
step:1655/4150 train_time:260624ms step_avg:157.48ms
step:1656/4150 train_time:260854ms step_avg:157.52ms
step:1657/4150 train_time:261075ms step_avg:157.56ms
step:1658/4150 train_time:261301ms step_avg:157.60ms
step:1659/4150 train_time:261525ms step_avg:157.64ms
step:1660/4150 train_time:261756ms step_avg:157.68ms
step:1661/4150 train_time:261979ms step_avg:157.72ms
step:1662/4150 train_time:262207ms step_avg:157.77ms
step:1663/4150 train_time:262429ms step_avg:157.80ms
step:1664/4150 train_time:262656ms step_avg:157.85ms
step:1665/4150 train_time:262878ms step_avg:157.88ms
step:1666/4150 train_time:263107ms step_avg:157.93ms
step:1667/4150 train_time:263331ms step_avg:157.97ms
step:1668/4150 train_time:263558ms step_avg:158.01ms
step:1669/4150 train_time:263779ms step_avg:158.05ms
step:1670/4150 train_time:264007ms step_avg:158.09ms
step:1671/4150 train_time:264230ms step_avg:158.13ms
step:1672/4150 train_time:264457ms step_avg:158.17ms
step:1673/4150 train_time:264678ms step_avg:158.21ms
step:1674/4150 train_time:264907ms step_avg:158.25ms
step:1675/4150 train_time:265128ms step_avg:158.29ms
step:1676/4150 train_time:265356ms step_avg:158.33ms
step:1677/4150 train_time:265580ms step_avg:158.37ms
step:1678/4150 train_time:265809ms step_avg:158.41ms
step:1679/4150 train_time:266031ms step_avg:158.45ms
step:1680/4150 train_time:266258ms step_avg:158.49ms
step:1681/4150 train_time:266480ms step_avg:158.52ms
step:1682/4150 train_time:266710ms step_avg:158.57ms
step:1683/4150 train_time:266932ms step_avg:158.61ms
step:1684/4150 train_time:267159ms step_avg:158.65ms
step:1685/4150 train_time:267381ms step_avg:158.68ms
step:1686/4150 train_time:267610ms step_avg:158.72ms
step:1687/4150 train_time:267834ms step_avg:158.76ms
step:1688/4150 train_time:268060ms step_avg:158.80ms
step:1689/4150 train_time:268283ms step_avg:158.84ms
step:1690/4150 train_time:268512ms step_avg:158.88ms
step:1691/4150 train_time:268737ms step_avg:158.92ms
step:1692/4150 train_time:268966ms step_avg:158.96ms
step:1693/4150 train_time:269188ms step_avg:159.00ms
step:1694/4150 train_time:269412ms step_avg:159.04ms
step:1695/4150 train_time:269636ms step_avg:159.08ms
step:1696/4150 train_time:269861ms step_avg:159.12ms
step:1697/4150 train_time:270088ms step_avg:159.16ms
step:1698/4150 train_time:270315ms step_avg:159.20ms
step:1699/4150 train_time:270538ms step_avg:159.23ms
step:1700/4150 train_time:270766ms step_avg:159.27ms
step:1701/4150 train_time:270989ms step_avg:159.31ms
step:1702/4150 train_time:271217ms step_avg:159.35ms
step:1703/4150 train_time:271440ms step_avg:159.39ms
step:1704/4150 train_time:271670ms step_avg:159.43ms
step:1705/4150 train_time:271891ms step_avg:159.47ms
step:1706/4150 train_time:272118ms step_avg:159.51ms
step:1707/4150 train_time:272341ms step_avg:159.54ms
step:1708/4150 train_time:272571ms step_avg:159.58ms
step:1709/4150 train_time:272794ms step_avg:159.62ms
step:1710/4150 train_time:273025ms step_avg:159.66ms
step:1711/4150 train_time:273251ms step_avg:159.70ms
step:1712/4150 train_time:273476ms step_avg:159.74ms
step:1713/4150 train_time:273698ms step_avg:159.78ms
step:1714/4150 train_time:273928ms step_avg:159.82ms
step:1715/4150 train_time:274152ms step_avg:159.86ms
step:1716/4150 train_time:274378ms step_avg:159.89ms
step:1717/4150 train_time:274601ms step_avg:159.93ms
step:1718/4150 train_time:274831ms step_avg:159.97ms
step:1719/4150 train_time:275052ms step_avg:160.01ms
step:1720/4150 train_time:275281ms step_avg:160.05ms
step:1721/4150 train_time:275503ms step_avg:160.08ms
step:1722/4150 train_time:275733ms step_avg:160.12ms
step:1723/4150 train_time:275955ms step_avg:160.16ms
step:1724/4150 train_time:276184ms step_avg:160.20ms
step:1725/4150 train_time:276407ms step_avg:160.24ms
step:1726/4150 train_time:276636ms step_avg:160.28ms
step:1727/4150 train_time:276857ms step_avg:160.31ms
step:1728/4150 train_time:277086ms step_avg:160.35ms
step:1729/4150 train_time:277309ms step_avg:160.39ms
step:1730/4150 train_time:277538ms step_avg:160.43ms
step:1731/4150 train_time:277761ms step_avg:160.46ms
step:1732/4150 train_time:277991ms step_avg:160.50ms
step:1733/4150 train_time:278213ms step_avg:160.54ms
step:1734/4150 train_time:278441ms step_avg:160.58ms
step:1735/4150 train_time:278664ms step_avg:160.61ms
step:1736/4150 train_time:278894ms step_avg:160.65ms
step:1737/4150 train_time:279121ms step_avg:160.69ms
step:1738/4150 train_time:279352ms step_avg:160.73ms
step:1739/4150 train_time:279575ms step_avg:160.77ms
step:1740/4150 train_time:279804ms step_avg:160.81ms
step:1741/4150 train_time:280029ms step_avg:160.84ms
step:1742/4150 train_time:280258ms step_avg:160.88ms
step:1743/4150 train_time:280478ms step_avg:160.92ms
step:1744/4150 train_time:280709ms step_avg:160.96ms
step:1745/4150 train_time:280934ms step_avg:160.99ms
step:1746/4150 train_time:281162ms step_avg:161.03ms
step:1747/4150 train_time:281385ms step_avg:161.07ms
step:1748/4150 train_time:281614ms step_avg:161.11ms
step:1749/4150 train_time:281838ms step_avg:161.14ms
step:1750/4150 train_time:282067ms step_avg:161.18ms
step:1750/4150 val_loss:3.2278 train_time:282272ms step_avg:161.30ms
step:1751/4150 train_time:282295ms step_avg:161.22ms
step:1752/4150 train_time:282525ms step_avg:161.26ms
step:1753/4150 train_time:282749ms step_avg:161.29ms
step:1754/4150 train_time:282975ms step_avg:161.33ms
step:1755/4150 train_time:283197ms step_avg:161.37ms
step:1756/4150 train_time:283429ms step_avg:161.41ms
step:1757/4150 train_time:283657ms step_avg:161.44ms
step:1758/4150 train_time:283884ms step_avg:161.48ms
step:1759/4150 train_time:284103ms step_avg:161.51ms
step:1760/4150 train_time:284334ms step_avg:161.55ms
step:1761/4150 train_time:284559ms step_avg:161.59ms
step:1762/4150 train_time:284787ms step_avg:161.63ms
step:1763/4150 train_time:285008ms step_avg:161.66ms
step:1764/4150 train_time:285237ms step_avg:161.70ms
step:1765/4150 train_time:285462ms step_avg:161.73ms
step:1766/4150 train_time:285691ms step_avg:161.77ms
step:1767/4150 train_time:285912ms step_avg:161.81ms
step:1768/4150 train_time:286142ms step_avg:161.85ms
step:1769/4150 train_time:286368ms step_avg:161.88ms
step:1770/4150 train_time:286598ms step_avg:161.92ms
step:1771/4150 train_time:286822ms step_avg:161.95ms
step:1772/4150 train_time:287048ms step_avg:161.99ms
step:1773/4150 train_time:287274ms step_avg:162.03ms
step:1774/4150 train_time:287503ms step_avg:162.06ms
step:1775/4150 train_time:287728ms step_avg:162.10ms
step:1776/4150 train_time:287957ms step_avg:162.14ms
step:1777/4150 train_time:288181ms step_avg:162.17ms
step:1778/4150 train_time:288410ms step_avg:162.21ms
step:1779/4150 train_time:288633ms step_avg:162.24ms
step:1780/4150 train_time:288861ms step_avg:162.28ms
step:1781/4150 train_time:289085ms step_avg:162.32ms
step:1782/4150 train_time:289315ms step_avg:162.35ms
step:1783/4150 train_time:289537ms step_avg:162.39ms
step:1784/4150 train_time:289765ms step_avg:162.42ms
step:1785/4150 train_time:289992ms step_avg:162.46ms
step:1786/4150 train_time:290219ms step_avg:162.50ms
step:1787/4150 train_time:290443ms step_avg:162.53ms
step:1788/4150 train_time:290673ms step_avg:162.57ms
step:1789/4150 train_time:290895ms step_avg:162.60ms
step:1790/4150 train_time:291122ms step_avg:162.64ms
step:1791/4150 train_time:291348ms step_avg:162.67ms
step:1792/4150 train_time:291575ms step_avg:162.71ms
step:1793/4150 train_time:291798ms step_avg:162.74ms
step:1794/4150 train_time:292027ms step_avg:162.78ms
step:1795/4150 train_time:292251ms step_avg:162.81ms
step:1796/4150 train_time:292480ms step_avg:162.85ms
step:1797/4150 train_time:292702ms step_avg:162.88ms
step:1798/4150 train_time:292934ms step_avg:162.92ms
step:1799/4150 train_time:293154ms step_avg:162.95ms
step:1800/4150 train_time:293384ms step_avg:162.99ms
step:1801/4150 train_time:293607ms step_avg:163.02ms
step:1802/4150 train_time:293833ms step_avg:163.06ms
step:1803/4150 train_time:294053ms step_avg:163.09ms
step:1804/4150 train_time:294283ms step_avg:163.13ms
step:1805/4150 train_time:294507ms step_avg:163.16ms
step:1806/4150 train_time:294735ms step_avg:163.20ms
step:1807/4150 train_time:294956ms step_avg:163.23ms
step:1808/4150 train_time:295188ms step_avg:163.27ms
step:1809/4150 train_time:295412ms step_avg:163.30ms
step:1810/4150 train_time:295642ms step_avg:163.34ms
step:1811/4150 train_time:295867ms step_avg:163.37ms
step:1812/4150 train_time:296094ms step_avg:163.41ms
step:1813/4150 train_time:296317ms step_avg:163.44ms
step:1814/4150 train_time:296549ms step_avg:163.48ms
step:1815/4150 train_time:296773ms step_avg:163.51ms
step:1816/4150 train_time:297003ms step_avg:163.55ms
step:1817/4150 train_time:297226ms step_avg:163.58ms
step:1818/4150 train_time:297453ms step_avg:163.62ms
step:1819/4150 train_time:297675ms step_avg:163.65ms
step:1820/4150 train_time:297900ms step_avg:163.68ms
step:1821/4150 train_time:298122ms step_avg:163.71ms
step:1822/4150 train_time:298355ms step_avg:163.75ms
step:1823/4150 train_time:298578ms step_avg:163.78ms
step:1824/4150 train_time:298806ms step_avg:163.82ms
step:1825/4150 train_time:299030ms step_avg:163.85ms
step:1826/4150 train_time:299257ms step_avg:163.89ms
step:1827/4150 train_time:299480ms step_avg:163.92ms
step:1828/4150 train_time:299707ms step_avg:163.95ms
step:1829/4150 train_time:299930ms step_avg:163.99ms
step:1830/4150 train_time:300156ms step_avg:164.02ms
step:1831/4150 train_time:300380ms step_avg:164.05ms
step:1832/4150 train_time:300611ms step_avg:164.09ms
step:1833/4150 train_time:300835ms step_avg:164.12ms
step:1834/4150 train_time:301063ms step_avg:164.16ms
step:1835/4150 train_time:301285ms step_avg:164.19ms
step:1836/4150 train_time:301515ms step_avg:164.22ms
step:1837/4150 train_time:301737ms step_avg:164.26ms
step:1838/4150 train_time:301966ms step_avg:164.29ms
step:1839/4150 train_time:302190ms step_avg:164.32ms
step:1840/4150 train_time:302419ms step_avg:164.36ms
step:1841/4150 train_time:302642ms step_avg:164.39ms
step:1842/4150 train_time:302872ms step_avg:164.43ms
step:1843/4150 train_time:303094ms step_avg:164.46ms
step:1844/4150 train_time:303323ms step_avg:164.49ms
step:1845/4150 train_time:303545ms step_avg:164.52ms
step:1846/4150 train_time:303773ms step_avg:164.56ms
step:1847/4150 train_time:303997ms step_avg:164.59ms
step:1848/4150 train_time:304226ms step_avg:164.62ms
step:1849/4150 train_time:304448ms step_avg:164.66ms
step:1850/4150 train_time:304679ms step_avg:164.69ms
step:1851/4150 train_time:304901ms step_avg:164.72ms
step:1852/4150 train_time:305132ms step_avg:164.76ms
step:1853/4150 train_time:305358ms step_avg:164.79ms
step:1854/4150 train_time:305586ms step_avg:164.83ms
step:1855/4150 train_time:305809ms step_avg:164.86ms
step:1856/4150 train_time:306039ms step_avg:164.89ms
step:1857/4150 train_time:306262ms step_avg:164.92ms
step:1858/4150 train_time:306491ms step_avg:164.96ms
step:1859/4150 train_time:306712ms step_avg:164.99ms
step:1860/4150 train_time:306943ms step_avg:165.02ms
step:1861/4150 train_time:307168ms step_avg:165.06ms
step:1862/4150 train_time:307397ms step_avg:165.09ms
step:1863/4150 train_time:307620ms step_avg:165.12ms
step:1864/4150 train_time:307852ms step_avg:165.16ms
step:1865/4150 train_time:308077ms step_avg:165.19ms
step:1866/4150 train_time:308308ms step_avg:165.22ms
step:1867/4150 train_time:308531ms step_avg:165.26ms
step:1868/4150 train_time:308759ms step_avg:165.29ms
step:1869/4150 train_time:308982ms step_avg:165.32ms
step:1870/4150 train_time:309211ms step_avg:165.35ms
step:1871/4150 train_time:309435ms step_avg:165.38ms
step:1872/4150 train_time:309668ms step_avg:165.42ms
step:1873/4150 train_time:309891ms step_avg:165.45ms
step:1874/4150 train_time:310119ms step_avg:165.49ms
step:1875/4150 train_time:310342ms step_avg:165.52ms
step:1876/4150 train_time:310571ms step_avg:165.55ms
step:1877/4150 train_time:310795ms step_avg:165.58ms
step:1878/4150 train_time:311024ms step_avg:165.61ms
step:1879/4150 train_time:311247ms step_avg:165.65ms
step:1880/4150 train_time:311474ms step_avg:165.68ms
step:1881/4150 train_time:311696ms step_avg:165.71ms
step:1882/4150 train_time:311924ms step_avg:165.74ms
step:1883/4150 train_time:312149ms step_avg:165.77ms
step:1884/4150 train_time:312379ms step_avg:165.81ms
step:1885/4150 train_time:312602ms step_avg:165.84ms
step:1886/4150 train_time:312832ms step_avg:165.87ms
step:1887/4150 train_time:313052ms step_avg:165.90ms
step:1888/4150 train_time:313280ms step_avg:165.93ms
step:1889/4150 train_time:313503ms step_avg:165.96ms
step:1890/4150 train_time:313732ms step_avg:166.00ms
step:1891/4150 train_time:313954ms step_avg:166.03ms
step:1892/4150 train_time:314183ms step_avg:166.06ms
step:1893/4150 train_time:314405ms step_avg:166.09ms
step:1894/4150 train_time:314635ms step_avg:166.12ms
step:1895/4150 train_time:314856ms step_avg:166.15ms
step:1896/4150 train_time:315084ms step_avg:166.18ms
step:1897/4150 train_time:315309ms step_avg:166.21ms
step:1898/4150 train_time:315537ms step_avg:166.25ms
step:1899/4150 train_time:315760ms step_avg:166.28ms
step:1900/4150 train_time:315989ms step_avg:166.31ms
step:1901/4150 train_time:316211ms step_avg:166.34ms
step:1902/4150 train_time:316440ms step_avg:166.37ms
step:1903/4150 train_time:316663ms step_avg:166.40ms
step:1904/4150 train_time:316894ms step_avg:166.44ms
step:1905/4150 train_time:317117ms step_avg:166.47ms
step:1906/4150 train_time:317347ms step_avg:166.50ms
step:1907/4150 train_time:317571ms step_avg:166.53ms
step:1908/4150 train_time:317799ms step_avg:166.56ms
step:1909/4150 train_time:318020ms step_avg:166.59ms
step:1910/4150 train_time:318250ms step_avg:166.62ms
step:1911/4150 train_time:318474ms step_avg:166.65ms
step:1912/4150 train_time:318703ms step_avg:166.69ms
step:1913/4150 train_time:318926ms step_avg:166.72ms
step:1914/4150 train_time:319155ms step_avg:166.75ms
step:1915/4150 train_time:319379ms step_avg:166.78ms
step:1916/4150 train_time:319607ms step_avg:166.81ms
step:1917/4150 train_time:319833ms step_avg:166.84ms
step:1918/4150 train_time:320058ms step_avg:166.87ms
step:1919/4150 train_time:320281ms step_avg:166.90ms
step:1920/4150 train_time:320511ms step_avg:166.93ms
step:1921/4150 train_time:320733ms step_avg:166.96ms
step:1922/4150 train_time:320961ms step_avg:166.99ms
step:1923/4150 train_time:321186ms step_avg:167.02ms
step:1924/4150 train_time:321415ms step_avg:167.06ms
step:1925/4150 train_time:321636ms step_avg:167.08ms
step:1926/4150 train_time:321868ms step_avg:167.12ms
step:1927/4150 train_time:322092ms step_avg:167.15ms
step:1928/4150 train_time:322320ms step_avg:167.18ms
step:1929/4150 train_time:322543ms step_avg:167.21ms
step:1930/4150 train_time:322775ms step_avg:167.24ms
step:1931/4150 train_time:322999ms step_avg:167.27ms
step:1932/4150 train_time:323228ms step_avg:167.30ms
step:1933/4150 train_time:323451ms step_avg:167.33ms
step:1934/4150 train_time:323680ms step_avg:167.36ms
step:1935/4150 train_time:323903ms step_avg:167.39ms
step:1936/4150 train_time:324135ms step_avg:167.43ms
step:1937/4150 train_time:324359ms step_avg:167.45ms
step:1938/4150 train_time:324589ms step_avg:167.49ms
step:1939/4150 train_time:324812ms step_avg:167.52ms
step:1940/4150 train_time:325040ms step_avg:167.55ms
step:1941/4150 train_time:325265ms step_avg:167.58ms
step:1942/4150 train_time:325494ms step_avg:167.61ms
step:1943/4150 train_time:325714ms step_avg:167.63ms
step:1944/4150 train_time:325942ms step_avg:167.67ms
step:1945/4150 train_time:326167ms step_avg:167.70ms
step:1946/4150 train_time:326396ms step_avg:167.73ms
step:1947/4150 train_time:326620ms step_avg:167.76ms
step:1948/4150 train_time:326850ms step_avg:167.79ms
step:1949/4150 train_time:327073ms step_avg:167.82ms
step:1950/4150 train_time:327300ms step_avg:167.85ms
step:1951/4150 train_time:327525ms step_avg:167.88ms
step:1952/4150 train_time:327753ms step_avg:167.91ms
step:1953/4150 train_time:327977ms step_avg:167.94ms
step:1954/4150 train_time:328207ms step_avg:167.97ms
step:1955/4150 train_time:328431ms step_avg:168.00ms
step:1956/4150 train_time:328658ms step_avg:168.03ms
step:1957/4150 train_time:328881ms step_avg:168.05ms
step:1958/4150 train_time:329110ms step_avg:168.08ms
step:1959/4150 train_time:329332ms step_avg:168.11ms
step:1960/4150 train_time:329561ms step_avg:168.14ms
step:1961/4150 train_time:329783ms step_avg:168.17ms
step:1962/4150 train_time:330010ms step_avg:168.20ms
step:1963/4150 train_time:330236ms step_avg:168.23ms
step:1964/4150 train_time:330464ms step_avg:168.26ms
step:1965/4150 train_time:330689ms step_avg:168.29ms
step:1966/4150 train_time:330916ms step_avg:168.32ms
step:1967/4150 train_time:331141ms step_avg:168.35ms
step:1968/4150 train_time:331370ms step_avg:168.38ms
step:1969/4150 train_time:331592ms step_avg:168.41ms
step:1970/4150 train_time:331820ms step_avg:168.44ms
step:1971/4150 train_time:332043ms step_avg:168.46ms
step:1972/4150 train_time:332272ms step_avg:168.50ms
step:1973/4150 train_time:332493ms step_avg:168.52ms
step:1974/4150 train_time:332723ms step_avg:168.55ms
step:1975/4150 train_time:332945ms step_avg:168.58ms
step:1976/4150 train_time:333174ms step_avg:168.61ms
step:1977/4150 train_time:333396ms step_avg:168.64ms
step:1978/4150 train_time:333626ms step_avg:168.67ms
step:1979/4150 train_time:333849ms step_avg:168.70ms
step:1980/4150 train_time:334079ms step_avg:168.73ms
step:1981/4150 train_time:334302ms step_avg:168.75ms
step:1982/4150 train_time:334533ms step_avg:168.79ms
step:1983/4150 train_time:334756ms step_avg:168.81ms
step:1984/4150 train_time:334984ms step_avg:168.84ms
step:1985/4150 train_time:335209ms step_avg:168.87ms
step:1986/4150 train_time:335435ms step_avg:168.90ms
step:1987/4150 train_time:335657ms step_avg:168.93ms
step:1988/4150 train_time:335887ms step_avg:168.96ms
step:1989/4150 train_time:336113ms step_avg:168.99ms
step:1990/4150 train_time:336338ms step_avg:169.01ms
step:1991/4150 train_time:336562ms step_avg:169.04ms
step:1992/4150 train_time:336791ms step_avg:169.07ms
step:1993/4150 train_time:337013ms step_avg:169.10ms
step:1994/4150 train_time:337241ms step_avg:169.13ms
step:1995/4150 train_time:337466ms step_avg:169.16ms
step:1996/4150 train_time:337694ms step_avg:169.19ms
step:1997/4150 train_time:337917ms step_avg:169.21ms
step:1998/4150 train_time:338146ms step_avg:169.24ms
step:1999/4150 train_time:338370ms step_avg:169.27ms
step:2000/4150 train_time:338597ms step_avg:169.30ms
step:2000/4150 val_loss:3.1791 train_time:338801ms step_avg:169.40ms
step:2001/4150 train_time:338822ms step_avg:169.33ms
step:2002/4150 train_time:339053ms step_avg:169.36ms
step:2003/4150 train_time:339280ms step_avg:169.39ms
step:2004/4150 train_time:339505ms step_avg:169.41ms
step:2005/4150 train_time:339728ms step_avg:169.44ms
step:2006/4150 train_time:339959ms step_avg:169.47ms
step:2007/4150 train_time:340185ms step_avg:169.50ms
step:2008/4150 train_time:340411ms step_avg:169.53ms
step:2009/4150 train_time:340630ms step_avg:169.55ms
step:2010/4150 train_time:340861ms step_avg:169.58ms
step:2011/4150 train_time:341086ms step_avg:169.61ms
step:2012/4150 train_time:341313ms step_avg:169.64ms
step:2013/4150 train_time:341534ms step_avg:169.66ms
step:2014/4150 train_time:341767ms step_avg:169.70ms
step:2015/4150 train_time:341989ms step_avg:169.72ms
step:2016/4150 train_time:342219ms step_avg:169.75ms
step:2017/4150 train_time:342441ms step_avg:169.78ms
step:2018/4150 train_time:342670ms step_avg:169.81ms
step:2019/4150 train_time:342893ms step_avg:169.83ms
step:2020/4150 train_time:343124ms step_avg:169.86ms
step:2021/4150 train_time:343347ms step_avg:169.89ms
step:2022/4150 train_time:343578ms step_avg:169.92ms
step:2023/4150 train_time:343802ms step_avg:169.95ms
step:2024/4150 train_time:344031ms step_avg:169.98ms
step:2025/4150 train_time:344252ms step_avg:170.00ms
step:2026/4150 train_time:344483ms step_avg:170.03ms
step:2027/4150 train_time:344707ms step_avg:170.06ms
step:2028/4150 train_time:344936ms step_avg:170.09ms
step:2029/4150 train_time:345161ms step_avg:170.11ms
step:2030/4150 train_time:345391ms step_avg:170.14ms
step:2031/4150 train_time:345613ms step_avg:170.17ms
step:2032/4150 train_time:345842ms step_avg:170.20ms
step:2033/4150 train_time:346067ms step_avg:170.22ms
step:2034/4150 train_time:346295ms step_avg:170.25ms
step:2035/4150 train_time:346522ms step_avg:170.28ms
step:2036/4150 train_time:346750ms step_avg:170.31ms
step:2037/4150 train_time:346973ms step_avg:170.34ms
step:2038/4150 train_time:347201ms step_avg:170.36ms
step:2039/4150 train_time:347427ms step_avg:170.39ms
step:2040/4150 train_time:347655ms step_avg:170.42ms
step:2041/4150 train_time:347880ms step_avg:170.45ms
step:2042/4150 train_time:348106ms step_avg:170.47ms
step:2043/4150 train_time:348328ms step_avg:170.50ms
step:2044/4150 train_time:348558ms step_avg:170.53ms
step:2045/4150 train_time:348782ms step_avg:170.55ms
step:2046/4150 train_time:349011ms step_avg:170.58ms
step:2047/4150 train_time:349232ms step_avg:170.61ms
step:2048/4150 train_time:349461ms step_avg:170.64ms
step:2049/4150 train_time:349683ms step_avg:170.66ms
step:2050/4150 train_time:349912ms step_avg:170.69ms
step:2051/4150 train_time:350134ms step_avg:170.71ms
step:2052/4150 train_time:350366ms step_avg:170.74ms
step:2053/4150 train_time:350586ms step_avg:170.77ms
step:2054/4150 train_time:350816ms step_avg:170.80ms
step:2055/4150 train_time:351036ms step_avg:170.82ms
step:2056/4150 train_time:351264ms step_avg:170.85ms
step:2057/4150 train_time:351488ms step_avg:170.87ms
step:2058/4150 train_time:351714ms step_avg:170.90ms
step:2059/4150 train_time:351937ms step_avg:170.93ms
step:2060/4150 train_time:352164ms step_avg:170.95ms
step:2061/4150 train_time:352388ms step_avg:170.98ms
step:2062/4150 train_time:352616ms step_avg:171.01ms
step:2063/4150 train_time:352837ms step_avg:171.03ms
step:2064/4150 train_time:353067ms step_avg:171.06ms
step:2065/4150 train_time:353291ms step_avg:171.09ms
step:2066/4150 train_time:353520ms step_avg:171.11ms
step:2067/4150 train_time:353746ms step_avg:171.14ms
step:2068/4150 train_time:353974ms step_avg:171.17ms
step:2069/4150 train_time:354197ms step_avg:171.19ms
step:2070/4150 train_time:354427ms step_avg:171.22ms
step:2071/4150 train_time:354649ms step_avg:171.25ms
step:2072/4150 train_time:354878ms step_avg:171.27ms
step:2073/4150 train_time:355101ms step_avg:171.30ms
step:2074/4150 train_time:355329ms step_avg:171.33ms
step:2075/4150 train_time:355552ms step_avg:171.35ms
step:2076/4150 train_time:355780ms step_avg:171.38ms
step:2077/4150 train_time:356003ms step_avg:171.40ms
step:2078/4150 train_time:356230ms step_avg:171.43ms
step:2079/4150 train_time:356452ms step_avg:171.45ms
step:2080/4150 train_time:356683ms step_avg:171.48ms
step:2081/4150 train_time:356906ms step_avg:171.51ms
step:2082/4150 train_time:357134ms step_avg:171.53ms
step:2083/4150 train_time:357358ms step_avg:171.56ms
step:2084/4150 train_time:357589ms step_avg:171.59ms
step:2085/4150 train_time:357813ms step_avg:171.61ms
step:2086/4150 train_time:358046ms step_avg:171.64ms
step:2087/4150 train_time:358267ms step_avg:171.67ms
step:2088/4150 train_time:358495ms step_avg:171.69ms
step:2089/4150 train_time:358720ms step_avg:171.72ms
step:2090/4150 train_time:358952ms step_avg:171.75ms
step:2091/4150 train_time:359172ms step_avg:171.77ms
step:2092/4150 train_time:359401ms step_avg:171.80ms
step:2093/4150 train_time:359624ms step_avg:171.82ms
step:2094/4150 train_time:359852ms step_avg:171.85ms
step:2095/4150 train_time:360075ms step_avg:171.87ms
step:2096/4150 train_time:360304ms step_avg:171.90ms
step:2097/4150 train_time:360527ms step_avg:171.93ms
step:2098/4150 train_time:360755ms step_avg:171.95ms
step:2099/4150 train_time:360980ms step_avg:171.98ms
step:2100/4150 train_time:361210ms step_avg:172.00ms
step:2101/4150 train_time:361435ms step_avg:172.03ms
step:2102/4150 train_time:361665ms step_avg:172.06ms
step:2103/4150 train_time:361891ms step_avg:172.08ms
step:2104/4150 train_time:362117ms step_avg:172.11ms
step:2105/4150 train_time:362341ms step_avg:172.13ms
step:2106/4150 train_time:362570ms step_avg:172.16ms
step:2107/4150 train_time:362793ms step_avg:172.18ms
step:2108/4150 train_time:363023ms step_avg:172.21ms
step:2109/4150 train_time:363244ms step_avg:172.24ms
step:2110/4150 train_time:363473ms step_avg:172.26ms
step:2111/4150 train_time:363695ms step_avg:172.29ms
step:2112/4150 train_time:363925ms step_avg:172.31ms
step:2113/4150 train_time:364148ms step_avg:172.34ms
step:2114/4150 train_time:364379ms step_avg:172.36ms
step:2115/4150 train_time:364603ms step_avg:172.39ms
step:2116/4150 train_time:364830ms step_avg:172.42ms
step:2117/4150 train_time:365052ms step_avg:172.44ms
step:2118/4150 train_time:365283ms step_avg:172.47ms
step:2119/4150 train_time:365504ms step_avg:172.49ms
step:2120/4150 train_time:365733ms step_avg:172.52ms
step:2121/4150 train_time:365955ms step_avg:172.54ms
step:2122/4150 train_time:366185ms step_avg:172.57ms
step:2123/4150 train_time:366408ms step_avg:172.59ms
step:2124/4150 train_time:366640ms step_avg:172.62ms
step:2125/4150 train_time:366863ms step_avg:172.64ms
step:2126/4150 train_time:367095ms step_avg:172.67ms
step:2127/4150 train_time:367320ms step_avg:172.69ms
step:2128/4150 train_time:367550ms step_avg:172.72ms
step:2129/4150 train_time:367774ms step_avg:172.75ms
step:2130/4150 train_time:368002ms step_avg:172.77ms
step:2131/4150 train_time:368226ms step_avg:172.79ms
step:2132/4150 train_time:368452ms step_avg:172.82ms
step:2133/4150 train_time:368676ms step_avg:172.84ms
step:2134/4150 train_time:368907ms step_avg:172.87ms
step:2135/4150 train_time:369128ms step_avg:172.89ms
step:2136/4150 train_time:369360ms step_avg:172.92ms
step:2137/4150 train_time:369583ms step_avg:172.94ms
step:2138/4150 train_time:369811ms step_avg:172.97ms
step:2139/4150 train_time:370034ms step_avg:172.99ms
step:2140/4150 train_time:370267ms step_avg:173.02ms
step:2141/4150 train_time:370487ms step_avg:173.04ms
step:2142/4150 train_time:370715ms step_avg:173.07ms
step:2143/4150 train_time:370935ms step_avg:173.09ms
step:2144/4150 train_time:371166ms step_avg:173.12ms
step:2145/4150 train_time:371387ms step_avg:173.14ms
step:2146/4150 train_time:371623ms step_avg:173.17ms
step:2147/4150 train_time:371846ms step_avg:173.19ms
step:2148/4150 train_time:372075ms step_avg:173.22ms
step:2149/4150 train_time:372301ms step_avg:173.24ms
step:2150/4150 train_time:372532ms step_avg:173.27ms
step:2151/4150 train_time:372753ms step_avg:173.29ms
step:2152/4150 train_time:372987ms step_avg:173.32ms
step:2153/4150 train_time:373210ms step_avg:173.34ms
step:2154/4150 train_time:373440ms step_avg:173.37ms
step:2155/4150 train_time:373661ms step_avg:173.39ms
step:2156/4150 train_time:373891ms step_avg:173.42ms
step:2157/4150 train_time:374115ms step_avg:173.44ms
step:2158/4150 train_time:374346ms step_avg:173.47ms
step:2159/4150 train_time:374571ms step_avg:173.49ms
step:2160/4150 train_time:374804ms step_avg:173.52ms
step:2161/4150 train_time:375028ms step_avg:173.54ms
step:2162/4150 train_time:375256ms step_avg:173.57ms
step:2163/4150 train_time:375479ms step_avg:173.59ms
step:2164/4150 train_time:375709ms step_avg:173.62ms
step:2165/4150 train_time:375931ms step_avg:173.64ms
step:2166/4150 train_time:376162ms step_avg:173.67ms
step:2167/4150 train_time:376389ms step_avg:173.69ms
step:2168/4150 train_time:376620ms step_avg:173.72ms
step:2169/4150 train_time:376842ms step_avg:173.74ms
step:2170/4150 train_time:377070ms step_avg:173.77ms
step:2171/4150 train_time:377293ms step_avg:173.79ms
step:2172/4150 train_time:377525ms step_avg:173.81ms
step:2173/4150 train_time:377749ms step_avg:173.84ms
step:2174/4150 train_time:377978ms step_avg:173.86ms
step:2175/4150 train_time:378200ms step_avg:173.89ms
step:2176/4150 train_time:378429ms step_avg:173.91ms
step:2177/4150 train_time:378653ms step_avg:173.93ms
step:2178/4150 train_time:378883ms step_avg:173.96ms
step:2179/4150 train_time:379108ms step_avg:173.98ms
step:2180/4150 train_time:379338ms step_avg:174.01ms
step:2181/4150 train_time:379564ms step_avg:174.03ms
step:2182/4150 train_time:379789ms step_avg:174.06ms
step:2183/4150 train_time:380012ms step_avg:174.08ms
step:2184/4150 train_time:380240ms step_avg:174.10ms
step:2185/4150 train_time:380467ms step_avg:174.13ms
step:2186/4150 train_time:380694ms step_avg:174.15ms
step:2187/4150 train_time:380917ms step_avg:174.17ms
step:2188/4150 train_time:381147ms step_avg:174.20ms
step:2189/4150 train_time:381371ms step_avg:174.22ms
step:2190/4150 train_time:381600ms step_avg:174.25ms
step:2191/4150 train_time:381825ms step_avg:174.27ms
step:2192/4150 train_time:382056ms step_avg:174.30ms
step:2193/4150 train_time:382281ms step_avg:174.32ms
step:2194/4150 train_time:382507ms step_avg:174.34ms
step:2195/4150 train_time:382730ms step_avg:174.36ms
step:2196/4150 train_time:382960ms step_avg:174.39ms
step:2197/4150 train_time:383186ms step_avg:174.41ms
step:2198/4150 train_time:383416ms step_avg:174.44ms
step:2199/4150 train_time:383639ms step_avg:174.46ms
step:2200/4150 train_time:383869ms step_avg:174.49ms
step:2201/4150 train_time:384090ms step_avg:174.51ms
step:2202/4150 train_time:384321ms step_avg:174.53ms
step:2203/4150 train_time:384547ms step_avg:174.56ms
step:2204/4150 train_time:384774ms step_avg:174.58ms
step:2205/4150 train_time:384997ms step_avg:174.60ms
step:2206/4150 train_time:385227ms step_avg:174.63ms
step:2207/4150 train_time:385453ms step_avg:174.65ms
step:2208/4150 train_time:385683ms step_avg:174.68ms
step:2209/4150 train_time:385906ms step_avg:174.70ms
step:2210/4150 train_time:386137ms step_avg:174.72ms
step:2211/4150 train_time:386361ms step_avg:174.74ms
step:2212/4150 train_time:386590ms step_avg:174.77ms
step:2213/4150 train_time:386814ms step_avg:174.79ms
step:2214/4150 train_time:387044ms step_avg:174.82ms
step:2215/4150 train_time:387266ms step_avg:174.84ms
step:2216/4150 train_time:387495ms step_avg:174.86ms
step:2217/4150 train_time:387718ms step_avg:174.88ms
step:2218/4150 train_time:387946ms step_avg:174.91ms
step:2219/4150 train_time:388172ms step_avg:174.93ms
step:2220/4150 train_time:388402ms step_avg:174.96ms
step:2221/4150 train_time:388624ms step_avg:174.98ms
step:2222/4150 train_time:388852ms step_avg:175.00ms
step:2223/4150 train_time:389079ms step_avg:175.02ms
step:2224/4150 train_time:389305ms step_avg:175.05ms
step:2225/4150 train_time:389528ms step_avg:175.07ms
step:2226/4150 train_time:389758ms step_avg:175.09ms
step:2227/4150 train_time:389982ms step_avg:175.12ms
step:2228/4150 train_time:390211ms step_avg:175.14ms
step:2229/4150 train_time:390433ms step_avg:175.16ms
step:2230/4150 train_time:390666ms step_avg:175.19ms
step:2231/4150 train_time:390890ms step_avg:175.21ms
step:2232/4150 train_time:391120ms step_avg:175.23ms
step:2233/4150 train_time:391345ms step_avg:175.26ms
step:2234/4150 train_time:391576ms step_avg:175.28ms
step:2235/4150 train_time:391799ms step_avg:175.30ms
step:2236/4150 train_time:392031ms step_avg:175.33ms
step:2237/4150 train_time:392251ms step_avg:175.35ms
step:2238/4150 train_time:392484ms step_avg:175.37ms
step:2239/4150 train_time:392707ms step_avg:175.39ms
step:2240/4150 train_time:392936ms step_avg:175.42ms
step:2241/4150 train_time:393160ms step_avg:175.44ms
step:2242/4150 train_time:393391ms step_avg:175.46ms
step:2243/4150 train_time:393612ms step_avg:175.48ms
step:2244/4150 train_time:393843ms step_avg:175.51ms
step:2245/4150 train_time:394068ms step_avg:175.53ms
step:2246/4150 train_time:394299ms step_avg:175.56ms
step:2247/4150 train_time:394522ms step_avg:175.58ms
step:2248/4150 train_time:394753ms step_avg:175.60ms
step:2249/4150 train_time:394975ms step_avg:175.62ms
step:2250/4150 train_time:395205ms step_avg:175.65ms
step:2250/4150 val_loss:3.1400 train_time:395408ms step_avg:175.74ms
step:2251/4150 train_time:395430ms step_avg:175.67ms
step:2252/4150 train_time:395657ms step_avg:175.69ms
step:2253/4150 train_time:395886ms step_avg:175.72ms
step:2254/4150 train_time:396113ms step_avg:175.74ms
step:2255/4150 train_time:396336ms step_avg:175.76ms
step:2256/4150 train_time:396567ms step_avg:175.78ms
step:2257/4150 train_time:396795ms step_avg:175.81ms
step:2258/4150 train_time:397025ms step_avg:175.83ms
step:2259/4150 train_time:397244ms step_avg:175.85ms
step:2260/4150 train_time:397475ms step_avg:175.87ms
step:2261/4150 train_time:397702ms step_avg:175.90ms
step:2262/4150 train_time:397932ms step_avg:175.92ms
step:2263/4150 train_time:398152ms step_avg:175.94ms
step:2264/4150 train_time:398380ms step_avg:175.96ms
step:2265/4150 train_time:398605ms step_avg:175.98ms
step:2266/4150 train_time:398836ms step_avg:176.01ms
step:2267/4150 train_time:399058ms step_avg:176.03ms
step:2268/4150 train_time:399287ms step_avg:176.05ms
step:2269/4150 train_time:399513ms step_avg:176.07ms
step:2270/4150 train_time:399745ms step_avg:176.10ms
step:2271/4150 train_time:399970ms step_avg:176.12ms
step:2272/4150 train_time:400198ms step_avg:176.14ms
step:2273/4150 train_time:400419ms step_avg:176.16ms
step:2274/4150 train_time:400648ms step_avg:176.19ms
step:2275/4150 train_time:400872ms step_avg:176.21ms
step:2276/4150 train_time:401097ms step_avg:176.23ms
step:2277/4150 train_time:401318ms step_avg:176.25ms
step:2278/4150 train_time:401545ms step_avg:176.27ms
step:2279/4150 train_time:401768ms step_avg:176.29ms
step:2280/4150 train_time:401997ms step_avg:176.31ms
step:2281/4150 train_time:402221ms step_avg:176.34ms
step:2282/4150 train_time:402451ms step_avg:176.36ms
step:2283/4150 train_time:402678ms step_avg:176.38ms
step:2284/4150 train_time:402906ms step_avg:176.40ms
step:2285/4150 train_time:403129ms step_avg:176.42ms
step:2286/4150 train_time:403355ms step_avg:176.45ms
step:2287/4150 train_time:403581ms step_avg:176.47ms
step:2288/4150 train_time:403813ms step_avg:176.49ms
step:2289/4150 train_time:404037ms step_avg:176.51ms
step:2290/4150 train_time:404266ms step_avg:176.54ms
step:2291/4150 train_time:404490ms step_avg:176.56ms
step:2292/4150 train_time:404718ms step_avg:176.58ms
step:2293/4150 train_time:404942ms step_avg:176.60ms
step:2294/4150 train_time:405172ms step_avg:176.62ms
step:2295/4150 train_time:405398ms step_avg:176.64ms
step:2296/4150 train_time:405626ms step_avg:176.67ms
step:2297/4150 train_time:405849ms step_avg:176.69ms
step:2298/4150 train_time:406077ms step_avg:176.71ms
step:2299/4150 train_time:406301ms step_avg:176.73ms
step:2300/4150 train_time:406532ms step_avg:176.75ms
step:2301/4150 train_time:406755ms step_avg:176.77ms
step:2302/4150 train_time:406983ms step_avg:176.80ms
step:2303/4150 train_time:407209ms step_avg:176.82ms
step:2304/4150 train_time:407438ms step_avg:176.84ms
step:2305/4150 train_time:407661ms step_avg:176.86ms
step:2306/4150 train_time:407893ms step_avg:176.88ms
step:2307/4150 train_time:408115ms step_avg:176.90ms
step:2308/4150 train_time:408346ms step_avg:176.93ms
step:2309/4150 train_time:408568ms step_avg:176.95ms
step:2310/4150 train_time:408799ms step_avg:176.97ms
step:2311/4150 train_time:409025ms step_avg:176.99ms
step:2312/4150 train_time:409253ms step_avg:177.01ms
step:2313/4150 train_time:409478ms step_avg:177.03ms
step:2314/4150 train_time:409707ms step_avg:177.06ms
step:2315/4150 train_time:409933ms step_avg:177.08ms
step:2316/4150 train_time:410161ms step_avg:177.10ms
step:2317/4150 train_time:410381ms step_avg:177.12ms
step:2318/4150 train_time:410611ms step_avg:177.14ms
step:2319/4150 train_time:410836ms step_avg:177.16ms
step:2320/4150 train_time:411063ms step_avg:177.18ms
step:2321/4150 train_time:411287ms step_avg:177.20ms
step:2322/4150 train_time:411516ms step_avg:177.22ms
step:2323/4150 train_time:411740ms step_avg:177.24ms
step:2324/4150 train_time:411969ms step_avg:177.27ms
step:2325/4150 train_time:412195ms step_avg:177.29ms
step:2326/4150 train_time:412424ms step_avg:177.31ms
step:2327/4150 train_time:412650ms step_avg:177.33ms
step:2328/4150 train_time:412880ms step_avg:177.35ms
step:2329/4150 train_time:413104ms step_avg:177.37ms
step:2330/4150 train_time:413334ms step_avg:177.40ms
step:2331/4150 train_time:413559ms step_avg:177.42ms
step:2332/4150 train_time:413789ms step_avg:177.44ms
step:2333/4150 train_time:414015ms step_avg:177.46ms
step:2334/4150 train_time:414243ms step_avg:177.48ms
step:2335/4150 train_time:414468ms step_avg:177.50ms
step:2336/4150 train_time:414698ms step_avg:177.52ms
step:2337/4150 train_time:414921ms step_avg:177.54ms
step:2338/4150 train_time:415152ms step_avg:177.57ms
step:2339/4150 train_time:415376ms step_avg:177.59ms
step:2340/4150 train_time:415604ms step_avg:177.61ms
step:2341/4150 train_time:415829ms step_avg:177.63ms
step:2342/4150 train_time:416061ms step_avg:177.65ms
step:2343/4150 train_time:416282ms step_avg:177.67ms
step:2344/4150 train_time:416515ms step_avg:177.69ms
step:2345/4150 train_time:416740ms step_avg:177.71ms
step:2346/4150 train_time:416969ms step_avg:177.74ms
step:2347/4150 train_time:417192ms step_avg:177.76ms
step:2348/4150 train_time:417420ms step_avg:177.78ms
step:2349/4150 train_time:417644ms step_avg:177.80ms
step:2350/4150 train_time:417875ms step_avg:177.82ms
step:2351/4150 train_time:418096ms step_avg:177.84ms
step:2352/4150 train_time:418327ms step_avg:177.86ms
step:2353/4150 train_time:418552ms step_avg:177.88ms
step:2354/4150 train_time:418784ms step_avg:177.90ms
step:2355/4150 train_time:419010ms step_avg:177.92ms
step:2356/4150 train_time:419236ms step_avg:177.94ms
step:2357/4150 train_time:419458ms step_avg:177.96ms
step:2358/4150 train_time:419686ms step_avg:177.98ms
step:2359/4150 train_time:419912ms step_avg:178.00ms
step:2360/4150 train_time:420140ms step_avg:178.03ms
step:2361/4150 train_time:420364ms step_avg:178.04ms
step:2362/4150 train_time:420592ms step_avg:178.07ms
step:2363/4150 train_time:420815ms step_avg:178.09ms
step:2364/4150 train_time:421046ms step_avg:178.11ms
step:2365/4150 train_time:421269ms step_avg:178.13ms
step:2366/4150 train_time:421498ms step_avg:178.15ms
step:2367/4150 train_time:421721ms step_avg:178.17ms
step:2368/4150 train_time:421957ms step_avg:178.19ms
step:2369/4150 train_time:422179ms step_avg:178.21ms
step:2370/4150 train_time:422411ms step_avg:178.23ms
step:2371/4150 train_time:422635ms step_avg:178.25ms
step:2372/4150 train_time:422866ms step_avg:178.27ms
step:2373/4150 train_time:423090ms step_avg:178.29ms
step:2374/4150 train_time:423320ms step_avg:178.32ms
step:2375/4150 train_time:423544ms step_avg:178.33ms
step:2376/4150 train_time:423774ms step_avg:178.36ms
step:2377/4150 train_time:423999ms step_avg:178.38ms
step:2378/4150 train_time:424231ms step_avg:178.40ms
step:2379/4150 train_time:424454ms step_avg:178.42ms
step:2380/4150 train_time:424682ms step_avg:178.44ms
step:2381/4150 train_time:424907ms step_avg:178.46ms
step:2382/4150 train_time:425139ms step_avg:178.48ms
step:2383/4150 train_time:425362ms step_avg:178.50ms
step:2384/4150 train_time:425593ms step_avg:178.52ms
step:2385/4150 train_time:425818ms step_avg:178.54ms
step:2386/4150 train_time:426048ms step_avg:178.56ms
step:2387/4150 train_time:426273ms step_avg:178.58ms
step:2388/4150 train_time:426500ms step_avg:178.60ms
step:2389/4150 train_time:426726ms step_avg:178.62ms
step:2390/4150 train_time:426954ms step_avg:178.64ms
step:2391/4150 train_time:427176ms step_avg:178.66ms
step:2392/4150 train_time:427402ms step_avg:178.68ms
step:2393/4150 train_time:427629ms step_avg:178.70ms
step:2394/4150 train_time:427858ms step_avg:178.72ms
step:2395/4150 train_time:428082ms step_avg:178.74ms
step:2396/4150 train_time:428313ms step_avg:178.76ms
step:2397/4150 train_time:428535ms step_avg:178.78ms
step:2398/4150 train_time:428762ms step_avg:178.80ms
step:2399/4150 train_time:428986ms step_avg:178.82ms
step:2400/4150 train_time:429214ms step_avg:178.84ms
step:2401/4150 train_time:429438ms step_avg:178.86ms
step:2402/4150 train_time:429668ms step_avg:178.88ms
step:2403/4150 train_time:429894ms step_avg:178.90ms
step:2404/4150 train_time:430124ms step_avg:178.92ms
step:2405/4150 train_time:430347ms step_avg:178.94ms
step:2406/4150 train_time:430574ms step_avg:178.96ms
step:2407/4150 train_time:430801ms step_avg:178.98ms
step:2408/4150 train_time:431031ms step_avg:179.00ms
step:2409/4150 train_time:431257ms step_avg:179.02ms
step:2410/4150 train_time:431486ms step_avg:179.04ms
step:2411/4150 train_time:431712ms step_avg:179.06ms
step:2412/4150 train_time:431942ms step_avg:179.08ms
step:2413/4150 train_time:432165ms step_avg:179.10ms
step:2414/4150 train_time:432397ms step_avg:179.12ms
step:2415/4150 train_time:432618ms step_avg:179.14ms
step:2416/4150 train_time:432850ms step_avg:179.16ms
step:2417/4150 train_time:433074ms step_avg:179.18ms
step:2418/4150 train_time:433303ms step_avg:179.20ms
step:2419/4150 train_time:433526ms step_avg:179.22ms
step:2420/4150 train_time:433757ms step_avg:179.24ms
step:2421/4150 train_time:433981ms step_avg:179.26ms
step:2422/4150 train_time:434212ms step_avg:179.28ms
step:2423/4150 train_time:434439ms step_avg:179.30ms
step:2424/4150 train_time:434672ms step_avg:179.32ms
step:2425/4150 train_time:434898ms step_avg:179.34ms
step:2426/4150 train_time:435127ms step_avg:179.36ms
step:2427/4150 train_time:435353ms step_avg:179.38ms
step:2428/4150 train_time:435580ms step_avg:179.40ms
step:2429/4150 train_time:435805ms step_avg:179.42ms
step:2430/4150 train_time:436037ms step_avg:179.44ms
step:2431/4150 train_time:436261ms step_avg:179.46ms
step:2432/4150 train_time:436491ms step_avg:179.48ms
step:2433/4150 train_time:436716ms step_avg:179.50ms
step:2434/4150 train_time:436945ms step_avg:179.52ms
step:2435/4150 train_time:437170ms step_avg:179.54ms
step:2436/4150 train_time:437401ms step_avg:179.56ms
step:2437/4150 train_time:437625ms step_avg:179.58ms
step:2438/4150 train_time:437855ms step_avg:179.60ms
step:2439/4150 train_time:438079ms step_avg:179.61ms
step:2440/4150 train_time:438309ms step_avg:179.63ms
step:2441/4150 train_time:438533ms step_avg:179.65ms
step:2442/4150 train_time:438759ms step_avg:179.67ms
step:2443/4150 train_time:438985ms step_avg:179.69ms
step:2444/4150 train_time:439216ms step_avg:179.71ms
step:2445/4150 train_time:439440ms step_avg:179.73ms
step:2446/4150 train_time:439669ms step_avg:179.75ms
step:2447/4150 train_time:439895ms step_avg:179.77ms
step:2448/4150 train_time:440123ms step_avg:179.79ms
step:2449/4150 train_time:440350ms step_avg:179.81ms
step:2450/4150 train_time:440579ms step_avg:179.83ms
step:2451/4150 train_time:440804ms step_avg:179.85ms
step:2452/4150 train_time:441036ms step_avg:179.87ms
step:2453/4150 train_time:441260ms step_avg:179.89ms
step:2454/4150 train_time:441490ms step_avg:179.91ms
step:2455/4150 train_time:441714ms step_avg:179.92ms
step:2456/4150 train_time:441944ms step_avg:179.94ms
step:2457/4150 train_time:442171ms step_avg:179.96ms
step:2458/4150 train_time:442397ms step_avg:179.98ms
step:2459/4150 train_time:442623ms step_avg:180.00ms
step:2460/4150 train_time:442853ms step_avg:180.02ms
step:2461/4150 train_time:443081ms step_avg:180.04ms
step:2462/4150 train_time:443314ms step_avg:180.06ms
step:2463/4150 train_time:443539ms step_avg:180.08ms
step:2464/4150 train_time:443770ms step_avg:180.10ms
step:2465/4150 train_time:443999ms step_avg:180.12ms
step:2466/4150 train_time:444229ms step_avg:180.14ms
step:2467/4150 train_time:444454ms step_avg:180.16ms
step:2468/4150 train_time:444682ms step_avg:180.18ms
step:2469/4150 train_time:444906ms step_avg:180.20ms
step:2470/4150 train_time:445141ms step_avg:180.22ms
step:2471/4150 train_time:445365ms step_avg:180.24ms
step:2472/4150 train_time:445594ms step_avg:180.26ms
step:2473/4150 train_time:445818ms step_avg:180.27ms
step:2474/4150 train_time:446048ms step_avg:180.29ms
step:2475/4150 train_time:446273ms step_avg:180.31ms
step:2476/4150 train_time:446503ms step_avg:180.33ms
step:2477/4150 train_time:446726ms step_avg:180.35ms
step:2478/4150 train_time:446956ms step_avg:180.37ms
step:2479/4150 train_time:447181ms step_avg:180.39ms
step:2480/4150 train_time:447410ms step_avg:180.41ms
step:2481/4150 train_time:447633ms step_avg:180.42ms
step:2482/4150 train_time:447862ms step_avg:180.44ms
step:2483/4150 train_time:448086ms step_avg:180.46ms
step:2484/4150 train_time:448317ms step_avg:180.48ms
step:2485/4150 train_time:448544ms step_avg:180.50ms
step:2486/4150 train_time:448775ms step_avg:180.52ms
step:2487/4150 train_time:449000ms step_avg:180.54ms
step:2488/4150 train_time:449231ms step_avg:180.56ms
step:2489/4150 train_time:449455ms step_avg:180.58ms
step:2490/4150 train_time:449685ms step_avg:180.60ms
step:2491/4150 train_time:449912ms step_avg:180.61ms
step:2492/4150 train_time:450141ms step_avg:180.63ms
step:2493/4150 train_time:450364ms step_avg:180.65ms
step:2494/4150 train_time:450594ms step_avg:180.67ms
step:2495/4150 train_time:450820ms step_avg:180.69ms
step:2496/4150 train_time:451051ms step_avg:180.71ms
step:2497/4150 train_time:451275ms step_avg:180.73ms
step:2498/4150 train_time:451504ms step_avg:180.75ms
step:2499/4150 train_time:451730ms step_avg:180.76ms
step:2500/4150 train_time:451959ms step_avg:180.78ms
step:2500/4150 val_loss:3.1020 train_time:452163ms step_avg:180.87ms
step:2501/4150 train_time:452185ms step_avg:180.80ms
step:2502/4150 train_time:452414ms step_avg:180.82ms
step:2503/4150 train_time:452639ms step_avg:180.84ms
step:2504/4150 train_time:452865ms step_avg:180.86ms
step:2505/4150 train_time:453092ms step_avg:180.87ms
step:2506/4150 train_time:453327ms step_avg:180.90ms
step:2507/4150 train_time:453550ms step_avg:180.91ms
step:2508/4150 train_time:453776ms step_avg:180.93ms
step:2509/4150 train_time:453995ms step_avg:180.95ms
step:2510/4150 train_time:454227ms step_avg:180.97ms
step:2511/4150 train_time:454456ms step_avg:180.99ms
step:2512/4150 train_time:454680ms step_avg:181.00ms
step:2513/4150 train_time:454901ms step_avg:181.02ms
step:2514/4150 train_time:455137ms step_avg:181.04ms
step:2515/4150 train_time:455365ms step_avg:181.06ms
step:2516/4150 train_time:455595ms step_avg:181.08ms
step:2517/4150 train_time:455820ms step_avg:181.10ms
step:2518/4150 train_time:456046ms step_avg:181.11ms
step:2519/4150 train_time:456271ms step_avg:181.13ms
step:2520/4150 train_time:456504ms step_avg:181.15ms
step:2521/4150 train_time:456726ms step_avg:181.17ms
step:2522/4150 train_time:456957ms step_avg:181.19ms
step:2523/4150 train_time:457181ms step_avg:181.21ms
step:2524/4150 train_time:457413ms step_avg:181.23ms
step:2525/4150 train_time:457638ms step_avg:181.24ms
step:2526/4150 train_time:457868ms step_avg:181.26ms
step:2527/4150 train_time:458095ms step_avg:181.28ms
step:2528/4150 train_time:458324ms step_avg:181.30ms
step:2529/4150 train_time:458551ms step_avg:181.32ms
step:2530/4150 train_time:458779ms step_avg:181.34ms
step:2531/4150 train_time:459003ms step_avg:181.35ms
step:2532/4150 train_time:459232ms step_avg:181.37ms
step:2533/4150 train_time:459457ms step_avg:181.39ms
step:2534/4150 train_time:459685ms step_avg:181.41ms
step:2535/4150 train_time:459910ms step_avg:181.42ms
step:2536/4150 train_time:460143ms step_avg:181.44ms
step:2537/4150 train_time:460367ms step_avg:181.46ms
step:2538/4150 train_time:460597ms step_avg:181.48ms
step:2539/4150 train_time:460821ms step_avg:181.50ms
step:2540/4150 train_time:461052ms step_avg:181.52ms
step:2541/4150 train_time:461278ms step_avg:181.53ms
step:2542/4150 train_time:461508ms step_avg:181.55ms
step:2543/4150 train_time:461733ms step_avg:181.57ms
step:2544/4150 train_time:461961ms step_avg:181.59ms
step:2545/4150 train_time:462183ms step_avg:181.60ms
step:2546/4150 train_time:462416ms step_avg:181.62ms
step:2547/4150 train_time:462641ms step_avg:181.64ms
step:2548/4150 train_time:462877ms step_avg:181.66ms
step:2549/4150 train_time:463099ms step_avg:181.68ms
step:2550/4150 train_time:463328ms step_avg:181.70ms
step:2551/4150 train_time:463552ms step_avg:181.71ms
step:2552/4150 train_time:463782ms step_avg:181.73ms
step:2553/4150 train_time:464006ms step_avg:181.75ms
step:2554/4150 train_time:464236ms step_avg:181.77ms
step:2555/4150 train_time:464460ms step_avg:181.78ms
step:2556/4150 train_time:464690ms step_avg:181.80ms
step:2557/4150 train_time:464920ms step_avg:181.82ms
step:2558/4150 train_time:465147ms step_avg:181.84ms
step:2559/4150 train_time:465374ms step_avg:181.86ms
step:2560/4150 train_time:465605ms step_avg:181.88ms
step:2561/4150 train_time:465828ms step_avg:181.89ms
step:2562/4150 train_time:466059ms step_avg:181.91ms
step:2563/4150 train_time:466285ms step_avg:181.93ms
step:2564/4150 train_time:466515ms step_avg:181.95ms
step:2565/4150 train_time:466740ms step_avg:181.97ms
step:2566/4150 train_time:466969ms step_avg:181.98ms
step:2567/4150 train_time:467193ms step_avg:182.00ms
step:2568/4150 train_time:467423ms step_avg:182.02ms
step:2569/4150 train_time:467647ms step_avg:182.03ms
step:2570/4150 train_time:467878ms step_avg:182.05ms
step:2571/4150 train_time:468102ms step_avg:182.07ms
step:2572/4150 train_time:468332ms step_avg:182.09ms
step:2573/4150 train_time:468557ms step_avg:182.11ms
step:2574/4150 train_time:468788ms step_avg:182.12ms
step:2575/4150 train_time:469011ms step_avg:182.14ms
step:2576/4150 train_time:469242ms step_avg:182.16ms
step:2577/4150 train_time:469463ms step_avg:182.17ms
step:2578/4150 train_time:469701ms step_avg:182.20ms
step:2579/4150 train_time:469921ms step_avg:182.21ms
step:2580/4150 train_time:470152ms step_avg:182.23ms
step:2581/4150 train_time:470378ms step_avg:182.25ms
step:2582/4150 train_time:470607ms step_avg:182.26ms
step:2583/4150 train_time:470831ms step_avg:182.28ms
step:2584/4150 train_time:471060ms step_avg:182.30ms
step:2585/4150 train_time:471285ms step_avg:182.32ms
step:2586/4150 train_time:471517ms step_avg:182.33ms
step:2587/4150 train_time:471743ms step_avg:182.35ms
step:2588/4150 train_time:471974ms step_avg:182.37ms
step:2589/4150 train_time:472198ms step_avg:182.39ms
step:2590/4150 train_time:472428ms step_avg:182.40ms
step:2591/4150 train_time:472658ms step_avg:182.42ms
step:2592/4150 train_time:472885ms step_avg:182.44ms
step:2593/4150 train_time:473110ms step_avg:182.46ms
step:2594/4150 train_time:473339ms step_avg:182.47ms
step:2595/4150 train_time:473564ms step_avg:182.49ms
step:2596/4150 train_time:473793ms step_avg:182.51ms
step:2597/4150 train_time:474019ms step_avg:182.53ms
step:2598/4150 train_time:474250ms step_avg:182.54ms
step:2599/4150 train_time:474475ms step_avg:182.56ms
step:2600/4150 train_time:474704ms step_avg:182.58ms
step:2601/4150 train_time:474926ms step_avg:182.59ms
step:2602/4150 train_time:475157ms step_avg:182.61ms
step:2603/4150 train_time:475383ms step_avg:182.63ms
step:2604/4150 train_time:475615ms step_avg:182.65ms
step:2605/4150 train_time:475841ms step_avg:182.66ms
step:2606/4150 train_time:476073ms step_avg:182.68ms
step:2607/4150 train_time:476299ms step_avg:182.70ms
step:2608/4150 train_time:476528ms step_avg:182.72ms
step:2609/4150 train_time:476754ms step_avg:182.73ms
step:2610/4150 train_time:476981ms step_avg:182.75ms
step:2611/4150 train_time:477203ms step_avg:182.77ms
step:2612/4150 train_time:477432ms step_avg:182.78ms
step:2613/4150 train_time:477657ms step_avg:182.80ms
step:2614/4150 train_time:477886ms step_avg:182.82ms
step:2615/4150 train_time:478113ms step_avg:182.83ms
step:2616/4150 train_time:478342ms step_avg:182.85ms
step:2617/4150 train_time:478566ms step_avg:182.87ms
step:2618/4150 train_time:478800ms step_avg:182.89ms
step:2619/4150 train_time:479021ms step_avg:182.90ms
step:2620/4150 train_time:479251ms step_avg:182.92ms
step:2621/4150 train_time:479475ms step_avg:182.94ms
step:2622/4150 train_time:479706ms step_avg:182.95ms
step:2623/4150 train_time:479930ms step_avg:182.97ms
step:2624/4150 train_time:480163ms step_avg:182.99ms
step:2625/4150 train_time:480386ms step_avg:183.00ms
step:2626/4150 train_time:480617ms step_avg:183.02ms
step:2627/4150 train_time:480842ms step_avg:183.04ms
step:2628/4150 train_time:481073ms step_avg:183.06ms
step:2629/4150 train_time:481296ms step_avg:183.07ms
step:2630/4150 train_time:481527ms step_avg:183.09ms
step:2631/4150 train_time:481752ms step_avg:183.11ms
step:2632/4150 train_time:481978ms step_avg:183.12ms
step:2633/4150 train_time:482202ms step_avg:183.14ms
step:2634/4150 train_time:482435ms step_avg:183.16ms
step:2635/4150 train_time:482660ms step_avg:183.17ms
step:2636/4150 train_time:482889ms step_avg:183.19ms
step:2637/4150 train_time:483115ms step_avg:183.21ms
step:2638/4150 train_time:483344ms step_avg:183.22ms
step:2639/4150 train_time:483569ms step_avg:183.24ms
step:2640/4150 train_time:483798ms step_avg:183.26ms
step:2641/4150 train_time:484024ms step_avg:183.27ms
step:2642/4150 train_time:484255ms step_avg:183.29ms
step:2643/4150 train_time:484478ms step_avg:183.31ms
step:2644/4150 train_time:484708ms step_avg:183.32ms
step:2645/4150 train_time:484937ms step_avg:183.34ms
step:2646/4150 train_time:485165ms step_avg:183.36ms
step:2647/4150 train_time:485387ms step_avg:183.37ms
step:2648/4150 train_time:485620ms step_avg:183.39ms
step:2649/4150 train_time:485842ms step_avg:183.41ms
step:2650/4150 train_time:486072ms step_avg:183.42ms
step:2651/4150 train_time:486298ms step_avg:183.44ms
step:2652/4150 train_time:486531ms step_avg:183.46ms
step:2653/4150 train_time:486757ms step_avg:183.47ms
step:2654/4150 train_time:486985ms step_avg:183.49ms
step:2655/4150 train_time:487207ms step_avg:183.51ms
step:2656/4150 train_time:487439ms step_avg:183.52ms
step:2657/4150 train_time:487666ms step_avg:183.54ms
step:2658/4150 train_time:487895ms step_avg:183.56ms
step:2659/4150 train_time:488118ms step_avg:183.57ms
step:2660/4150 train_time:488348ms step_avg:183.59ms
step:2661/4150 train_time:488575ms step_avg:183.61ms
step:2662/4150 train_time:488803ms step_avg:183.62ms
step:2663/4150 train_time:489026ms step_avg:183.64ms
step:2664/4150 train_time:489256ms step_avg:183.65ms
step:2665/4150 train_time:489478ms step_avg:183.67ms
step:2666/4150 train_time:489709ms step_avg:183.69ms
step:2667/4150 train_time:489934ms step_avg:183.70ms
step:2668/4150 train_time:490163ms step_avg:183.72ms
step:2669/4150 train_time:490387ms step_avg:183.73ms
step:2670/4150 train_time:490618ms step_avg:183.75ms
step:2671/4150 train_time:490841ms step_avg:183.77ms
step:2672/4150 train_time:491071ms step_avg:183.78ms
step:2673/4150 train_time:491297ms step_avg:183.80ms
step:2674/4150 train_time:491527ms step_avg:183.82ms
step:2675/4150 train_time:491751ms step_avg:183.83ms
step:2676/4150 train_time:491979ms step_avg:183.85ms
step:2677/4150 train_time:492204ms step_avg:183.86ms
step:2678/4150 train_time:492432ms step_avg:183.88ms
step:2679/4150 train_time:492658ms step_avg:183.90ms
step:2680/4150 train_time:492886ms step_avg:183.91ms
step:2681/4150 train_time:493112ms step_avg:183.93ms
step:2682/4150 train_time:493340ms step_avg:183.94ms
step:2683/4150 train_time:493565ms step_avg:183.96ms
step:2684/4150 train_time:493796ms step_avg:183.98ms
step:2685/4150 train_time:494017ms step_avg:183.99ms
step:2686/4150 train_time:494248ms step_avg:184.01ms
step:2687/4150 train_time:494473ms step_avg:184.02ms
step:2688/4150 train_time:494702ms step_avg:184.04ms
step:2689/4150 train_time:494927ms step_avg:184.06ms
step:2690/4150 train_time:495159ms step_avg:184.07ms
step:2691/4150 train_time:495387ms step_avg:184.09ms
step:2692/4150 train_time:495617ms step_avg:184.11ms
step:2693/4150 train_time:495840ms step_avg:184.12ms
step:2694/4150 train_time:496072ms step_avg:184.14ms
step:2695/4150 train_time:496297ms step_avg:184.15ms
step:2696/4150 train_time:496527ms step_avg:184.17ms
step:2697/4150 train_time:496754ms step_avg:184.19ms
step:2698/4150 train_time:496985ms step_avg:184.20ms
step:2699/4150 train_time:497209ms step_avg:184.22ms
step:2700/4150 train_time:497440ms step_avg:184.24ms
step:2701/4150 train_time:497663ms step_avg:184.25ms
step:2702/4150 train_time:497893ms step_avg:184.27ms
step:2703/4150 train_time:498118ms step_avg:184.28ms
step:2704/4150 train_time:498350ms step_avg:184.30ms
step:2705/4150 train_time:498581ms step_avg:184.32ms
step:2706/4150 train_time:498809ms step_avg:184.33ms
step:2707/4150 train_time:499034ms step_avg:184.35ms
step:2708/4150 train_time:499263ms step_avg:184.37ms
step:2709/4150 train_time:499486ms step_avg:184.38ms
step:2710/4150 train_time:499716ms step_avg:184.40ms
step:2711/4150 train_time:499940ms step_avg:184.41ms
step:2712/4150 train_time:500170ms step_avg:184.43ms
step:2713/4150 train_time:500396ms step_avg:184.44ms
step:2714/4150 train_time:500627ms step_avg:184.46ms
step:2715/4150 train_time:500849ms step_avg:184.47ms
step:2716/4150 train_time:501080ms step_avg:184.49ms
step:2717/4150 train_time:501304ms step_avg:184.51ms
step:2718/4150 train_time:501536ms step_avg:184.52ms
step:2719/4150 train_time:501757ms step_avg:184.54ms
step:2720/4150 train_time:501987ms step_avg:184.55ms
step:2721/4150 train_time:502216ms step_avg:184.57ms
step:2722/4150 train_time:502445ms step_avg:184.59ms
step:2723/4150 train_time:502668ms step_avg:184.60ms
step:2724/4150 train_time:502899ms step_avg:184.62ms
step:2725/4150 train_time:503122ms step_avg:184.63ms
step:2726/4150 train_time:503355ms step_avg:184.65ms
step:2727/4150 train_time:503577ms step_avg:184.66ms
step:2728/4150 train_time:503807ms step_avg:184.68ms
step:2729/4150 train_time:504034ms step_avg:184.70ms
step:2730/4150 train_time:504262ms step_avg:184.71ms
step:2731/4150 train_time:504485ms step_avg:184.73ms
step:2732/4150 train_time:504717ms step_avg:184.74ms
step:2733/4150 train_time:504939ms step_avg:184.76ms
step:2734/4150 train_time:505171ms step_avg:184.77ms
step:2735/4150 train_time:505394ms step_avg:184.79ms
step:2736/4150 train_time:505623ms step_avg:184.80ms
step:2737/4150 train_time:505849ms step_avg:184.82ms
step:2738/4150 train_time:506083ms step_avg:184.84ms
step:2739/4150 train_time:506308ms step_avg:184.85ms
step:2740/4150 train_time:506537ms step_avg:184.87ms
step:2741/4150 train_time:506760ms step_avg:184.88ms
step:2742/4150 train_time:506990ms step_avg:184.90ms
step:2743/4150 train_time:507215ms step_avg:184.91ms
step:2744/4150 train_time:507445ms step_avg:184.93ms
step:2745/4150 train_time:507668ms step_avg:184.94ms
step:2746/4150 train_time:507897ms step_avg:184.96ms
step:2747/4150 train_time:508122ms step_avg:184.97ms
step:2748/4150 train_time:508352ms step_avg:184.99ms
step:2749/4150 train_time:508575ms step_avg:185.00ms
step:2750/4150 train_time:508805ms step_avg:185.02ms
step:2750/4150 val_loss:3.0703 train_time:509011ms step_avg:185.09ms
step:2751/4150 train_time:509037ms step_avg:185.04ms
step:2752/4150 train_time:509260ms step_avg:185.05ms
step:2753/4150 train_time:509493ms step_avg:185.07ms
step:2754/4150 train_time:509719ms step_avg:185.08ms
step:2755/4150 train_time:509940ms step_avg:185.10ms
step:2756/4150 train_time:510174ms step_avg:185.11ms
step:2757/4150 train_time:510402ms step_avg:185.13ms
step:2758/4150 train_time:510634ms step_avg:185.15ms
step:2759/4150 train_time:510853ms step_avg:185.16ms
step:2760/4150 train_time:511088ms step_avg:185.18ms
step:2761/4150 train_time:511313ms step_avg:185.19ms
step:2762/4150 train_time:511542ms step_avg:185.21ms
step:2763/4150 train_time:511767ms step_avg:185.22ms
step:2764/4150 train_time:511999ms step_avg:185.24ms
step:2765/4150 train_time:512225ms step_avg:185.25ms
step:2766/4150 train_time:512456ms step_avg:185.27ms
step:2767/4150 train_time:512683ms step_avg:185.28ms
step:2768/4150 train_time:512911ms step_avg:185.30ms
step:2769/4150 train_time:513140ms step_avg:185.32ms
step:2770/4150 train_time:513370ms step_avg:185.33ms
step:2771/4150 train_time:513593ms step_avg:185.35ms
step:2772/4150 train_time:513823ms step_avg:185.36ms
step:2773/4150 train_time:514048ms step_avg:185.38ms
step:2774/4150 train_time:514282ms step_avg:185.39ms
step:2775/4150 train_time:514508ms step_avg:185.41ms
step:2776/4150 train_time:514739ms step_avg:185.42ms
step:2777/4150 train_time:514965ms step_avg:185.44ms
step:2778/4150 train_time:515194ms step_avg:185.46ms
step:2779/4150 train_time:515421ms step_avg:185.47ms
step:2780/4150 train_time:515652ms step_avg:185.49ms
step:2781/4150 train_time:515879ms step_avg:185.50ms
step:2782/4150 train_time:516107ms step_avg:185.52ms
step:2783/4150 train_time:516334ms step_avg:185.53ms
step:2784/4150 train_time:516562ms step_avg:185.55ms
step:2785/4150 train_time:516786ms step_avg:185.56ms
step:2786/4150 train_time:517021ms step_avg:185.58ms
step:2787/4150 train_time:517245ms step_avg:185.59ms
step:2788/4150 train_time:517475ms step_avg:185.61ms
step:2789/4150 train_time:517700ms step_avg:185.62ms
step:2790/4150 train_time:517932ms step_avg:185.64ms
step:2791/4150 train_time:518158ms step_avg:185.65ms
step:2792/4150 train_time:518385ms step_avg:185.67ms
step:2793/4150 train_time:518610ms step_avg:185.68ms
step:2794/4150 train_time:518843ms step_avg:185.70ms
step:2795/4150 train_time:519068ms step_avg:185.71ms
step:2796/4150 train_time:519299ms step_avg:185.73ms
step:2797/4150 train_time:519520ms step_avg:185.74ms
step:2798/4150 train_time:519750ms step_avg:185.76ms
step:2799/4150 train_time:519980ms step_avg:185.77ms
step:2800/4150 train_time:520212ms step_avg:185.79ms
step:2801/4150 train_time:520437ms step_avg:185.80ms
step:2802/4150 train_time:520669ms step_avg:185.82ms
step:2803/4150 train_time:520895ms step_avg:185.83ms
step:2804/4150 train_time:521122ms step_avg:185.85ms
step:2805/4150 train_time:521347ms step_avg:185.86ms
step:2806/4150 train_time:521578ms step_avg:185.88ms
step:2807/4150 train_time:521801ms step_avg:185.89ms
step:2808/4150 train_time:522033ms step_avg:185.91ms
step:2809/4150 train_time:522257ms step_avg:185.92ms
step:2810/4150 train_time:522486ms step_avg:185.94ms
step:2811/4150 train_time:522709ms step_avg:185.95ms
step:2812/4150 train_time:522939ms step_avg:185.97ms
step:2813/4150 train_time:523164ms step_avg:185.98ms
step:2814/4150 train_time:523393ms step_avg:186.00ms
step:2815/4150 train_time:523617ms step_avg:186.01ms
step:2816/4150 train_time:523846ms step_avg:186.02ms
step:2817/4150 train_time:524073ms step_avg:186.04ms
step:2818/4150 train_time:524302ms step_avg:186.05ms
step:2819/4150 train_time:524524ms step_avg:186.07ms
step:2820/4150 train_time:524757ms step_avg:186.08ms
step:2821/4150 train_time:524983ms step_avg:186.10ms
step:2822/4150 train_time:525213ms step_avg:186.11ms
step:2823/4150 train_time:525437ms step_avg:186.13ms
step:2824/4150 train_time:525668ms step_avg:186.14ms
step:2825/4150 train_time:525894ms step_avg:186.16ms
step:2826/4150 train_time:526124ms step_avg:186.17ms
step:2827/4150 train_time:526348ms step_avg:186.19ms
step:2828/4150 train_time:526580ms step_avg:186.20ms
step:2829/4150 train_time:526804ms step_avg:186.22ms
step:2830/4150 train_time:527036ms step_avg:186.23ms
step:2831/4150 train_time:527261ms step_avg:186.25ms
step:2832/4150 train_time:527491ms step_avg:186.26ms
step:2833/4150 train_time:527717ms step_avg:186.27ms
step:2834/4150 train_time:527945ms step_avg:186.29ms
step:2835/4150 train_time:528171ms step_avg:186.30ms
step:2836/4150 train_time:528401ms step_avg:186.32ms
step:2837/4150 train_time:528624ms step_avg:186.33ms
step:2838/4150 train_time:528855ms step_avg:186.35ms
step:2839/4150 train_time:529080ms step_avg:186.36ms
step:2840/4150 train_time:529312ms step_avg:186.38ms
step:2841/4150 train_time:529535ms step_avg:186.39ms
step:2842/4150 train_time:529764ms step_avg:186.41ms
step:2843/4150 train_time:529990ms step_avg:186.42ms
step:2844/4150 train_time:530220ms step_avg:186.43ms
step:2845/4150 train_time:530443ms step_avg:186.45ms
step:2846/4150 train_time:530673ms step_avg:186.46ms
step:2847/4150 train_time:530899ms step_avg:186.48ms
step:2848/4150 train_time:531131ms step_avg:186.49ms
step:2849/4150 train_time:531354ms step_avg:186.51ms
step:2850/4150 train_time:531586ms step_avg:186.52ms
step:2851/4150 train_time:531810ms step_avg:186.53ms
step:2852/4150 train_time:532040ms step_avg:186.55ms
step:2853/4150 train_time:532265ms step_avg:186.56ms
step:2854/4150 train_time:532495ms step_avg:186.58ms
step:2855/4150 train_time:532720ms step_avg:186.59ms
step:2856/4150 train_time:532950ms step_avg:186.61ms
step:2857/4150 train_time:533176ms step_avg:186.62ms
step:2858/4150 train_time:533407ms step_avg:186.64ms
step:2859/4150 train_time:533633ms step_avg:186.65ms
step:2860/4150 train_time:533862ms step_avg:186.67ms
step:2861/4150 train_time:534088ms step_avg:186.68ms
step:2862/4150 train_time:534320ms step_avg:186.69ms
step:2863/4150 train_time:534543ms step_avg:186.71ms
step:2864/4150 train_time:534776ms step_avg:186.72ms
step:2865/4150 train_time:535002ms step_avg:186.74ms
step:2866/4150 train_time:535232ms step_avg:186.75ms
step:2867/4150 train_time:535458ms step_avg:186.77ms
step:2868/4150 train_time:535688ms step_avg:186.78ms
step:2869/4150 train_time:535913ms step_avg:186.79ms
step:2870/4150 train_time:536143ms step_avg:186.81ms
step:2871/4150 train_time:536370ms step_avg:186.82ms
step:2872/4150 train_time:536600ms step_avg:186.84ms
step:2873/4150 train_time:536824ms step_avg:186.85ms
step:2874/4150 train_time:537054ms step_avg:186.87ms
step:2875/4150 train_time:537280ms step_avg:186.88ms
step:2876/4150 train_time:537508ms step_avg:186.89ms
step:2877/4150 train_time:537738ms step_avg:186.91ms
step:2878/4150 train_time:537966ms step_avg:186.92ms
step:2879/4150 train_time:538190ms step_avg:186.94ms
step:2880/4150 train_time:538420ms step_avg:186.95ms
step:2881/4150 train_time:538645ms step_avg:186.96ms
step:2882/4150 train_time:538876ms step_avg:186.98ms
step:2883/4150 train_time:539099ms step_avg:186.99ms
step:2884/4150 train_time:539327ms step_avg:187.01ms
step:2885/4150 train_time:539550ms step_avg:187.02ms
step:2886/4150 train_time:539783ms step_avg:187.03ms
step:2887/4150 train_time:540008ms step_avg:187.05ms
step:2888/4150 train_time:540239ms step_avg:187.06ms
step:2889/4150 train_time:540464ms step_avg:187.08ms
step:2890/4150 train_time:540694ms step_avg:187.09ms
step:2891/4150 train_time:540920ms step_avg:187.10ms
step:2892/4150 train_time:541152ms step_avg:187.12ms
step:2893/4150 train_time:541378ms step_avg:187.13ms
step:2894/4150 train_time:541608ms step_avg:187.15ms
step:2895/4150 train_time:541832ms step_avg:187.16ms
step:2896/4150 train_time:542065ms step_avg:187.18ms
step:2897/4150 train_time:542292ms step_avg:187.19ms
step:2898/4150 train_time:542519ms step_avg:187.20ms
step:2899/4150 train_time:542744ms step_avg:187.22ms
step:2900/4150 train_time:542980ms step_avg:187.23ms
step:2901/4150 train_time:543199ms step_avg:187.25ms
step:2902/4150 train_time:543431ms step_avg:187.26ms
step:2903/4150 train_time:543654ms step_avg:187.27ms
step:2904/4150 train_time:543885ms step_avg:187.29ms
step:2905/4150 train_time:544110ms step_avg:187.30ms
step:2906/4150 train_time:544343ms step_avg:187.32ms
step:2907/4150 train_time:544565ms step_avg:187.33ms
step:2908/4150 train_time:544798ms step_avg:187.34ms
step:2909/4150 train_time:545023ms step_avg:187.36ms
step:2910/4150 train_time:545255ms step_avg:187.37ms
step:2911/4150 train_time:545482ms step_avg:187.39ms
step:2912/4150 train_time:545712ms step_avg:187.40ms
step:2913/4150 train_time:545938ms step_avg:187.41ms
step:2914/4150 train_time:546167ms step_avg:187.43ms
step:2915/4150 train_time:546392ms step_avg:187.44ms
step:2916/4150 train_time:546624ms step_avg:187.46ms
step:2917/4150 train_time:546848ms step_avg:187.47ms
step:2918/4150 train_time:547080ms step_avg:187.48ms
step:2919/4150 train_time:547304ms step_avg:187.50ms
step:2920/4150 train_time:547533ms step_avg:187.51ms
step:2921/4150 train_time:547758ms step_avg:187.52ms
step:2922/4150 train_time:547985ms step_avg:187.54ms
step:2923/4150 train_time:548210ms step_avg:187.55ms
step:2924/4150 train_time:548442ms step_avg:187.57ms
step:2925/4150 train_time:548666ms step_avg:187.58ms
step:2926/4150 train_time:548895ms step_avg:187.59ms
step:2927/4150 train_time:549118ms step_avg:187.60ms
step:2928/4150 train_time:549346ms step_avg:187.62ms
step:2929/4150 train_time:549568ms step_avg:187.63ms
step:2930/4150 train_time:549801ms step_avg:187.65ms
step:2931/4150 train_time:550024ms step_avg:187.66ms
step:2932/4150 train_time:550255ms step_avg:187.67ms
step:2933/4150 train_time:550479ms step_avg:187.68ms
step:2934/4150 train_time:550710ms step_avg:187.70ms
step:2935/4150 train_time:550938ms step_avg:187.71ms
step:2936/4150 train_time:551168ms step_avg:187.73ms
step:2937/4150 train_time:551398ms step_avg:187.74ms
step:2938/4150 train_time:551625ms step_avg:187.76ms
step:2939/4150 train_time:551852ms step_avg:187.77ms
step:2940/4150 train_time:552083ms step_avg:187.78ms
step:2941/4150 train_time:552308ms step_avg:187.80ms
step:2942/4150 train_time:552541ms step_avg:187.81ms
step:2943/4150 train_time:552762ms step_avg:187.82ms
step:2944/4150 train_time:552996ms step_avg:187.84ms
step:2945/4150 train_time:553219ms step_avg:187.85ms
step:2946/4150 train_time:553452ms step_avg:187.87ms
step:2947/4150 train_time:553677ms step_avg:187.88ms
step:2948/4150 train_time:553906ms step_avg:187.89ms
step:2949/4150 train_time:554134ms step_avg:187.91ms
step:2950/4150 train_time:554361ms step_avg:187.92ms
step:2951/4150 train_time:554589ms step_avg:187.93ms
step:2952/4150 train_time:554822ms step_avg:187.95ms
step:2953/4150 train_time:555047ms step_avg:187.96ms
step:2954/4150 train_time:555281ms step_avg:187.98ms
step:2955/4150 train_time:555505ms step_avg:187.99ms
step:2956/4150 train_time:555738ms step_avg:188.00ms
step:2957/4150 train_time:555963ms step_avg:188.02ms
step:2958/4150 train_time:556197ms step_avg:188.03ms
step:2959/4150 train_time:556425ms step_avg:188.04ms
step:2960/4150 train_time:556653ms step_avg:188.06ms
step:2961/4150 train_time:556879ms step_avg:188.07ms
step:2962/4150 train_time:557107ms step_avg:188.08ms
step:2963/4150 train_time:557332ms step_avg:188.10ms
step:2964/4150 train_time:557561ms step_avg:188.11ms
step:2965/4150 train_time:557786ms step_avg:188.12ms
step:2966/4150 train_time:558018ms step_avg:188.14ms
step:2967/4150 train_time:558243ms step_avg:188.15ms
step:2968/4150 train_time:558475ms step_avg:188.17ms
step:2969/4150 train_time:558701ms step_avg:188.18ms
step:2970/4150 train_time:558929ms step_avg:188.19ms
step:2971/4150 train_time:559152ms step_avg:188.20ms
step:2972/4150 train_time:559384ms step_avg:188.22ms
step:2973/4150 train_time:559606ms step_avg:188.23ms
step:2974/4150 train_time:559837ms step_avg:188.24ms
step:2975/4150 train_time:560062ms step_avg:188.26ms
step:2976/4150 train_time:560292ms step_avg:188.27ms
step:2977/4150 train_time:560517ms step_avg:188.28ms
step:2978/4150 train_time:560745ms step_avg:188.30ms
step:2979/4150 train_time:560972ms step_avg:188.31ms
step:2980/4150 train_time:561203ms step_avg:188.32ms
step:2981/4150 train_time:561425ms step_avg:188.33ms
step:2982/4150 train_time:561657ms step_avg:188.35ms
step:2983/4150 train_time:561883ms step_avg:188.36ms
step:2984/4150 train_time:562114ms step_avg:188.38ms
step:2985/4150 train_time:562341ms step_avg:188.39ms
step:2986/4150 train_time:562570ms step_avg:188.40ms
step:2987/4150 train_time:562794ms step_avg:188.41ms
step:2988/4150 train_time:563021ms step_avg:188.43ms
step:2989/4150 train_time:563246ms step_avg:188.44ms
step:2990/4150 train_time:563476ms step_avg:188.45ms
step:2991/4150 train_time:563701ms step_avg:188.47ms
step:2992/4150 train_time:563929ms step_avg:188.48ms
step:2993/4150 train_time:564155ms step_avg:188.49ms
step:2994/4150 train_time:564384ms step_avg:188.50ms
step:2995/4150 train_time:564611ms step_avg:188.52ms
step:2996/4150 train_time:564839ms step_avg:188.53ms
step:2997/4150 train_time:565061ms step_avg:188.54ms
step:2998/4150 train_time:565295ms step_avg:188.56ms
step:2999/4150 train_time:565520ms step_avg:188.57ms
step:3000/4150 train_time:565750ms step_avg:188.58ms
step:3000/4150 val_loss:3.0382 train_time:565956ms step_avg:188.65ms
step:3001/4150 train_time:565977ms step_avg:188.60ms
step:3002/4150 train_time:566206ms step_avg:188.61ms
step:3003/4150 train_time:566436ms step_avg:188.62ms
step:3004/4150 train_time:566661ms step_avg:188.64ms
step:3005/4150 train_time:566884ms step_avg:188.65ms
step:3006/4150 train_time:567119ms step_avg:188.66ms
step:3007/4150 train_time:567348ms step_avg:188.68ms
step:3008/4150 train_time:567577ms step_avg:188.69ms
step:3009/4150 train_time:567799ms step_avg:188.70ms
step:3010/4150 train_time:568030ms step_avg:188.71ms
step:3011/4150 train_time:568258ms step_avg:188.73ms
step:3012/4150 train_time:568484ms step_avg:188.74ms
step:3013/4150 train_time:568708ms step_avg:188.75ms
step:3014/4150 train_time:568938ms step_avg:188.77ms
step:3015/4150 train_time:569164ms step_avg:188.78ms
step:3016/4150 train_time:569396ms step_avg:188.79ms
step:3017/4150 train_time:569620ms step_avg:188.80ms
step:3018/4150 train_time:569848ms step_avg:188.82ms
step:3019/4150 train_time:570073ms step_avg:188.83ms
step:3020/4150 train_time:570305ms step_avg:188.84ms
step:3021/4150 train_time:570531ms step_avg:188.86ms
step:3022/4150 train_time:570759ms step_avg:188.87ms
step:3023/4150 train_time:570982ms step_avg:188.88ms
step:3024/4150 train_time:571214ms step_avg:188.89ms
step:3025/4150 train_time:571440ms step_avg:188.91ms
step:3026/4150 train_time:571669ms step_avg:188.92ms
step:3027/4150 train_time:571893ms step_avg:188.93ms
step:3028/4150 train_time:572126ms step_avg:188.95ms
step:3029/4150 train_time:572353ms step_avg:188.96ms
step:3030/4150 train_time:572585ms step_avg:188.97ms
step:3031/4150 train_time:572811ms step_avg:188.98ms
step:3032/4150 train_time:573040ms step_avg:189.00ms
step:3033/4150 train_time:573268ms step_avg:189.01ms
step:3034/4150 train_time:573501ms step_avg:189.02ms
step:3035/4150 train_time:573725ms step_avg:189.04ms
step:3036/4150 train_time:573953ms step_avg:189.05ms
step:3037/4150 train_time:574183ms step_avg:189.06ms
step:3038/4150 train_time:574413ms step_avg:189.08ms
step:3039/4150 train_time:574642ms step_avg:189.09ms
step:3040/4150 train_time:574870ms step_avg:189.10ms
step:3041/4150 train_time:575094ms step_avg:189.11ms
step:3042/4150 train_time:575325ms step_avg:189.13ms
step:3043/4150 train_time:575554ms step_avg:189.14ms
step:3044/4150 train_time:575782ms step_avg:189.15ms
step:3045/4150 train_time:576007ms step_avg:189.16ms
step:3046/4150 train_time:576236ms step_avg:189.18ms
step:3047/4150 train_time:576461ms step_avg:189.19ms
step:3048/4150 train_time:576691ms step_avg:189.20ms
step:3049/4150 train_time:576913ms step_avg:189.21ms
step:3050/4150 train_time:577143ms step_avg:189.23ms
step:3051/4150 train_time:577372ms step_avg:189.24ms
step:3052/4150 train_time:577603ms step_avg:189.25ms
step:3053/4150 train_time:577826ms step_avg:189.26ms
step:3054/4150 train_time:578059ms step_avg:189.28ms
step:3055/4150 train_time:578286ms step_avg:189.29ms
step:3056/4150 train_time:578517ms step_avg:189.31ms
step:3057/4150 train_time:578744ms step_avg:189.32ms
step:3058/4150 train_time:578972ms step_avg:189.33ms
step:3059/4150 train_time:579201ms step_avg:189.34ms
step:3060/4150 train_time:579432ms step_avg:189.36ms
step:3061/4150 train_time:579658ms step_avg:189.37ms
step:3062/4150 train_time:579887ms step_avg:189.38ms
step:3063/4150 train_time:580113ms step_avg:189.39ms
step:3064/4150 train_time:580344ms step_avg:189.41ms
step:3065/4150 train_time:580568ms step_avg:189.42ms
step:3066/4150 train_time:580800ms step_avg:189.43ms
step:3067/4150 train_time:581026ms step_avg:189.44ms
step:3068/4150 train_time:581256ms step_avg:189.46ms
step:3069/4150 train_time:581483ms step_avg:189.47ms
step:3070/4150 train_time:581711ms step_avg:189.48ms
step:3071/4150 train_time:581938ms step_avg:189.49ms
step:3072/4150 train_time:582165ms step_avg:189.51ms
step:3073/4150 train_time:582390ms step_avg:189.52ms
step:3074/4150 train_time:582621ms step_avg:189.53ms
step:3075/4150 train_time:582848ms step_avg:189.54ms
step:3076/4150 train_time:583080ms step_avg:189.56ms
step:3077/4150 train_time:583308ms step_avg:189.57ms
step:3078/4150 train_time:583535ms step_avg:189.58ms
step:3079/4150 train_time:583762ms step_avg:189.59ms
step:3080/4150 train_time:583992ms step_avg:189.61ms
step:3081/4150 train_time:584218ms step_avg:189.62ms
step:3082/4150 train_time:584448ms step_avg:189.63ms
step:3083/4150 train_time:584674ms step_avg:189.64ms
step:3084/4150 train_time:584906ms step_avg:189.66ms
step:3085/4150 train_time:585127ms step_avg:189.67ms
step:3086/4150 train_time:585361ms step_avg:189.68ms
step:3087/4150 train_time:585584ms step_avg:189.69ms
step:3088/4150 train_time:585814ms step_avg:189.71ms
step:3089/4150 train_time:586038ms step_avg:189.72ms
step:3090/4150 train_time:586269ms step_avg:189.73ms
step:3091/4150 train_time:586493ms step_avg:189.74ms
step:3092/4150 train_time:586724ms step_avg:189.76ms
step:3093/4150 train_time:586948ms step_avg:189.77ms
step:3094/4150 train_time:587178ms step_avg:189.78ms
step:3095/4150 train_time:587404ms step_avg:189.79ms
step:3096/4150 train_time:587632ms step_avg:189.80ms
step:3097/4150 train_time:587859ms step_avg:189.82ms
step:3098/4150 train_time:588086ms step_avg:189.83ms
step:3099/4150 train_time:588314ms step_avg:189.84ms
step:3100/4150 train_time:588545ms step_avg:189.85ms
step:3101/4150 train_time:588771ms step_avg:189.86ms
step:3102/4150 train_time:589002ms step_avg:189.88ms
step:3103/4150 train_time:589227ms step_avg:189.89ms
step:3104/4150 train_time:589459ms step_avg:189.90ms
step:3105/4150 train_time:589682ms step_avg:189.91ms
step:3106/4150 train_time:589912ms step_avg:189.93ms
step:3107/4150 train_time:590140ms step_avg:189.94ms
step:3108/4150 train_time:590369ms step_avg:189.95ms
step:3109/4150 train_time:590597ms step_avg:189.96ms
step:3110/4150 train_time:590825ms step_avg:189.98ms
step:3111/4150 train_time:591050ms step_avg:189.99ms
step:3112/4150 train_time:591284ms step_avg:190.00ms
step:3113/4150 train_time:591508ms step_avg:190.01ms
step:3114/4150 train_time:591742ms step_avg:190.03ms
step:3115/4150 train_time:591964ms step_avg:190.04ms
step:3116/4150 train_time:592195ms step_avg:190.05ms
step:3117/4150 train_time:592422ms step_avg:190.06ms
step:3118/4150 train_time:592655ms step_avg:190.08ms
step:3119/4150 train_time:592881ms step_avg:190.09ms
step:3120/4150 train_time:593114ms step_avg:190.10ms
step:3121/4150 train_time:593339ms step_avg:190.11ms
step:3122/4150 train_time:593567ms step_avg:190.12ms
step:3123/4150 train_time:593791ms step_avg:190.13ms
step:3124/4150 train_time:594023ms step_avg:190.15ms
step:3125/4150 train_time:594247ms step_avg:190.16ms
step:3126/4150 train_time:594479ms step_avg:190.17ms
step:3127/4150 train_time:594703ms step_avg:190.18ms
step:3128/4150 train_time:594933ms step_avg:190.20ms
step:3129/4150 train_time:595161ms step_avg:190.21ms
step:3130/4150 train_time:595393ms step_avg:190.22ms
step:3131/4150 train_time:595618ms step_avg:190.23ms
step:3132/4150 train_time:595850ms step_avg:190.25ms
step:3133/4150 train_time:596074ms step_avg:190.26ms
step:3134/4150 train_time:596304ms step_avg:190.27ms
step:3135/4150 train_time:596529ms step_avg:190.28ms
step:3136/4150 train_time:596762ms step_avg:190.29ms
step:3137/4150 train_time:596985ms step_avg:190.30ms
step:3138/4150 train_time:597217ms step_avg:190.32ms
step:3139/4150 train_time:597442ms step_avg:190.33ms
step:3140/4150 train_time:597674ms step_avg:190.34ms
step:3141/4150 train_time:597903ms step_avg:190.35ms
step:3142/4150 train_time:598131ms step_avg:190.37ms
step:3143/4150 train_time:598357ms step_avg:190.38ms
step:3144/4150 train_time:598588ms step_avg:190.39ms
step:3145/4150 train_time:598812ms step_avg:190.40ms
step:3146/4150 train_time:599044ms step_avg:190.41ms
step:3147/4150 train_time:599271ms step_avg:190.43ms
step:3148/4150 train_time:599502ms step_avg:190.44ms
step:3149/4150 train_time:599727ms step_avg:190.45ms
step:3150/4150 train_time:599960ms step_avg:190.46ms
step:3151/4150 train_time:600184ms step_avg:190.47ms
step:3152/4150 train_time:600414ms step_avg:190.49ms
step:3153/4150 train_time:600643ms step_avg:190.50ms
step:3154/4150 train_time:600873ms step_avg:190.51ms
step:3155/4150 train_time:601098ms step_avg:190.52ms
step:3156/4150 train_time:601330ms step_avg:190.54ms
step:3157/4150 train_time:601557ms step_avg:190.55ms
step:3158/4150 train_time:601785ms step_avg:190.56ms
step:3159/4150 train_time:602009ms step_avg:190.57ms
step:3160/4150 train_time:602241ms step_avg:190.58ms
step:3161/4150 train_time:602467ms step_avg:190.59ms
step:3162/4150 train_time:602702ms step_avg:190.61ms
step:3163/4150 train_time:602923ms step_avg:190.62ms
step:3164/4150 train_time:603158ms step_avg:190.63ms
step:3165/4150 train_time:603386ms step_avg:190.64ms
step:3166/4150 train_time:603621ms step_avg:190.66ms
step:3167/4150 train_time:603842ms step_avg:190.67ms
step:3168/4150 train_time:604073ms step_avg:190.68ms
step:3169/4150 train_time:604301ms step_avg:190.69ms
step:3170/4150 train_time:604534ms step_avg:190.70ms
step:3171/4150 train_time:604758ms step_avg:190.72ms
step:3172/4150 train_time:604985ms step_avg:190.73ms
step:3173/4150 train_time:605210ms step_avg:190.74ms
step:3174/4150 train_time:605441ms step_avg:190.75ms
step:3175/4150 train_time:605664ms step_avg:190.76ms
step:3176/4150 train_time:605895ms step_avg:190.77ms
step:3177/4150 train_time:606122ms step_avg:190.78ms
step:3178/4150 train_time:606350ms step_avg:190.80ms
step:3179/4150 train_time:606579ms step_avg:190.81ms
step:3180/4150 train_time:606809ms step_avg:190.82ms
step:3181/4150 train_time:607035ms step_avg:190.83ms
step:3182/4150 train_time:607267ms step_avg:190.84ms
step:3183/4150 train_time:607492ms step_avg:190.86ms
step:3184/4150 train_time:607722ms step_avg:190.87ms
step:3185/4150 train_time:607948ms step_avg:190.88ms
step:3186/4150 train_time:608179ms step_avg:190.89ms
step:3187/4150 train_time:608407ms step_avg:190.90ms
step:3188/4150 train_time:608640ms step_avg:190.92ms
step:3189/4150 train_time:608864ms step_avg:190.93ms
step:3190/4150 train_time:609094ms step_avg:190.94ms
step:3191/4150 train_time:609319ms step_avg:190.95ms
step:3192/4150 train_time:609547ms step_avg:190.96ms
step:3193/4150 train_time:609774ms step_avg:190.97ms
step:3194/4150 train_time:610003ms step_avg:190.98ms
step:3195/4150 train_time:610226ms step_avg:190.99ms
step:3196/4150 train_time:610456ms step_avg:191.01ms
step:3197/4150 train_time:610684ms step_avg:191.02ms
step:3198/4150 train_time:610912ms step_avg:191.03ms
step:3199/4150 train_time:611138ms step_avg:191.04ms
step:3200/4150 train_time:611367ms step_avg:191.05ms
step:3201/4150 train_time:611591ms step_avg:191.06ms
step:3202/4150 train_time:611822ms step_avg:191.07ms
step:3203/4150 train_time:612050ms step_avg:191.09ms
step:3204/4150 train_time:612280ms step_avg:191.10ms
step:3205/4150 train_time:612505ms step_avg:191.11ms
step:3206/4150 train_time:612734ms step_avg:191.12ms
step:3207/4150 train_time:612957ms step_avg:191.13ms
step:3208/4150 train_time:613187ms step_avg:191.14ms
step:3209/4150 train_time:613412ms step_avg:191.15ms
step:3210/4150 train_time:613643ms step_avg:191.17ms
step:3211/4150 train_time:613868ms step_avg:191.18ms
step:3212/4150 train_time:614103ms step_avg:191.19ms
step:3213/4150 train_time:614328ms step_avg:191.20ms
step:3214/4150 train_time:614559ms step_avg:191.21ms
step:3215/4150 train_time:614783ms step_avg:191.22ms
step:3216/4150 train_time:615012ms step_avg:191.24ms
step:3217/4150 train_time:615238ms step_avg:191.25ms
step:3218/4150 train_time:615467ms step_avg:191.26ms
step:3219/4150 train_time:615692ms step_avg:191.27ms
step:3220/4150 train_time:615922ms step_avg:191.28ms
step:3221/4150 train_time:616146ms step_avg:191.29ms
step:3222/4150 train_time:616377ms step_avg:191.30ms
step:3223/4150 train_time:616599ms step_avg:191.31ms
step:3224/4150 train_time:616827ms step_avg:191.32ms
step:3225/4150 train_time:617054ms step_avg:191.33ms
step:3226/4150 train_time:617287ms step_avg:191.35ms
step:3227/4150 train_time:617510ms step_avg:191.36ms
step:3228/4150 train_time:617739ms step_avg:191.37ms
step:3229/4150 train_time:617964ms step_avg:191.38ms
step:3230/4150 train_time:618190ms step_avg:191.39ms
step:3231/4150 train_time:618419ms step_avg:191.40ms
step:3232/4150 train_time:618647ms step_avg:191.41ms
step:3233/4150 train_time:618869ms step_avg:191.42ms
step:3234/4150 train_time:619099ms step_avg:191.43ms
step:3235/4150 train_time:619325ms step_avg:191.45ms
step:3236/4150 train_time:619556ms step_avg:191.46ms
step:3237/4150 train_time:619783ms step_avg:191.47ms
step:3238/4150 train_time:620012ms step_avg:191.48ms
step:3239/4150 train_time:620237ms step_avg:191.49ms
step:3240/4150 train_time:620467ms step_avg:191.50ms
step:3241/4150 train_time:620689ms step_avg:191.51ms
step:3242/4150 train_time:620918ms step_avg:191.52ms
step:3243/4150 train_time:621142ms step_avg:191.53ms
step:3244/4150 train_time:621375ms step_avg:191.55ms
step:3245/4150 train_time:621604ms step_avg:191.56ms
step:3246/4150 train_time:621832ms step_avg:191.57ms
step:3247/4150 train_time:622061ms step_avg:191.58ms
step:3248/4150 train_time:622288ms step_avg:191.59ms
step:3249/4150 train_time:622518ms step_avg:191.60ms
step:3250/4150 train_time:622745ms step_avg:191.61ms
step:3250/4150 val_loss:3.0067 train_time:622951ms step_avg:191.68ms
step:3251/4150 train_time:622973ms step_avg:191.62ms
step:3252/4150 train_time:623202ms step_avg:191.64ms
step:3253/4150 train_time:623431ms step_avg:191.65ms
step:3254/4150 train_time:623660ms step_avg:191.66ms
step:3255/4150 train_time:623887ms step_avg:191.67ms
step:3256/4150 train_time:624118ms step_avg:191.68ms
step:3257/4150 train_time:624349ms step_avg:191.69ms
step:3258/4150 train_time:624577ms step_avg:191.71ms
step:3259/4150 train_time:624797ms step_avg:191.71ms
step:3260/4150 train_time:625030ms step_avg:191.73ms
step:3261/4150 train_time:625255ms step_avg:191.74ms
step:3262/4150 train_time:625490ms step_avg:191.75ms
step:3263/4150 train_time:625713ms step_avg:191.76ms
step:3264/4150 train_time:625945ms step_avg:191.77ms
step:3265/4150 train_time:626172ms step_avg:191.78ms
step:3266/4150 train_time:626402ms step_avg:191.79ms
step:3267/4150 train_time:626626ms step_avg:191.80ms
step:3268/4150 train_time:626853ms step_avg:191.82ms
step:3269/4150 train_time:627077ms step_avg:191.83ms
step:3270/4150 train_time:627310ms step_avg:191.84ms
step:3271/4150 train_time:627535ms step_avg:191.85ms
step:3272/4150 train_time:627765ms step_avg:191.86ms
step:3273/4150 train_time:627987ms step_avg:191.87ms
step:3274/4150 train_time:628215ms step_avg:191.88ms
step:3275/4150 train_time:628443ms step_avg:191.89ms
step:3276/4150 train_time:628675ms step_avg:191.90ms
step:3277/4150 train_time:628901ms step_avg:191.91ms
step:3278/4150 train_time:629129ms step_avg:191.92ms
step:3279/4150 train_time:629357ms step_avg:191.94ms
step:3280/4150 train_time:629588ms step_avg:191.95ms
step:3281/4150 train_time:629813ms step_avg:191.96ms
step:3282/4150 train_time:630047ms step_avg:191.97ms
step:3283/4150 train_time:630270ms step_avg:191.98ms
step:3284/4150 train_time:630502ms step_avg:191.99ms
step:3285/4150 train_time:630730ms step_avg:192.00ms
step:3286/4150 train_time:630963ms step_avg:192.02ms
step:3287/4150 train_time:631190ms step_avg:192.03ms
step:3288/4150 train_time:631419ms step_avg:192.04ms
step:3289/4150 train_time:631646ms step_avg:192.05ms
step:3290/4150 train_time:631874ms step_avg:192.06ms
step:3291/4150 train_time:632098ms step_avg:192.07ms
step:3292/4150 train_time:632329ms step_avg:192.08ms
step:3293/4150 train_time:632553ms step_avg:192.09ms
step:3294/4150 train_time:632784ms step_avg:192.10ms
step:3295/4150 train_time:633008ms step_avg:192.11ms
step:3296/4150 train_time:633237ms step_avg:192.12ms
step:3297/4150 train_time:633462ms step_avg:192.13ms
step:3298/4150 train_time:633693ms step_avg:192.14ms
step:3299/4150 train_time:633920ms step_avg:192.16ms
step:3300/4150 train_time:634150ms step_avg:192.17ms
step:3301/4150 train_time:634373ms step_avg:192.18ms
step:3302/4150 train_time:634607ms step_avg:192.19ms
step:3303/4150 train_time:634832ms step_avg:192.20ms
step:3304/4150 train_time:635063ms step_avg:192.21ms
step:3305/4150 train_time:635289ms step_avg:192.22ms
step:3306/4150 train_time:635516ms step_avg:192.23ms
step:3307/4150 train_time:635740ms step_avg:192.24ms
step:3308/4150 train_time:635970ms step_avg:192.25ms
step:3309/4150 train_time:636195ms step_avg:192.26ms
step:3310/4150 train_time:636425ms step_avg:192.27ms
step:3311/4150 train_time:636652ms step_avg:192.28ms
step:3312/4150 train_time:636883ms step_avg:192.30ms
step:3313/4150 train_time:637109ms step_avg:192.31ms
step:3314/4150 train_time:637341ms step_avg:192.32ms
step:3315/4150 train_time:637567ms step_avg:192.33ms
step:3316/4150 train_time:637799ms step_avg:192.34ms
step:3317/4150 train_time:638028ms step_avg:192.35ms
step:3318/4150 train_time:638261ms step_avg:192.36ms
step:3319/4150 train_time:638489ms step_avg:192.37ms
step:3320/4150 train_time:638717ms step_avg:192.38ms
step:3321/4150 train_time:638942ms step_avg:192.39ms
step:3322/4150 train_time:639169ms step_avg:192.40ms
step:3323/4150 train_time:639396ms step_avg:192.42ms
step:3324/4150 train_time:639629ms step_avg:192.43ms
step:3325/4150 train_time:639853ms step_avg:192.44ms
step:3326/4150 train_time:640084ms step_avg:192.45ms
step:3327/4150 train_time:640308ms step_avg:192.46ms
step:3328/4150 train_time:640538ms step_avg:192.47ms
step:3329/4150 train_time:640764ms step_avg:192.48ms
step:3330/4150 train_time:640993ms step_avg:192.49ms
step:3331/4150 train_time:641219ms step_avg:192.50ms
step:3332/4150 train_time:641451ms step_avg:192.51ms
step:3333/4150 train_time:641676ms step_avg:192.52ms
step:3334/4150 train_time:641908ms step_avg:192.53ms
step:3335/4150 train_time:642130ms step_avg:192.54ms
step:3336/4150 train_time:642362ms step_avg:192.55ms
step:3337/4150 train_time:642589ms step_avg:192.56ms
step:3338/4150 train_time:642820ms step_avg:192.58ms
step:3339/4150 train_time:643044ms step_avg:192.59ms
step:3340/4150 train_time:643272ms step_avg:192.60ms
step:3341/4150 train_time:643501ms step_avg:192.61ms
step:3342/4150 train_time:643734ms step_avg:192.62ms
step:3343/4150 train_time:643958ms step_avg:192.63ms
step:3344/4150 train_time:644188ms step_avg:192.64ms
step:3345/4150 train_time:644414ms step_avg:192.65ms
step:3346/4150 train_time:644647ms step_avg:192.66ms
step:3347/4150 train_time:644871ms step_avg:192.67ms
step:3348/4150 train_time:645101ms step_avg:192.68ms
step:3349/4150 train_time:645326ms step_avg:192.69ms
step:3350/4150 train_time:645559ms step_avg:192.70ms
step:3351/4150 train_time:645785ms step_avg:192.71ms
step:3352/4150 train_time:646018ms step_avg:192.73ms
step:3353/4150 train_time:646244ms step_avg:192.74ms
step:3354/4150 train_time:646472ms step_avg:192.75ms
step:3355/4150 train_time:646696ms step_avg:192.76ms
step:3356/4150 train_time:646929ms step_avg:192.77ms
step:3357/4150 train_time:647151ms step_avg:192.78ms
step:3358/4150 train_time:647383ms step_avg:192.79ms
step:3359/4150 train_time:647608ms step_avg:192.80ms
step:3360/4150 train_time:647840ms step_avg:192.81ms
step:3361/4150 train_time:648063ms step_avg:192.82ms
step:3362/4150 train_time:648290ms step_avg:192.83ms
step:3363/4150 train_time:648516ms step_avg:192.84ms
step:3364/4150 train_time:648750ms step_avg:192.85ms
step:3365/4150 train_time:648974ms step_avg:192.86ms
step:3366/4150 train_time:649203ms step_avg:192.87ms
step:3367/4150 train_time:649426ms step_avg:192.88ms
step:3368/4150 train_time:649656ms step_avg:192.89ms
step:3369/4150 train_time:649881ms step_avg:192.90ms
step:3370/4150 train_time:650112ms step_avg:192.91ms
step:3371/4150 train_time:650335ms step_avg:192.92ms
step:3372/4150 train_time:650567ms step_avg:192.93ms
step:3373/4150 train_time:650790ms step_avg:192.94ms
step:3374/4150 train_time:651023ms step_avg:192.95ms
step:3375/4150 train_time:651246ms step_avg:192.96ms
step:3376/4150 train_time:651475ms step_avg:192.97ms
step:3377/4150 train_time:651703ms step_avg:192.98ms
step:3378/4150 train_time:651935ms step_avg:192.99ms
step:3379/4150 train_time:652162ms step_avg:193.00ms
step:3380/4150 train_time:652390ms step_avg:193.01ms
step:3381/4150 train_time:652617ms step_avg:193.02ms
step:3382/4150 train_time:652846ms step_avg:193.04ms
step:3383/4150 train_time:653072ms step_avg:193.05ms
step:3384/4150 train_time:653302ms step_avg:193.06ms
step:3385/4150 train_time:653529ms step_avg:193.07ms
step:3386/4150 train_time:653756ms step_avg:193.08ms
step:3387/4150 train_time:653980ms step_avg:193.09ms
step:3388/4150 train_time:654210ms step_avg:193.10ms
step:3389/4150 train_time:654440ms step_avg:193.11ms
step:3390/4150 train_time:654670ms step_avg:193.12ms
step:3391/4150 train_time:654892ms step_avg:193.13ms
step:3392/4150 train_time:655124ms step_avg:193.14ms
step:3393/4150 train_time:655352ms step_avg:193.15ms
step:3394/4150 train_time:655581ms step_avg:193.16ms
step:3395/4150 train_time:655808ms step_avg:193.17ms
step:3396/4150 train_time:656037ms step_avg:193.18ms
step:3397/4150 train_time:656261ms step_avg:193.19ms
step:3398/4150 train_time:656493ms step_avg:193.20ms
step:3399/4150 train_time:656717ms step_avg:193.21ms
step:3400/4150 train_time:656945ms step_avg:193.22ms
step:3401/4150 train_time:657168ms step_avg:193.23ms
step:3402/4150 train_time:657401ms step_avg:193.24ms
step:3403/4150 train_time:657626ms step_avg:193.25ms
step:3404/4150 train_time:657854ms step_avg:193.26ms
step:3405/4150 train_time:658076ms step_avg:193.27ms
step:3406/4150 train_time:658307ms step_avg:193.28ms
step:3407/4150 train_time:658531ms step_avg:193.29ms
step:3408/4150 train_time:658760ms step_avg:193.30ms
step:3409/4150 train_time:658988ms step_avg:193.31ms
step:3410/4150 train_time:659216ms step_avg:193.32ms
step:3411/4150 train_time:659444ms step_avg:193.33ms
step:3412/4150 train_time:659675ms step_avg:193.34ms
step:3413/4150 train_time:659904ms step_avg:193.35ms
step:3414/4150 train_time:660134ms step_avg:193.36ms
step:3415/4150 train_time:660362ms step_avg:193.37ms
step:3416/4150 train_time:660591ms step_avg:193.38ms
step:3417/4150 train_time:660817ms step_avg:193.39ms
step:3418/4150 train_time:661048ms step_avg:193.40ms
step:3419/4150 train_time:661270ms step_avg:193.41ms
step:3420/4150 train_time:661501ms step_avg:193.42ms
step:3421/4150 train_time:661728ms step_avg:193.43ms
step:3422/4150 train_time:661957ms step_avg:193.44ms
step:3423/4150 train_time:662186ms step_avg:193.45ms
step:3424/4150 train_time:662415ms step_avg:193.46ms
step:3425/4150 train_time:662639ms step_avg:193.47ms
step:3426/4150 train_time:662869ms step_avg:193.48ms
step:3427/4150 train_time:663093ms step_avg:193.49ms
step:3428/4150 train_time:663323ms step_avg:193.50ms
step:3429/4150 train_time:663550ms step_avg:193.51ms
step:3430/4150 train_time:663782ms step_avg:193.52ms
step:3431/4150 train_time:664007ms step_avg:193.53ms
step:3432/4150 train_time:664234ms step_avg:193.54ms
step:3433/4150 train_time:664459ms step_avg:193.55ms
step:3434/4150 train_time:664687ms step_avg:193.56ms
step:3435/4150 train_time:664915ms step_avg:193.57ms
step:3436/4150 train_time:665146ms step_avg:193.58ms
step:3437/4150 train_time:665369ms step_avg:193.59ms
step:3438/4150 train_time:665599ms step_avg:193.60ms
step:3439/4150 train_time:665827ms step_avg:193.61ms
step:3440/4150 train_time:666056ms step_avg:193.62ms
step:3441/4150 train_time:666283ms step_avg:193.63ms
step:3442/4150 train_time:666510ms step_avg:193.64ms
step:3443/4150 train_time:666736ms step_avg:193.65ms
step:3444/4150 train_time:666969ms step_avg:193.66ms
step:3445/4150 train_time:667192ms step_avg:193.67ms
step:3446/4150 train_time:667423ms step_avg:193.68ms
step:3447/4150 train_time:667648ms step_avg:193.69ms
step:3448/4150 train_time:667879ms step_avg:193.70ms
step:3449/4150 train_time:668108ms step_avg:193.71ms
step:3450/4150 train_time:668338ms step_avg:193.72ms
step:3451/4150 train_time:668561ms step_avg:193.73ms
step:3452/4150 train_time:668791ms step_avg:193.74ms
step:3453/4150 train_time:669018ms step_avg:193.75ms
step:3454/4150 train_time:669247ms step_avg:193.76ms
step:3455/4150 train_time:669472ms step_avg:193.77ms
step:3456/4150 train_time:669705ms step_avg:193.78ms
step:3457/4150 train_time:669931ms step_avg:193.79ms
step:3458/4150 train_time:670166ms step_avg:193.80ms
step:3459/4150 train_time:670390ms step_avg:193.81ms
step:3460/4150 train_time:670620ms step_avg:193.82ms
step:3461/4150 train_time:670843ms step_avg:193.83ms
step:3462/4150 train_time:671072ms step_avg:193.84ms
step:3463/4150 train_time:671296ms step_avg:193.85ms
step:3464/4150 train_time:671527ms step_avg:193.86ms
step:3465/4150 train_time:671751ms step_avg:193.87ms
step:3466/4150 train_time:671982ms step_avg:193.88ms
step:3467/4150 train_time:672209ms step_avg:193.89ms
step:3468/4150 train_time:672438ms step_avg:193.90ms
step:3469/4150 train_time:672665ms step_avg:193.91ms
step:3470/4150 train_time:672894ms step_avg:193.92ms
step:3471/4150 train_time:673121ms step_avg:193.93ms
step:3472/4150 train_time:673347ms step_avg:193.94ms
step:3473/4150 train_time:673572ms step_avg:193.95ms
step:3474/4150 train_time:673804ms step_avg:193.96ms
step:3475/4150 train_time:674028ms step_avg:193.97ms
step:3476/4150 train_time:674259ms step_avg:193.98ms
step:3477/4150 train_time:674487ms step_avg:193.99ms
step:3478/4150 train_time:674717ms step_avg:194.00ms
step:3479/4150 train_time:674945ms step_avg:194.01ms
step:3480/4150 train_time:675173ms step_avg:194.02ms
step:3481/4150 train_time:675397ms step_avg:194.02ms
step:3482/4150 train_time:675626ms step_avg:194.03ms
step:3483/4150 train_time:675849ms step_avg:194.04ms
step:3484/4150 train_time:676080ms step_avg:194.05ms
step:3485/4150 train_time:676308ms step_avg:194.06ms
step:3486/4150 train_time:676538ms step_avg:194.07ms
step:3487/4150 train_time:676765ms step_avg:194.08ms
step:3488/4150 train_time:676993ms step_avg:194.09ms
step:3489/4150 train_time:677219ms step_avg:194.10ms
step:3490/4150 train_time:677450ms step_avg:194.11ms
step:3491/4150 train_time:677675ms step_avg:194.12ms
step:3492/4150 train_time:677905ms step_avg:194.13ms
step:3493/4150 train_time:678129ms step_avg:194.14ms
step:3494/4150 train_time:678359ms step_avg:194.15ms
step:3495/4150 train_time:678587ms step_avg:194.16ms
step:3496/4150 train_time:678813ms step_avg:194.17ms
step:3497/4150 train_time:679036ms step_avg:194.18ms
step:3498/4150 train_time:679267ms step_avg:194.19ms
step:3499/4150 train_time:679491ms step_avg:194.20ms
step:3500/4150 train_time:679720ms step_avg:194.21ms
step:3500/4150 val_loss:2.9756 train_time:679927ms step_avg:194.26ms
step:3501/4150 train_time:679949ms step_avg:194.22ms
step:3502/4150 train_time:680178ms step_avg:194.23ms
step:3503/4150 train_time:680410ms step_avg:194.24ms
step:3504/4150 train_time:680634ms step_avg:194.24ms
step:3505/4150 train_time:680857ms step_avg:194.25ms
step:3506/4150 train_time:681092ms step_avg:194.26ms
step:3507/4150 train_time:681321ms step_avg:194.27ms
step:3508/4150 train_time:681549ms step_avg:194.28ms
step:3509/4150 train_time:681768ms step_avg:194.29ms
step:3510/4150 train_time:682000ms step_avg:194.30ms
step:3511/4150 train_time:682228ms step_avg:194.31ms
step:3512/4150 train_time:682462ms step_avg:194.32ms
step:3513/4150 train_time:682684ms step_avg:194.33ms
step:3514/4150 train_time:682915ms step_avg:194.34ms
step:3515/4150 train_time:683143ms step_avg:194.35ms
step:3516/4150 train_time:683373ms step_avg:194.36ms
step:3517/4150 train_time:683598ms step_avg:194.37ms
step:3518/4150 train_time:683826ms step_avg:194.38ms
step:3519/4150 train_time:684051ms step_avg:194.39ms
step:3520/4150 train_time:684286ms step_avg:194.40ms
step:3521/4150 train_time:684509ms step_avg:194.41ms
step:3522/4150 train_time:684740ms step_avg:194.42ms
step:3523/4150 train_time:684964ms step_avg:194.43ms
step:3524/4150 train_time:685195ms step_avg:194.44ms
step:3525/4150 train_time:685422ms step_avg:194.45ms
step:3526/4150 train_time:685649ms step_avg:194.46ms
step:3527/4150 train_time:685872ms step_avg:194.46ms
step:3528/4150 train_time:686103ms step_avg:194.47ms
step:3529/4150 train_time:686330ms step_avg:194.48ms
step:3530/4150 train_time:686561ms step_avg:194.49ms
step:3531/4150 train_time:686784ms step_avg:194.50ms
step:3532/4150 train_time:687013ms step_avg:194.51ms
step:3533/4150 train_time:687238ms step_avg:194.52ms
step:3534/4150 train_time:687469ms step_avg:194.53ms
step:3535/4150 train_time:687694ms step_avg:194.54ms
step:3536/4150 train_time:687924ms step_avg:194.55ms
step:3537/4150 train_time:688148ms step_avg:194.56ms
step:3538/4150 train_time:688377ms step_avg:194.57ms
step:3539/4150 train_time:688602ms step_avg:194.58ms
step:3540/4150 train_time:688833ms step_avg:194.59ms
step:3541/4150 train_time:689058ms step_avg:194.59ms
step:3542/4150 train_time:689289ms step_avg:194.60ms
step:3543/4150 train_time:689513ms step_avg:194.61ms
step:3544/4150 train_time:689746ms step_avg:194.62ms
step:3545/4150 train_time:689970ms step_avg:194.63ms
step:3546/4150 train_time:690203ms step_avg:194.64ms
step:3547/4150 train_time:690429ms step_avg:194.65ms
step:3548/4150 train_time:690658ms step_avg:194.66ms
step:3549/4150 train_time:690884ms step_avg:194.67ms
step:3550/4150 train_time:691110ms step_avg:194.68ms
step:3551/4150 train_time:691338ms step_avg:194.69ms
step:3552/4150 train_time:691569ms step_avg:194.70ms
step:3553/4150 train_time:691795ms step_avg:194.71ms
step:3554/4150 train_time:692029ms step_avg:194.72ms
step:3555/4150 train_time:692251ms step_avg:194.73ms
step:3556/4150 train_time:692482ms step_avg:194.74ms
step:3557/4150 train_time:692709ms step_avg:194.75ms
step:3558/4150 train_time:692940ms step_avg:194.76ms
step:3559/4150 train_time:693165ms step_avg:194.76ms
step:3560/4150 train_time:693397ms step_avg:194.77ms
step:3561/4150 train_time:693622ms step_avg:194.78ms
step:3562/4150 train_time:693853ms step_avg:194.79ms
step:3563/4150 train_time:694077ms step_avg:194.80ms
step:3564/4150 train_time:694308ms step_avg:194.81ms
step:3565/4150 train_time:694530ms step_avg:194.82ms
step:3566/4150 train_time:694762ms step_avg:194.83ms
step:3567/4150 train_time:694990ms step_avg:194.84ms
step:3568/4150 train_time:695219ms step_avg:194.85ms
step:3569/4150 train_time:695445ms step_avg:194.86ms
step:3570/4150 train_time:695673ms step_avg:194.87ms
step:3571/4150 train_time:695898ms step_avg:194.87ms
step:3572/4150 train_time:696130ms step_avg:194.89ms
step:3573/4150 train_time:696357ms step_avg:194.89ms
step:3574/4150 train_time:696589ms step_avg:194.90ms
step:3575/4150 train_time:696813ms step_avg:194.91ms
step:3576/4150 train_time:697043ms step_avg:194.92ms
step:3577/4150 train_time:697271ms step_avg:194.93ms
step:3578/4150 train_time:697500ms step_avg:194.94ms
step:3579/4150 train_time:697724ms step_avg:194.95ms
step:3580/4150 train_time:697957ms step_avg:194.96ms
step:3581/4150 train_time:698183ms step_avg:194.97ms
step:3582/4150 train_time:698413ms step_avg:194.98ms
step:3583/4150 train_time:698639ms step_avg:194.99ms
step:3584/4150 train_time:698871ms step_avg:195.00ms
step:3585/4150 train_time:699094ms step_avg:195.01ms
step:3586/4150 train_time:699326ms step_avg:195.02ms
step:3587/4150 train_time:699550ms step_avg:195.02ms
step:3588/4150 train_time:699780ms step_avg:195.03ms
step:3589/4150 train_time:700002ms step_avg:195.04ms
step:3590/4150 train_time:700238ms step_avg:195.05ms
step:3591/4150 train_time:700462ms step_avg:195.06ms
step:3592/4150 train_time:700694ms step_avg:195.07ms
step:3593/4150 train_time:700920ms step_avg:195.08ms
step:3594/4150 train_time:701151ms step_avg:195.09ms
step:3595/4150 train_time:701377ms step_avg:195.10ms
step:3596/4150 train_time:701611ms step_avg:195.11ms
step:3597/4150 train_time:701836ms step_avg:195.12ms
step:3598/4150 train_time:702067ms step_avg:195.13ms
step:3599/4150 train_time:702289ms step_avg:195.13ms
step:3600/4150 train_time:702520ms step_avg:195.14ms
step:3601/4150 train_time:702746ms step_avg:195.15ms
step:3602/4150 train_time:702978ms step_avg:195.16ms
step:3603/4150 train_time:703202ms step_avg:195.17ms
step:3604/4150 train_time:703430ms step_avg:195.18ms
step:3605/4150 train_time:703653ms step_avg:195.19ms
step:3606/4150 train_time:703883ms step_avg:195.20ms
step:3607/4150 train_time:704113ms step_avg:195.21ms
step:3608/4150 train_time:704345ms step_avg:195.22ms
step:3609/4150 train_time:704572ms step_avg:195.23ms
step:3610/4150 train_time:704800ms step_avg:195.24ms
step:3611/4150 train_time:705024ms step_avg:195.24ms
step:3612/4150 train_time:705253ms step_avg:195.25ms
step:3613/4150 train_time:705476ms step_avg:195.26ms
step:3614/4150 train_time:705704ms step_avg:195.27ms
step:3615/4150 train_time:705929ms step_avg:195.28ms
step:3616/4150 train_time:706160ms step_avg:195.29ms
step:3617/4150 train_time:706386ms step_avg:195.30ms
step:3618/4150 train_time:706616ms step_avg:195.31ms
step:3619/4150 train_time:706843ms step_avg:195.31ms
step:3620/4150 train_time:707071ms step_avg:195.32ms
step:3621/4150 train_time:707297ms step_avg:195.33ms
step:3622/4150 train_time:707533ms step_avg:195.34ms
step:3623/4150 train_time:707758ms step_avg:195.35ms
step:3624/4150 train_time:707994ms step_avg:195.36ms
step:3625/4150 train_time:708215ms step_avg:195.37ms
step:3626/4150 train_time:708447ms step_avg:195.38ms
step:3627/4150 train_time:708669ms step_avg:195.39ms
step:3628/4150 train_time:708897ms step_avg:195.40ms
step:3629/4150 train_time:709120ms step_avg:195.40ms
step:3630/4150 train_time:709351ms step_avg:195.41ms
step:3631/4150 train_time:709576ms step_avg:195.42ms
step:3632/4150 train_time:709805ms step_avg:195.43ms
step:3633/4150 train_time:710031ms step_avg:195.44ms
step:3634/4150 train_time:710260ms step_avg:195.45ms
step:3635/4150 train_time:710486ms step_avg:195.46ms
step:3636/4150 train_time:710717ms step_avg:195.47ms
step:3637/4150 train_time:710943ms step_avg:195.48ms
step:3638/4150 train_time:711171ms step_avg:195.48ms
step:3639/4150 train_time:711399ms step_avg:195.49ms
step:3640/4150 train_time:711629ms step_avg:195.50ms
step:3641/4150 train_time:711852ms step_avg:195.51ms
step:3642/4150 train_time:712085ms step_avg:195.52ms
step:3643/4150 train_time:712312ms step_avg:195.53ms
step:3644/4150 train_time:712544ms step_avg:195.54ms
step:3645/4150 train_time:712772ms step_avg:195.55ms
step:3646/4150 train_time:713006ms step_avg:195.56ms
step:3647/4150 train_time:713228ms step_avg:195.57ms
step:3648/4150 train_time:713460ms step_avg:195.58ms
step:3649/4150 train_time:713681ms step_avg:195.58ms
step:3650/4150 train_time:713910ms step_avg:195.59ms
step:3651/4150 train_time:714133ms step_avg:195.60ms
step:3652/4150 train_time:714364ms step_avg:195.61ms
step:3653/4150 train_time:714592ms step_avg:195.62ms
step:3654/4150 train_time:714825ms step_avg:195.63ms
step:3655/4150 train_time:715051ms step_avg:195.64ms
step:3656/4150 train_time:715281ms step_avg:195.65ms
step:3657/4150 train_time:715505ms step_avg:195.65ms
step:3658/4150 train_time:715731ms step_avg:195.66ms
step:3659/4150 train_time:715955ms step_avg:195.67ms
step:3660/4150 train_time:716186ms step_avg:195.68ms
step:3661/4150 train_time:716410ms step_avg:195.69ms
step:3662/4150 train_time:716640ms step_avg:195.70ms
step:3663/4150 train_time:716870ms step_avg:195.71ms
step:3664/4150 train_time:717098ms step_avg:195.71ms
step:3665/4150 train_time:717321ms step_avg:195.72ms
step:3666/4150 train_time:717552ms step_avg:195.73ms
step:3667/4150 train_time:717774ms step_avg:195.74ms
step:3668/4150 train_time:718004ms step_avg:195.75ms
step:3669/4150 train_time:718232ms step_avg:195.76ms
step:3670/4150 train_time:718462ms step_avg:195.77ms
step:3671/4150 train_time:718689ms step_avg:195.77ms
step:3672/4150 train_time:718918ms step_avg:195.78ms
step:3673/4150 train_time:719144ms step_avg:195.79ms
step:3674/4150 train_time:719377ms step_avg:195.80ms
step:3675/4150 train_time:719608ms step_avg:195.81ms
step:3676/4150 train_time:719839ms step_avg:195.82ms
step:3677/4150 train_time:720062ms step_avg:195.83ms
step:3678/4150 train_time:720294ms step_avg:195.84ms
step:3679/4150 train_time:720517ms step_avg:195.85ms
step:3680/4150 train_time:720747ms step_avg:195.86ms
step:3681/4150 train_time:720971ms step_avg:195.86ms
step:3682/4150 train_time:721202ms step_avg:195.87ms
step:3683/4150 train_time:721430ms step_avg:195.88ms
step:3684/4150 train_time:721662ms step_avg:195.89ms
step:3685/4150 train_time:721890ms step_avg:195.90ms
step:3686/4150 train_time:722118ms step_avg:195.91ms
step:3687/4150 train_time:722346ms step_avg:195.92ms
step:3688/4150 train_time:722576ms step_avg:195.93ms
step:3689/4150 train_time:722801ms step_avg:195.93ms
step:3690/4150 train_time:723031ms step_avg:195.94ms
step:3691/4150 train_time:723251ms step_avg:195.95ms
step:3692/4150 train_time:723483ms step_avg:195.96ms
step:3693/4150 train_time:723706ms step_avg:195.97ms
step:3694/4150 train_time:723934ms step_avg:195.98ms
step:3695/4150 train_time:724161ms step_avg:195.98ms
step:3696/4150 train_time:724391ms step_avg:195.99ms
step:3697/4150 train_time:724615ms step_avg:196.00ms
step:3698/4150 train_time:724847ms step_avg:196.01ms
step:3699/4150 train_time:725074ms step_avg:196.02ms
step:3700/4150 train_time:725303ms step_avg:196.03ms
step:3701/4150 train_time:725528ms step_avg:196.04ms
step:3702/4150 train_time:725758ms step_avg:196.04ms
step:3703/4150 train_time:725989ms step_avg:196.05ms
step:3704/4150 train_time:726216ms step_avg:196.06ms
step:3705/4150 train_time:726442ms step_avg:196.07ms
step:3706/4150 train_time:726669ms step_avg:196.08ms
step:3707/4150 train_time:726896ms step_avg:196.09ms
step:3708/4150 train_time:727126ms step_avg:196.10ms
step:3709/4150 train_time:727349ms step_avg:196.10ms
step:3710/4150 train_time:727577ms step_avg:196.11ms
step:3711/4150 train_time:727806ms step_avg:196.12ms
step:3712/4150 train_time:728035ms step_avg:196.13ms
step:3713/4150 train_time:728260ms step_avg:196.14ms
step:3714/4150 train_time:728488ms step_avg:196.15ms
step:3715/4150 train_time:728721ms step_avg:196.16ms
step:3716/4150 train_time:728952ms step_avg:196.17ms
step:3717/4150 train_time:729175ms step_avg:196.17ms
step:3718/4150 train_time:729408ms step_avg:196.18ms
step:3719/4150 train_time:729632ms step_avg:196.19ms
step:3720/4150 train_time:729865ms step_avg:196.20ms
step:3721/4150 train_time:730088ms step_avg:196.21ms
step:3722/4150 train_time:730319ms step_avg:196.22ms
step:3723/4150 train_time:730545ms step_avg:196.22ms
step:3724/4150 train_time:730775ms step_avg:196.23ms
step:3725/4150 train_time:730997ms step_avg:196.24ms
step:3726/4150 train_time:731230ms step_avg:196.25ms
step:3727/4150 train_time:731454ms step_avg:196.26ms
step:3728/4150 train_time:731684ms step_avg:196.27ms
step:3729/4150 train_time:731910ms step_avg:196.28ms
step:3730/4150 train_time:732138ms step_avg:196.28ms
step:3731/4150 train_time:732361ms step_avg:196.29ms
step:3732/4150 train_time:732589ms step_avg:196.30ms
step:3733/4150 train_time:732815ms step_avg:196.31ms
step:3734/4150 train_time:733049ms step_avg:196.32ms
step:3735/4150 train_time:733273ms step_avg:196.32ms
step:3736/4150 train_time:733507ms step_avg:196.33ms
step:3737/4150 train_time:733731ms step_avg:196.34ms
step:3738/4150 train_time:733964ms step_avg:196.35ms
step:3739/4150 train_time:734194ms step_avg:196.36ms
step:3740/4150 train_time:734423ms step_avg:196.37ms
step:3741/4150 train_time:734647ms step_avg:196.38ms
step:3742/4150 train_time:734872ms step_avg:196.38ms
step:3743/4150 train_time:735099ms step_avg:196.39ms
step:3744/4150 train_time:735331ms step_avg:196.40ms
step:3745/4150 train_time:735556ms step_avg:196.41ms
step:3746/4150 train_time:735789ms step_avg:196.42ms
step:3747/4150 train_time:736014ms step_avg:196.43ms
step:3748/4150 train_time:736246ms step_avg:196.44ms
step:3749/4150 train_time:736471ms step_avg:196.44ms
step:3750/4150 train_time:736703ms step_avg:196.45ms
step:3750/4150 val_loss:2.9483 train_time:736908ms step_avg:196.51ms
step:3751/4150 train_time:736930ms step_avg:196.46ms
step:3752/4150 train_time:737158ms step_avg:196.47ms
step:3753/4150 train_time:737389ms step_avg:196.48ms
step:3754/4150 train_time:737614ms step_avg:196.49ms
step:3755/4150 train_time:737842ms step_avg:196.50ms
step:3756/4150 train_time:738075ms step_avg:196.51ms
step:3757/4150 train_time:738306ms step_avg:196.51ms
step:3758/4150 train_time:738534ms step_avg:196.52ms
step:3759/4150 train_time:738754ms step_avg:196.53ms
step:3760/4150 train_time:738989ms step_avg:196.54ms
step:3761/4150 train_time:739215ms step_avg:196.55ms
step:3762/4150 train_time:739447ms step_avg:196.56ms
step:3763/4150 train_time:739670ms step_avg:196.56ms
step:3764/4150 train_time:739897ms step_avg:196.57ms
step:3765/4150 train_time:740125ms step_avg:196.58ms
step:3766/4150 train_time:740355ms step_avg:196.59ms
step:3767/4150 train_time:740582ms step_avg:196.60ms
step:3768/4150 train_time:740808ms step_avg:196.61ms
step:3769/4150 train_time:741035ms step_avg:196.61ms
step:3770/4150 train_time:741264ms step_avg:196.62ms
step:3771/4150 train_time:741490ms step_avg:196.63ms
step:3772/4150 train_time:741719ms step_avg:196.64ms
step:3773/4150 train_time:741946ms step_avg:196.65ms
step:3774/4150 train_time:742179ms step_avg:196.66ms
step:3775/4150 train_time:742403ms step_avg:196.66ms
step:3776/4150 train_time:742630ms step_avg:196.67ms
step:3777/4150 train_time:742854ms step_avg:196.68ms
step:3778/4150 train_time:743086ms step_avg:196.69ms
step:3779/4150 train_time:743312ms step_avg:196.70ms
step:3780/4150 train_time:743542ms step_avg:196.70ms
step:3781/4150 train_time:743767ms step_avg:196.71ms
step:3782/4150 train_time:743995ms step_avg:196.72ms
step:3783/4150 train_time:744220ms step_avg:196.73ms
step:3784/4150 train_time:744451ms step_avg:196.74ms
step:3785/4150 train_time:744675ms step_avg:196.74ms
step:3786/4150 train_time:744901ms step_avg:196.75ms
step:3787/4150 train_time:745131ms step_avg:196.76ms
step:3788/4150 train_time:745363ms step_avg:196.77ms
step:3789/4150 train_time:745588ms step_avg:196.78ms
step:3790/4150 train_time:745819ms step_avg:196.79ms
step:3791/4150 train_time:746043ms step_avg:196.79ms
step:3792/4150 train_time:746277ms step_avg:196.80ms
step:3793/4150 train_time:746502ms step_avg:196.81ms
step:3794/4150 train_time:746729ms step_avg:196.82ms
step:3795/4150 train_time:746951ms step_avg:196.83ms
step:3796/4150 train_time:747183ms step_avg:196.83ms
step:3797/4150 train_time:747407ms step_avg:196.84ms
step:3798/4150 train_time:747634ms step_avg:196.85ms
step:3799/4150 train_time:747860ms step_avg:196.86ms
step:3800/4150 train_time:748089ms step_avg:196.87ms
step:3801/4150 train_time:748315ms step_avg:196.87ms
step:3802/4150 train_time:748549ms step_avg:196.88ms
step:3803/4150 train_time:748775ms step_avg:196.89ms
step:3804/4150 train_time:749010ms step_avg:196.90ms
step:3805/4150 train_time:749233ms step_avg:196.91ms
step:3806/4150 train_time:749466ms step_avg:196.92ms
step:3807/4150 train_time:749689ms step_avg:196.92ms
step:3808/4150 train_time:749918ms step_avg:196.93ms
step:3809/4150 train_time:750139ms step_avg:196.94ms
step:3810/4150 train_time:750372ms step_avg:196.95ms
step:3811/4150 train_time:750594ms step_avg:196.95ms
step:3812/4150 train_time:750826ms step_avg:196.96ms
step:3813/4150 train_time:751051ms step_avg:196.97ms
step:3814/4150 train_time:751285ms step_avg:196.98ms
step:3815/4150 train_time:751509ms step_avg:196.99ms
step:3816/4150 train_time:751738ms step_avg:197.00ms
step:3817/4150 train_time:751965ms step_avg:197.00ms
step:3818/4150 train_time:752194ms step_avg:197.01ms
step:3819/4150 train_time:752422ms step_avg:197.02ms
step:3820/4150 train_time:752650ms step_avg:197.03ms
step:3821/4150 train_time:752878ms step_avg:197.04ms
step:3822/4150 train_time:753108ms step_avg:197.05ms
step:3823/4150 train_time:753336ms step_avg:197.05ms
step:3824/4150 train_time:753570ms step_avg:197.06ms
step:3825/4150 train_time:753795ms step_avg:197.07ms
step:3826/4150 train_time:754026ms step_avg:197.08ms
step:3827/4150 train_time:754251ms step_avg:197.09ms
step:3828/4150 train_time:754482ms step_avg:197.10ms
step:3829/4150 train_time:754711ms step_avg:197.10ms
step:3830/4150 train_time:754940ms step_avg:197.11ms
step:3831/4150 train_time:755167ms step_avg:197.12ms
step:3832/4150 train_time:755397ms step_avg:197.13ms
step:3833/4150 train_time:755621ms step_avg:197.14ms
step:3834/4150 train_time:755851ms step_avg:197.14ms
step:3835/4150 train_time:756078ms step_avg:197.15ms
step:3836/4150 train_time:756311ms step_avg:197.16ms
step:3837/4150 train_time:756534ms step_avg:197.17ms
step:3838/4150 train_time:756765ms step_avg:197.18ms
step:3839/4150 train_time:756991ms step_avg:197.18ms
step:3840/4150 train_time:757218ms step_avg:197.19ms
step:3841/4150 train_time:757444ms step_avg:197.20ms
step:3842/4150 train_time:757673ms step_avg:197.21ms
step:3843/4150 train_time:757900ms step_avg:197.22ms
step:3844/4150 train_time:758130ms step_avg:197.22ms
step:3845/4150 train_time:758355ms step_avg:197.23ms
step:3846/4150 train_time:758588ms step_avg:197.24ms
step:3847/4150 train_time:758816ms step_avg:197.25ms
step:3848/4150 train_time:759045ms step_avg:197.26ms
step:3849/4150 train_time:759271ms step_avg:197.26ms
step:3850/4150 train_time:759503ms step_avg:197.27ms
step:3851/4150 train_time:759728ms step_avg:197.28ms
step:3852/4150 train_time:759958ms step_avg:197.29ms
step:3853/4150 train_time:760187ms step_avg:197.30ms
step:3854/4150 train_time:760417ms step_avg:197.31ms
step:3855/4150 train_time:760642ms step_avg:197.31ms
step:3856/4150 train_time:760871ms step_avg:197.32ms
step:3857/4150 train_time:761093ms step_avg:197.33ms
step:3858/4150 train_time:761327ms step_avg:197.34ms
step:3859/4150 train_time:761551ms step_avg:197.34ms
step:3860/4150 train_time:761783ms step_avg:197.35ms
step:3861/4150 train_time:762011ms step_avg:197.36ms
step:3862/4150 train_time:762243ms step_avg:197.37ms
step:3863/4150 train_time:762471ms step_avg:197.38ms
step:3864/4150 train_time:762702ms step_avg:197.39ms
step:3865/4150 train_time:762929ms step_avg:197.39ms
step:3866/4150 train_time:763160ms step_avg:197.40ms
step:3867/4150 train_time:763388ms step_avg:197.41ms
step:3868/4150 train_time:763616ms step_avg:197.42ms
step:3869/4150 train_time:763845ms step_avg:197.43ms
step:3870/4150 train_time:764075ms step_avg:197.44ms
step:3871/4150 train_time:764305ms step_avg:197.44ms
step:3872/4150 train_time:764534ms step_avg:197.45ms
step:3873/4150 train_time:764758ms step_avg:197.46ms
step:3874/4150 train_time:764990ms step_avg:197.47ms
step:3875/4150 train_time:765216ms step_avg:197.48ms
step:3876/4150 train_time:765451ms step_avg:197.48ms
step:3877/4150 train_time:765675ms step_avg:197.49ms
step:3878/4150 train_time:765908ms step_avg:197.50ms
step:3879/4150 train_time:766129ms step_avg:197.51ms
step:3880/4150 train_time:766362ms step_avg:197.52ms
step:3881/4150 train_time:766587ms step_avg:197.52ms
step:3882/4150 train_time:766816ms step_avg:197.53ms
step:3883/4150 train_time:767042ms step_avg:197.54ms
step:3884/4150 train_time:767271ms step_avg:197.55ms
step:3885/4150 train_time:767498ms step_avg:197.55ms
step:3886/4150 train_time:767727ms step_avg:197.56ms
step:3887/4150 train_time:767953ms step_avg:197.57ms
step:3888/4150 train_time:768188ms step_avg:197.58ms
step:3889/4150 train_time:768417ms step_avg:197.59ms
step:3890/4150 train_time:768649ms step_avg:197.60ms
step:3891/4150 train_time:768876ms step_avg:197.60ms
step:3892/4150 train_time:769109ms step_avg:197.61ms
step:3893/4150 train_time:769333ms step_avg:197.62ms
step:3894/4150 train_time:769567ms step_avg:197.63ms
step:3895/4150 train_time:769789ms step_avg:197.64ms
step:3896/4150 train_time:770019ms step_avg:197.64ms
step:3897/4150 train_time:770244ms step_avg:197.65ms
step:3898/4150 train_time:770473ms step_avg:197.66ms
step:3899/4150 train_time:770695ms step_avg:197.66ms
step:3900/4150 train_time:770925ms step_avg:197.67ms
step:3901/4150 train_time:771152ms step_avg:197.68ms
step:3902/4150 train_time:771383ms step_avg:197.69ms
step:3903/4150 train_time:771606ms step_avg:197.70ms
step:3904/4150 train_time:771836ms step_avg:197.70ms
step:3905/4150 train_time:772066ms step_avg:197.71ms
step:3906/4150 train_time:772295ms step_avg:197.72ms
step:3907/4150 train_time:772517ms step_avg:197.73ms
step:3908/4150 train_time:772749ms step_avg:197.74ms
step:3909/4150 train_time:772972ms step_avg:197.74ms
step:3910/4150 train_time:773203ms step_avg:197.75ms
step:3911/4150 train_time:773428ms step_avg:197.76ms
step:3912/4150 train_time:773656ms step_avg:197.76ms
step:3913/4150 train_time:773881ms step_avg:197.77ms
step:3914/4150 train_time:774110ms step_avg:197.78ms
step:3915/4150 train_time:774336ms step_avg:197.79ms
step:3916/4150 train_time:774567ms step_avg:197.80ms
step:3917/4150 train_time:774791ms step_avg:197.80ms
step:3918/4150 train_time:775025ms step_avg:197.81ms
step:3919/4150 train_time:775249ms step_avg:197.82ms
step:3920/4150 train_time:775479ms step_avg:197.83ms
step:3921/4150 train_time:775706ms step_avg:197.83ms
step:3922/4150 train_time:775936ms step_avg:197.84ms
step:3923/4150 train_time:776161ms step_avg:197.85ms
step:3924/4150 train_time:776393ms step_avg:197.86ms
step:3925/4150 train_time:776618ms step_avg:197.86ms
step:3926/4150 train_time:776848ms step_avg:197.87ms
step:3927/4150 train_time:777074ms step_avg:197.88ms
step:3928/4150 train_time:777307ms step_avg:197.89ms
step:3929/4150 train_time:777531ms step_avg:197.90ms
step:3930/4150 train_time:777761ms step_avg:197.90ms
step:3931/4150 train_time:777990ms step_avg:197.91ms
step:3932/4150 train_time:778216ms step_avg:197.92ms
step:3933/4150 train_time:778438ms step_avg:197.92ms
step:3934/4150 train_time:778669ms step_avg:197.93ms
step:3935/4150 train_time:778892ms step_avg:197.94ms
step:3936/4150 train_time:779127ms step_avg:197.95ms
step:3937/4150 train_time:779351ms step_avg:197.96ms
step:3938/4150 train_time:779582ms step_avg:197.96ms
step:3939/4150 train_time:779807ms step_avg:197.97ms
step:3940/4150 train_time:780035ms step_avg:197.98ms
step:3941/4150 train_time:780262ms step_avg:197.99ms
step:3942/4150 train_time:780491ms step_avg:197.99ms
step:3943/4150 train_time:780719ms step_avg:198.00ms
step:3944/4150 train_time:780952ms step_avg:198.01ms
step:3945/4150 train_time:781175ms step_avg:198.02ms
step:3946/4150 train_time:781404ms step_avg:198.02ms
step:3947/4150 train_time:781631ms step_avg:198.03ms
step:3948/4150 train_time:781862ms step_avg:198.04ms
step:3949/4150 train_time:782085ms step_avg:198.05ms
step:3950/4150 train_time:782315ms step_avg:198.05ms
step:3951/4150 train_time:782540ms step_avg:198.06ms
step:3952/4150 train_time:782768ms step_avg:198.07ms
step:3953/4150 train_time:782988ms step_avg:198.07ms
step:3954/4150 train_time:783220ms step_avg:198.08ms
step:3955/4150 train_time:783445ms step_avg:198.09ms
step:3956/4150 train_time:783677ms step_avg:198.10ms
step:3957/4150 train_time:783903ms step_avg:198.11ms
step:3958/4150 train_time:784133ms step_avg:198.11ms
step:3959/4150 train_time:784360ms step_avg:198.12ms
step:3960/4150 train_time:784590ms step_avg:198.13ms
step:3961/4150 train_time:784817ms step_avg:198.14ms
step:3962/4150 train_time:785052ms step_avg:198.15ms
step:3963/4150 train_time:785277ms step_avg:198.15ms
step:3964/4150 train_time:785508ms step_avg:198.16ms
step:3965/4150 train_time:785732ms step_avg:198.17ms
step:3966/4150 train_time:785964ms step_avg:198.18ms
step:3967/4150 train_time:786189ms step_avg:198.18ms
step:3968/4150 train_time:786421ms step_avg:198.19ms
step:3969/4150 train_time:786648ms step_avg:198.20ms
step:3970/4150 train_time:786880ms step_avg:198.21ms
step:3971/4150 train_time:787104ms step_avg:198.21ms
step:3972/4150 train_time:787336ms step_avg:198.22ms
step:3973/4150 train_time:787560ms step_avg:198.23ms
step:3974/4150 train_time:787789ms step_avg:198.24ms
step:3975/4150 train_time:788013ms step_avg:198.24ms
step:3976/4150 train_time:788245ms step_avg:198.25ms
step:3977/4150 train_time:788470ms step_avg:198.26ms
step:3978/4150 train_time:788701ms step_avg:198.27ms
step:3979/4150 train_time:788926ms step_avg:198.27ms
step:3980/4150 train_time:789154ms step_avg:198.28ms
step:3981/4150 train_time:789379ms step_avg:198.29ms
step:3982/4150 train_time:789607ms step_avg:198.29ms
step:3983/4150 train_time:789830ms step_avg:198.30ms
step:3984/4150 train_time:790061ms step_avg:198.31ms
step:3985/4150 train_time:790288ms step_avg:198.32ms
step:3986/4150 train_time:790517ms step_avg:198.32ms
step:3987/4150 train_time:790742ms step_avg:198.33ms
step:3988/4150 train_time:790972ms step_avg:198.34ms
step:3989/4150 train_time:791196ms step_avg:198.34ms
step:3990/4150 train_time:791427ms step_avg:198.35ms
step:3991/4150 train_time:791652ms step_avg:198.36ms
step:3992/4150 train_time:791884ms step_avg:198.37ms
step:3993/4150 train_time:792107ms step_avg:198.37ms
step:3994/4150 train_time:792340ms step_avg:198.38ms
step:3995/4150 train_time:792564ms step_avg:198.39ms
step:3996/4150 train_time:792792ms step_avg:198.40ms
step:3997/4150 train_time:793015ms step_avg:198.40ms
step:3998/4150 train_time:793250ms step_avg:198.41ms
step:3999/4150 train_time:793474ms step_avg:198.42ms
step:4000/4150 train_time:793706ms step_avg:198.43ms
step:4000/4150 val_loss:2.9254 train_time:793913ms step_avg:198.48ms
step:4001/4150 train_time:793935ms step_avg:198.43ms
step:4002/4150 train_time:794164ms step_avg:198.44ms
step:4003/4150 train_time:794391ms step_avg:198.45ms
step:4004/4150 train_time:794622ms step_avg:198.46ms
step:4005/4150 train_time:794845ms step_avg:198.46ms
step:4006/4150 train_time:795080ms step_avg:198.47ms
step:4007/4150 train_time:795309ms step_avg:198.48ms
step:4008/4150 train_time:795539ms step_avg:198.49ms
step:4009/4150 train_time:795759ms step_avg:198.49ms
step:4010/4150 train_time:795995ms step_avg:198.50ms
step:4011/4150 train_time:796221ms step_avg:198.51ms
step:4012/4150 train_time:796450ms step_avg:198.52ms
step:4013/4150 train_time:796674ms step_avg:198.52ms
step:4014/4150 train_time:796902ms step_avg:198.53ms
step:4015/4150 train_time:797128ms step_avg:198.54ms
step:4016/4150 train_time:797359ms step_avg:198.55ms
step:4017/4150 train_time:797584ms step_avg:198.55ms
step:4018/4150 train_time:797818ms step_avg:198.56ms
step:4019/4150 train_time:798039ms step_avg:198.57ms
step:4020/4150 train_time:798273ms step_avg:198.58ms
step:4021/4150 train_time:798497ms step_avg:198.58ms
step:4022/4150 train_time:798725ms step_avg:198.59ms
step:4023/4150 train_time:798952ms step_avg:198.60ms
step:4024/4150 train_time:799181ms step_avg:198.60ms
step:4025/4150 train_time:799412ms step_avg:198.61ms
step:4026/4150 train_time:799638ms step_avg:198.62ms
step:4027/4150 train_time:799864ms step_avg:198.63ms
step:4028/4150 train_time:800092ms step_avg:198.63ms
step:4029/4150 train_time:800318ms step_avg:198.64ms
step:4030/4150 train_time:800549ms step_avg:198.65ms
step:4031/4150 train_time:800774ms step_avg:198.65ms
step:4032/4150 train_time:801004ms step_avg:198.66ms
step:4033/4150 train_time:801229ms step_avg:198.67ms
step:4034/4150 train_time:801458ms step_avg:198.68ms
step:4035/4150 train_time:801680ms step_avg:198.68ms
step:4036/4150 train_time:801909ms step_avg:198.69ms
step:4037/4150 train_time:802135ms step_avg:198.70ms
step:4038/4150 train_time:802365ms step_avg:198.70ms
step:4039/4150 train_time:802595ms step_avg:198.71ms
step:4040/4150 train_time:802823ms step_avg:198.72ms
step:4041/4150 train_time:803048ms step_avg:198.73ms
step:4042/4150 train_time:803276ms step_avg:198.73ms
step:4043/4150 train_time:803502ms step_avg:198.74ms
step:4044/4150 train_time:803733ms step_avg:198.75ms
step:4045/4150 train_time:803958ms step_avg:198.75ms
step:4046/4150 train_time:804186ms step_avg:198.76ms
step:4047/4150 train_time:804415ms step_avg:198.77ms
step:4048/4150 train_time:804644ms step_avg:198.78ms
step:4049/4150 train_time:804869ms step_avg:198.78ms
step:4050/4150 train_time:805097ms step_avg:198.79ms
step:4051/4150 train_time:805324ms step_avg:198.80ms
step:4052/4150 train_time:805554ms step_avg:198.80ms
step:4053/4150 train_time:805777ms step_avg:198.81ms
step:4054/4150 train_time:806007ms step_avg:198.82ms
step:4055/4150 train_time:806233ms step_avg:198.82ms
step:4056/4150 train_time:806463ms step_avg:198.83ms
step:4057/4150 train_time:806687ms step_avg:198.84ms
step:4058/4150 train_time:806919ms step_avg:198.85ms
step:4059/4150 train_time:807142ms step_avg:198.85ms
step:4060/4150 train_time:807373ms step_avg:198.86ms
step:4061/4150 train_time:807598ms step_avg:198.87ms
step:4062/4150 train_time:807829ms step_avg:198.87ms
step:4063/4150 train_time:808052ms step_avg:198.88ms
step:4064/4150 train_time:808287ms step_avg:198.89ms
step:4065/4150 train_time:808514ms step_avg:198.90ms
step:4066/4150 train_time:808743ms step_avg:198.90ms
step:4067/4150 train_time:808972ms step_avg:198.91ms
step:4068/4150 train_time:809202ms step_avg:198.92ms
step:4069/4150 train_time:809425ms step_avg:198.92ms
step:4070/4150 train_time:809655ms step_avg:198.93ms
step:4071/4150 train_time:809877ms step_avg:198.94ms
step:4072/4150 train_time:810110ms step_avg:198.95ms
step:4073/4150 train_time:810337ms step_avg:198.95ms
step:4074/4150 train_time:810566ms step_avg:198.96ms
step:4075/4150 train_time:810794ms step_avg:198.97ms
step:4076/4150 train_time:811024ms step_avg:198.98ms
step:4077/4150 train_time:811249ms step_avg:198.98ms
step:4078/4150 train_time:811477ms step_avg:198.99ms
step:4079/4150 train_time:811700ms step_avg:198.99ms
step:4080/4150 train_time:811932ms step_avg:199.00ms
step:4081/4150 train_time:812157ms step_avg:199.01ms
step:4082/4150 train_time:812387ms step_avg:199.02ms
step:4083/4150 train_time:812613ms step_avg:199.02ms
step:4084/4150 train_time:812843ms step_avg:199.03ms
step:4085/4150 train_time:813068ms step_avg:199.04ms
step:4086/4150 train_time:813297ms step_avg:199.04ms
step:4087/4150 train_time:813521ms step_avg:199.05ms
step:4088/4150 train_time:813751ms step_avg:199.06ms
step:4089/4150 train_time:813978ms step_avg:199.07ms
step:4090/4150 train_time:814204ms step_avg:199.07ms
step:4091/4150 train_time:814428ms step_avg:199.08ms
step:4092/4150 train_time:814658ms step_avg:199.09ms
step:4093/4150 train_time:814886ms step_avg:199.09ms
step:4094/4150 train_time:815117ms step_avg:199.10ms
step:4095/4150 train_time:815341ms step_avg:199.11ms
step:4096/4150 train_time:815574ms step_avg:199.11ms
step:4097/4150 train_time:815798ms step_avg:199.12ms
step:4098/4150 train_time:816027ms step_avg:199.13ms
step:4099/4150 train_time:816249ms step_avg:199.13ms
step:4100/4150 train_time:816480ms step_avg:199.14ms
step:4101/4150 train_time:816707ms step_avg:199.15ms
step:4102/4150 train_time:816939ms step_avg:199.16ms
step:4103/4150 train_time:817162ms step_avg:199.16ms
step:4104/4150 train_time:817393ms step_avg:199.17ms
step:4105/4150 train_time:817617ms step_avg:199.18ms
step:4106/4150 train_time:817849ms step_avg:199.18ms
step:4107/4150 train_time:818073ms step_avg:199.19ms
step:4108/4150 train_time:818301ms step_avg:199.20ms
step:4109/4150 train_time:818526ms step_avg:199.20ms
step:4110/4150 train_time:818756ms step_avg:199.21ms
step:4111/4150 train_time:818981ms step_avg:199.22ms
step:4112/4150 train_time:819213ms step_avg:199.23ms
step:4113/4150 train_time:819440ms step_avg:199.23ms
step:4114/4150 train_time:819671ms step_avg:199.24ms
step:4115/4150 train_time:819897ms step_avg:199.25ms
step:4116/4150 train_time:820128ms step_avg:199.25ms
step:4117/4150 train_time:820352ms step_avg:199.26ms
step:4118/4150 train_time:820581ms step_avg:199.27ms
step:4119/4150 train_time:820806ms step_avg:199.27ms
step:4120/4150 train_time:821035ms step_avg:199.28ms
step:4121/4150 train_time:821258ms step_avg:199.29ms
step:4122/4150 train_time:821493ms step_avg:199.29ms
step:4123/4150 train_time:821719ms step_avg:199.30ms
step:4124/4150 train_time:821949ms step_avg:199.31ms
step:4125/4150 train_time:822174ms step_avg:199.31ms
step:4126/4150 train_time:822404ms step_avg:199.32ms
step:4127/4150 train_time:822628ms step_avg:199.33ms
step:4128/4150 train_time:822860ms step_avg:199.34ms
step:4129/4150 train_time:823086ms step_avg:199.34ms
step:4130/4150 train_time:823314ms step_avg:199.35ms
step:4131/4150 train_time:823539ms step_avg:199.36ms
step:4132/4150 train_time:823770ms step_avg:199.36ms
Exception in thread Thread-27 (_load):
Exception in thread Thread-27 (_load):
Exception in thread Thread-27 (_load):
Exception in thread step:4133/4150 train_time:823994ms step_avg:199.37msException in thread Traceback (most recent call last):

  File "/usr/lib/python3.10/threading.py", line 1016, in _bootstrap_inner
Exception in thread Thread-27 (_load):
Exception in thread     self.run()Thread-27 (_load)
  File "/usr/lib/python3.10/threading.py", line 953, in run
Traceback (most recent call last):
  File "/usr/lib/python3.10/threading.py", line 1016, in _bootstrap_inner
    Traceback (most recent call last):
  File "/usr/lib/python3.10/threading.py", line 1016, in _bootstrap_inner
self._target(*self._args, **self._kwargs)
  File "/root/modded-nanogpt-private/train_gpt_medium.py", line 1648, in _load
Exception in thread Thread-27 (_load)Thread-27 (_load):
:
Traceback (most recent call last):
  File "/usr/lib/python3.10/threading.py", line 1016, in _bootstrap_inner
Thread-27 (_load):
    Traceback (most recent call last):
self.run()
  File "/usr/lib/python3.10/threading.py", line 1016, in _bootstrap_inner
  File "/usr/lib/python3.10/threading.py", line 953, in run
    self.run()
  File "/usr/lib/python3.10/threading.py", line 953, in run
    tokens = _load_data_shard(next(self.file_iter))
StopIteration
    self._target(*self._args, **self._kwargs)
  File "/root/modded-nanogpt-private/train_gpt_medium.py", line 1648, in _load
Traceback (most recent call last):
  File "/usr/lib/python3.10/threading.py", line 1016, in _bootstrap_inner
        self.run()
self._target(*self._args, **self._kwargs)  File "/usr/lib/python3.10/threading.py", line 953, in run

  File "/root/modded-nanogpt-private/train_gpt_medium.py", line 1648, in _load
    self.run()
  File "/usr/lib/python3.10/threading.py", line 953, in run
:
    self._target(*self._args, **self._kwargs)
Traceback (most recent call last):
      File "/root/modded-nanogpt-private/train_gpt_medium.py", line 1648, in _load
  File "/usr/lib/python3.10/threading.py", line 1016, in _bootstrap_inner
self._target(*self._args, **self._kwargs)
  File "/root/modded-nanogpt-private/train_gpt_medium.py", line 1648, in _load
    self.run()    tokens = _load_data_shard(next(self.file_iter))
    StopIteration

tokens = _load_data_shard(next(self.file_iter))
  File "/usr/lib/python3.10/threading.py", line 953, in run
StopIteration
    tokens = _load_data_shard(next(self.file_iter))
StopIteration
    tokens = _load_data_shard(next(self.file_iter))
StopIteration
    self._target(*self._args, **self._kwargs)Traceback (most recent call last):
  File "/usr/lib/python3.10/threading.py", line 1016, in _bootstrap_inner
    self.run()

  File "/usr/lib/python3.10/threading.py", line 953, in run
  File "/root/modded-nanogpt-private/train_gpt_medium.py", line 1648, in _load
    self._target(*self._args, **self._kwargs)    self.run()
  File "/usr/lib/python3.10/threading.py", line 953, in run

  File "/root/modded-nanogpt-private/train_gpt_medium.py", line 1648, in _load
    tokens = _load_data_shard(next(self.file_iter))
StopIteration
    self._target(*self._args, **self._kwargs)
  File "/root/modded-nanogpt-private/train_gpt_medium.py", line 1648, in _load
    tokens = _load_data_shard(next(self.file_iter))
StopIteration
    tokens = _load_data_shard(next(self.file_iter))
StopIteration
step:4134/4150 train_time:824224ms step_avg:199.38ms
step:4135/4150 train_time:824444ms step_avg:199.38ms
step:4136/4150 train_time:824674ms step_avg:199.39ms
step:4137/4150 train_time:824900ms step_avg:199.40ms
step:4138/4150 train_time:825131ms step_avg:199.40ms
step:4139/4150 train_time:825358ms step_avg:199.41ms
step:4140/4150 train_time:825589ms step_avg:199.42ms
step:4141/4150 train_time:825814ms step_avg:199.42ms
step:4142/4150 train_time:826042ms step_avg:199.43ms
step:4143/4150 train_time:826267ms step_avg:199.44ms
step:4144/4150 train_time:826496ms step_avg:199.44ms
step:4145/4150 train_time:826720ms step_avg:199.45ms
step:4146/4150 train_time:826949ms step_avg:199.46ms
step:4147/4150 train_time:827173ms step_avg:199.46ms
step:4148/4150 train_time:827405ms step_avg:199.47ms
step:4149/4150 train_time:827628ms step_avg:199.48ms
step:4150/4150 train_time:827859ms step_avg:199.48ms
step:4150/4150 val_loss:2.9143 train_time:828065ms step_avg:199.53ms
peak memory allocated: 60002 MiB reserved: 61022 MiB
