W0503 01:48:48.904000 49582 torch/distributed/run.py:852] 
W0503 01:48:48.904000 49582 torch/distributed/run.py:852] *****************************************
W0503 01:48:48.904000 49582 torch/distributed/run.py:852] Setting OMP_NUM_THREADS environment variable for each process to be 1 in default, to avoid your system being overloaded, please further tune the variable for optimal performance in your application as needed. 
W0503 01:48:48.904000 49582 torch/distributed/run.py:852] *****************************************
Fetching 4 files:   0%|          | 0/4 [00:00<?, ?it/s]Fetching 4 files: 100%|██████████| 4/4 [00:00<00:00, 91678.78it/s]
Warning: You are sending unauthenticated requests to the HF Hub. Please set a HF_TOKEN to enable higher rate limits and faster downloads.
Warning: You are sending unauthenticated requests to the HF Hub. Please set a HF_TOKEN to enable higher rate limits and faster downloads.
Fetching 4 files:   0%|          | 0/4 [00:00<?, ?it/s]Fetching 4 files: 100%|██████████| 4/4 [00:00<00:00, 93727.46it/s]
Fetching 4 files:   0%|          | 0/4 [00:00<?, ?it/s]Fetching 4 files: 100%|██████████| 4/4 [00:00<00:00, 91678.78it/s]
Fetching 4 files:   0%|          | 0/4 [00:00<?, ?it/s]Fetching 4 files: 100%|██████████| 4/4 [00:00<00:00, 92182.51it/s]
Fetching 4 files:   0%|          | 0/4 [00:00<?, ?it/s]Fetching 4 files: 100%|██████████| 4/4 [00:00<00:00, 83055.52it/s]
Fetching 4 files:   0%|          | 0/4 [00:00<?, ?it/s]Fetching 4 files: 100%|██████████| 4/4 [00:00<00:00, 83055.52it/s]
Warning: You are sending unauthenticated requests to the HF Hub. Please set a HF_TOKEN to enable higher rate limits and faster downloads.
Fetching 4 files:   0%|          | 0/4 [00:00<?, ?it/s]Fetching 4 files: 100%|██████████| 4/4 [00:00<00:00, 43919.41it/s]
Fetching 4 files:   0%|          | 0/4 [00:00<?, ?it/s]Fetching 4 files: 100%|██████████| 4/4 [00:00<00:00, 97541.95it/s]
[Gloo] Rank 3 is connected to 7 peer ranks. Expected number of connected peer ranks is : 7
[Gloo] Rank [Gloo] Rank [Gloo] Rank 104 is connected to  is connected to  is connected to 777 peer ranks.  peer ranks.  peer ranks. Expected number of connected peer ranks is : Expected number of connected peer ranks is : Expected number of connected peer ranks is : 777


[Gloo] Rank 2 is connected to 7 peer ranks. Expected number of connected peer ranks is : 7[Gloo] Rank 
[Gloo] Rank 6 is connected to 57 is connected to  peer ranks. 7Expected number of connected peer ranks is : [Gloo] Rank  peer ranks. 77Expected number of connected peer ranks is : 
 is connected to 77
 peer ranks. Expected number of connected peer ranks is : 7
logs/medium_runs/token_strided_conv_w8_e32_left_20260503_014841.txt
Compiling model and warming up kernels (~7 minutes on first execution)
Sampling steps [0, 1, 343, 344, 345, 687, 688, 689, 1031, 1032, 1033, 1374, 1375, 1376, 1718, 1719, 1720, 2062, 2063, 2064, 2406, 2407, 2408, 2749, 2750, 2751] for warmup
Resetting Model
step:0/4150 val_loss:10.8298 train_time:0ms step_avg:0.04ms
step:1/4150 train_time:75ms step_avg:74.86ms
step:2/4150 train_time:115ms step_avg:57.65ms
step:3/4150 train_time:176ms step_avg:58.79ms
step:4/4150 train_time:238ms step_avg:59.61ms
step:5/4150 train_time:302ms step_avg:60.31ms
step:6/4150 train_time:362ms step_avg:60.36ms
step:7/4150 train_time:426ms step_avg:60.79ms
step:8/4150 train_time:487ms step_avg:60.86ms
step:9/4150 train_time:551ms step_avg:61.25ms
step:10/4150 train_time:612ms step_avg:61.25ms
step:11/4150 train_time:677ms step_avg:61.52ms
step:12/4150 train_time:739ms step_avg:61.54ms
step:13/4150 train_time:802ms step_avg:61.72ms
step:14/4150 train_time:864ms step_avg:61.71ms
step:15/4150 train_time:928ms step_avg:61.87ms
step:16/4150 train_time:992ms step_avg:62.00ms
step:17/4150 train_time:1059ms step_avg:62.30ms
step:18/4150 train_time:1123ms step_avg:62.39ms
step:19/4150 train_time:1188ms step_avg:62.52ms
step:20/4150 train_time:1250ms step_avg:62.52ms
step:21/4150 train_time:1316ms step_avg:62.68ms
step:22/4150 train_time:1378ms step_avg:62.66ms
step:23/4150 train_time:1443ms step_avg:62.73ms
step:24/4150 train_time:1505ms step_avg:62.69ms
step:25/4150 train_time:1568ms step_avg:62.73ms
step:26/4150 train_time:1630ms step_avg:62.69ms
step:27/4150 train_time:1694ms step_avg:62.73ms
step:28/4150 train_time:1756ms step_avg:62.70ms
step:29/4150 train_time:1820ms step_avg:62.77ms
step:30/4150 train_time:1884ms step_avg:62.80ms
step:31/4150 train_time:1949ms step_avg:62.86ms
step:32/4150 train_time:2012ms step_avg:62.86ms
step:33/4150 train_time:2077ms step_avg:62.95ms
step:34/4150 train_time:2141ms step_avg:62.97ms
step:35/4150 train_time:2206ms step_avg:63.03ms
step:36/4150 train_time:2268ms step_avg:63.01ms
step:37/4150 train_time:2334ms step_avg:63.07ms
step:38/4150 train_time:2397ms step_avg:63.07ms
step:39/4150 train_time:2461ms step_avg:63.10ms
step:40/4150 train_time:2524ms step_avg:63.09ms
step:41/4150 train_time:2589ms step_avg:63.14ms
step:42/4150 train_time:2650ms step_avg:63.11ms
step:43/4150 train_time:2715ms step_avg:63.14ms
step:44/4150 train_time:2776ms step_avg:63.10ms
step:45/4150 train_time:2840ms step_avg:63.12ms
step:46/4150 train_time:2903ms step_avg:63.11ms
step:47/4150 train_time:2968ms step_avg:63.15ms
step:48/4150 train_time:3031ms step_avg:63.14ms
step:49/4150 train_time:3096ms step_avg:63.19ms
step:50/4150 train_time:3160ms step_avg:63.20ms
step:51/4150 train_time:3226ms step_avg:63.26ms
step:52/4150 train_time:3288ms step_avg:63.24ms
step:53/4150 train_time:3354ms step_avg:63.29ms
step:54/4150 train_time:3417ms step_avg:63.27ms
step:55/4150 train_time:3483ms step_avg:63.34ms
step:56/4150 train_time:3547ms step_avg:63.34ms
step:57/4150 train_time:3612ms step_avg:63.37ms
step:58/4150 train_time:3674ms step_avg:63.34ms
step:59/4150 train_time:3738ms step_avg:63.36ms
step:60/4150 train_time:3800ms step_avg:63.34ms
step:61/4150 train_time:3866ms step_avg:63.37ms
step:62/4150 train_time:3928ms step_avg:63.35ms
step:63/4150 train_time:3993ms step_avg:63.37ms
step:64/4150 train_time:4055ms step_avg:63.35ms
step:65/4150 train_time:4120ms step_avg:63.39ms
step:66/4150 train_time:4183ms step_avg:63.38ms
step:67/4150 train_time:4249ms step_avg:63.42ms
step:68/4150 train_time:4312ms step_avg:63.41ms
step:69/4150 train_time:4376ms step_avg:63.43ms
step:70/4150 train_time:4439ms step_avg:63.42ms
step:71/4150 train_time:4505ms step_avg:63.46ms
step:72/4150 train_time:4567ms step_avg:63.44ms
step:73/4150 train_time:4632ms step_avg:63.45ms
step:74/4150 train_time:4694ms step_avg:63.43ms
step:75/4150 train_time:4759ms step_avg:63.45ms
step:76/4150 train_time:4822ms step_avg:63.44ms
step:77/4150 train_time:4887ms step_avg:63.47ms
step:78/4150 train_time:4949ms step_avg:63.45ms
step:79/4150 train_time:5014ms step_avg:63.47ms
step:80/4150 train_time:5076ms step_avg:63.45ms
step:81/4150 train_time:5141ms step_avg:63.47ms
step:82/4150 train_time:5204ms step_avg:63.46ms
step:83/4150 train_time:5269ms step_avg:63.48ms
step:84/4150 train_time:5332ms step_avg:63.48ms
step:85/4150 train_time:5397ms step_avg:63.49ms
step:86/4150 train_time:5460ms step_avg:63.49ms
step:87/4150 train_time:5524ms step_avg:63.50ms
step:88/4150 train_time:5587ms step_avg:63.49ms
step:89/4150 train_time:5652ms step_avg:63.51ms
step:90/4150 train_time:5714ms step_avg:63.49ms
step:91/4150 train_time:5778ms step_avg:63.49ms
step:92/4150 train_time:5840ms step_avg:63.48ms
step:93/4150 train_time:5905ms step_avg:63.49ms
step:94/4150 train_time:5967ms step_avg:63.47ms
step:95/4150 train_time:6032ms step_avg:63.49ms
step:96/4150 train_time:6094ms step_avg:63.48ms
step:97/4150 train_time:6159ms step_avg:63.50ms
step:98/4150 train_time:6221ms step_avg:63.48ms
step:99/4150 train_time:6286ms step_avg:63.50ms
step:100/4150 train_time:6349ms step_avg:63.49ms
step:101/4150 train_time:6414ms step_avg:63.50ms
step:102/4150 train_time:6476ms step_avg:63.49ms
step:103/4150 train_time:6541ms step_avg:63.51ms
step:104/4150 train_time:6604ms step_avg:63.50ms
step:105/4150 train_time:6668ms step_avg:63.50ms
step:106/4150 train_time:6730ms step_avg:63.49ms
step:107/4150 train_time:6796ms step_avg:63.52ms
step:108/4150 train_time:6857ms step_avg:63.49ms
step:109/4150 train_time:6922ms step_avg:63.51ms
step:110/4150 train_time:6984ms step_avg:63.49ms
step:111/4150 train_time:7050ms step_avg:63.51ms
step:112/4150 train_time:7111ms step_avg:63.49ms
step:113/4150 train_time:7177ms step_avg:63.51ms
step:114/4150 train_time:7239ms step_avg:63.50ms
step:115/4150 train_time:7303ms step_avg:63.51ms
step:116/4150 train_time:7366ms step_avg:63.50ms
step:117/4150 train_time:7431ms step_avg:63.51ms
step:118/4150 train_time:7494ms step_avg:63.51ms
step:119/4150 train_time:7560ms step_avg:63.53ms
step:120/4150 train_time:7623ms step_avg:63.53ms
step:121/4150 train_time:7688ms step_avg:63.54ms
step:122/4150 train_time:7750ms step_avg:63.52ms
step:123/4150 train_time:7815ms step_avg:63.53ms
step:124/4150 train_time:7876ms step_avg:63.52ms
step:125/4150 train_time:7941ms step_avg:63.53ms
step:126/4150 train_time:8004ms step_avg:63.52ms
step:127/4150 train_time:8069ms step_avg:63.54ms
step:128/4150 train_time:8132ms step_avg:63.53ms
step:129/4150 train_time:8197ms step_avg:63.54ms
step:130/4150 train_time:8259ms step_avg:63.53ms
step:131/4150 train_time:8325ms step_avg:63.55ms
step:132/4150 train_time:8388ms step_avg:63.54ms
step:133/4150 train_time:8453ms step_avg:63.55ms
step:134/4150 train_time:8515ms step_avg:63.54ms
step:135/4150 train_time:8579ms step_avg:63.55ms
step:136/4150 train_time:8641ms step_avg:63.54ms
step:137/4150 train_time:8706ms step_avg:63.55ms
step:138/4150 train_time:8768ms step_avg:63.54ms
step:139/4150 train_time:8832ms step_avg:63.54ms
step:140/4150 train_time:8894ms step_avg:63.53ms
step:141/4150 train_time:8959ms step_avg:63.54ms
step:142/4150 train_time:9022ms step_avg:63.53ms
step:143/4150 train_time:9086ms step_avg:63.54ms
step:144/4150 train_time:9149ms step_avg:63.53ms
step:145/4150 train_time:9214ms step_avg:63.54ms
step:146/4150 train_time:9277ms step_avg:63.54ms
step:147/4150 train_time:9342ms step_avg:63.55ms
step:148/4150 train_time:9404ms step_avg:63.54ms
step:149/4150 train_time:9468ms step_avg:63.54ms
step:150/4150 train_time:9530ms step_avg:63.53ms
step:151/4150 train_time:9594ms step_avg:63.53ms
step:152/4150 train_time:9655ms step_avg:63.52ms
step:153/4150 train_time:9721ms step_avg:63.53ms
step:154/4150 train_time:9782ms step_avg:63.52ms
step:155/4150 train_time:9847ms step_avg:63.53ms
step:156/4150 train_time:9910ms step_avg:63.52ms
step:157/4150 train_time:9974ms step_avg:63.53ms
step:158/4150 train_time:10037ms step_avg:63.52ms
step:159/4150 train_time:10101ms step_avg:63.53ms
step:160/4150 train_time:10164ms step_avg:63.52ms
step:161/4150 train_time:10228ms step_avg:63.53ms
step:162/4150 train_time:10292ms step_avg:63.53ms
step:163/4150 train_time:10357ms step_avg:63.54ms
step:164/4150 train_time:10419ms step_avg:63.53ms
step:165/4150 train_time:10484ms step_avg:63.54ms
step:166/4150 train_time:10546ms step_avg:63.53ms
step:167/4150 train_time:10611ms step_avg:63.54ms
step:168/4150 train_time:10673ms step_avg:63.53ms
step:169/4150 train_time:10737ms step_avg:63.53ms
step:170/4150 train_time:10800ms step_avg:63.53ms
step:171/4150 train_time:10865ms step_avg:63.54ms
step:172/4150 train_time:10926ms step_avg:63.52ms
step:173/4150 train_time:10990ms step_avg:63.53ms
step:174/4150 train_time:11052ms step_avg:63.52ms
step:175/4150 train_time:11118ms step_avg:63.53ms
step:176/4150 train_time:11180ms step_avg:63.52ms
step:177/4150 train_time:11245ms step_avg:63.53ms
step:178/4150 train_time:11307ms step_avg:63.52ms
step:179/4150 train_time:11372ms step_avg:63.53ms
step:180/4150 train_time:11435ms step_avg:63.53ms
step:181/4150 train_time:11500ms step_avg:63.53ms
step:182/4150 train_time:11561ms step_avg:63.52ms
step:183/4150 train_time:11626ms step_avg:63.53ms
step:184/4150 train_time:11688ms step_avg:63.52ms
step:185/4150 train_time:11752ms step_avg:63.53ms
step:186/4150 train_time:11814ms step_avg:63.52ms
step:187/4150 train_time:11879ms step_avg:63.52ms
step:188/4150 train_time:11941ms step_avg:63.52ms
step:189/4150 train_time:12006ms step_avg:63.52ms
step:190/4150 train_time:12067ms step_avg:63.51ms
step:191/4150 train_time:12132ms step_avg:63.52ms
step:192/4150 train_time:12195ms step_avg:63.52ms
step:193/4150 train_time:12260ms step_avg:63.52ms
step:194/4150 train_time:12323ms step_avg:63.52ms
step:195/4150 train_time:12387ms step_avg:63.52ms
step:196/4150 train_time:12450ms step_avg:63.52ms
step:197/4150 train_time:12514ms step_avg:63.52ms
step:198/4150 train_time:12576ms step_avg:63.51ms
step:199/4150 train_time:12639ms step_avg:63.52ms
step:200/4150 train_time:12702ms step_avg:63.51ms
step:201/4150 train_time:12768ms step_avg:63.52ms
step:202/4150 train_time:12829ms step_avg:63.51ms
step:203/4150 train_time:12893ms step_avg:63.51ms
step:204/4150 train_time:12955ms step_avg:63.51ms
step:205/4150 train_time:13020ms step_avg:63.51ms
step:206/4150 train_time:13082ms step_avg:63.51ms
step:207/4150 train_time:13148ms step_avg:63.52ms
step:208/4150 train_time:13210ms step_avg:63.51ms
step:209/4150 train_time:13274ms step_avg:63.51ms
step:210/4150 train_time:13336ms step_avg:63.51ms
step:211/4150 train_time:13401ms step_avg:63.51ms
step:212/4150 train_time:13463ms step_avg:63.50ms
step:213/4150 train_time:13528ms step_avg:63.51ms
step:214/4150 train_time:13590ms step_avg:63.50ms
step:215/4150 train_time:13655ms step_avg:63.51ms
step:216/4150 train_time:13717ms step_avg:63.50ms
step:217/4150 train_time:13781ms step_avg:63.51ms
step:218/4150 train_time:13843ms step_avg:63.50ms
step:219/4150 train_time:13908ms step_avg:63.51ms
step:220/4150 train_time:13970ms step_avg:63.50ms
step:221/4150 train_time:14034ms step_avg:63.50ms
step:222/4150 train_time:14096ms step_avg:63.50ms
step:223/4150 train_time:14162ms step_avg:63.51ms
step:224/4150 train_time:14224ms step_avg:63.50ms
step:225/4150 train_time:14288ms step_avg:63.50ms
step:226/4150 train_time:14351ms step_avg:63.50ms
step:227/4150 train_time:14416ms step_avg:63.51ms
step:228/4150 train_time:14478ms step_avg:63.50ms
step:229/4150 train_time:14542ms step_avg:63.50ms
step:230/4150 train_time:14604ms step_avg:63.50ms
step:231/4150 train_time:14668ms step_avg:63.50ms
step:232/4150 train_time:14730ms step_avg:63.49ms
step:233/4150 train_time:14795ms step_avg:63.50ms
step:234/4150 train_time:14857ms step_avg:63.49ms
step:235/4150 train_time:14922ms step_avg:63.50ms
step:236/4150 train_time:14984ms step_avg:63.49ms
step:237/4150 train_time:15048ms step_avg:63.50ms
step:238/4150 train_time:15111ms step_avg:63.49ms
step:239/4150 train_time:15175ms step_avg:63.49ms
step:240/4150 train_time:15237ms step_avg:63.49ms
step:241/4150 train_time:15302ms step_avg:63.49ms
step:242/4150 train_time:15364ms step_avg:63.49ms
step:243/4150 train_time:15428ms step_avg:63.49ms
step:244/4150 train_time:15491ms step_avg:63.49ms
step:245/4150 train_time:15556ms step_avg:63.49ms
step:246/4150 train_time:15617ms step_avg:63.48ms
step:247/4150 train_time:15682ms step_avg:63.49ms
step:248/4150 train_time:15744ms step_avg:63.48ms
step:249/4150 train_time:15809ms step_avg:63.49ms
step:250/4150 train_time:15870ms step_avg:63.48ms
step:250/4150 val_loss:4.4478 train_time:15930ms step_avg:63.72ms
step:251/4150 train_time:15952ms step_avg:63.56ms
step:252/4150 train_time:15999ms step_avg:63.49ms
step:253/4150 train_time:16061ms step_avg:63.48ms
step:254/4150 train_time:16122ms step_avg:63.47ms
step:255/4150 train_time:16186ms step_avg:63.48ms
step:256/4150 train_time:16250ms step_avg:63.48ms
step:257/4150 train_time:16317ms step_avg:63.49ms
step:258/4150 train_time:16379ms step_avg:63.49ms
step:259/4150 train_time:16444ms step_avg:63.49ms
step:260/4150 train_time:16507ms step_avg:63.49ms
step:261/4150 train_time:16571ms step_avg:63.49ms
step:262/4150 train_time:16632ms step_avg:63.48ms
step:263/4150 train_time:16695ms step_avg:63.48ms
step:264/4150 train_time:16756ms step_avg:63.47ms
step:265/4150 train_time:16821ms step_avg:63.47ms
step:266/4150 train_time:16885ms step_avg:63.48ms
step:267/4150 train_time:16951ms step_avg:63.49ms
step:268/4150 train_time:17013ms step_avg:63.48ms
step:269/4150 train_time:17077ms step_avg:63.48ms
step:270/4150 train_time:17139ms step_avg:63.48ms
step:271/4150 train_time:17203ms step_avg:63.48ms
step:272/4150 train_time:17266ms step_avg:63.48ms
step:273/4150 train_time:17330ms step_avg:63.48ms
step:274/4150 train_time:17392ms step_avg:63.48ms
step:275/4150 train_time:17458ms step_avg:63.48ms
step:276/4150 train_time:17522ms step_avg:63.48ms
step:277/4150 train_time:17585ms step_avg:63.48ms
step:278/4150 train_time:17646ms step_avg:63.48ms
step:279/4150 train_time:17711ms step_avg:63.48ms
step:280/4150 train_time:17771ms step_avg:63.47ms
step:281/4150 train_time:17838ms step_avg:63.48ms
step:282/4150 train_time:17900ms step_avg:63.47ms
step:283/4150 train_time:17964ms step_avg:63.48ms
step:284/4150 train_time:18026ms step_avg:63.47ms
step:285/4150 train_time:18091ms step_avg:63.48ms
step:286/4150 train_time:18153ms step_avg:63.47ms
step:287/4150 train_time:18219ms step_avg:63.48ms
step:288/4150 train_time:18281ms step_avg:63.48ms
step:289/4150 train_time:18346ms step_avg:63.48ms
step:290/4150 train_time:18407ms step_avg:63.47ms
step:291/4150 train_time:18473ms step_avg:63.48ms
step:292/4150 train_time:18535ms step_avg:63.48ms
step:293/4150 train_time:18600ms step_avg:63.48ms
step:294/4150 train_time:18662ms step_avg:63.48ms
step:295/4150 train_time:18726ms step_avg:63.48ms
step:296/4150 train_time:18788ms step_avg:63.47ms
step:297/4150 train_time:18853ms step_avg:63.48ms
step:298/4150 train_time:18914ms step_avg:63.47ms
step:299/4150 train_time:18979ms step_avg:63.47ms
step:300/4150 train_time:19040ms step_avg:63.47ms
step:301/4150 train_time:19106ms step_avg:63.47ms
step:302/4150 train_time:19167ms step_avg:63.47ms
step:303/4150 train_time:19232ms step_avg:63.47ms
step:304/4150 train_time:19295ms step_avg:63.47ms
step:305/4150 train_time:19359ms step_avg:63.47ms
step:306/4150 train_time:19422ms step_avg:63.47ms
step:307/4150 train_time:19486ms step_avg:63.47ms
step:308/4150 train_time:19548ms step_avg:63.47ms
step:309/4150 train_time:19613ms step_avg:63.47ms
step:310/4150 train_time:19675ms step_avg:63.47ms
step:311/4150 train_time:19740ms step_avg:63.47ms
step:312/4150 train_time:19803ms step_avg:63.47ms
step:313/4150 train_time:19868ms step_avg:63.48ms
step:314/4150 train_time:19930ms step_avg:63.47ms
step:315/4150 train_time:19995ms step_avg:63.48ms
step:316/4150 train_time:20057ms step_avg:63.47ms
step:317/4150 train_time:20122ms step_avg:63.48ms
step:318/4150 train_time:20183ms step_avg:63.47ms
step:319/4150 train_time:20249ms step_avg:63.48ms
step:320/4150 train_time:20311ms step_avg:63.47ms
step:321/4150 train_time:20376ms step_avg:63.48ms
step:322/4150 train_time:20439ms step_avg:63.48ms
step:323/4150 train_time:20505ms step_avg:63.48ms
step:324/4150 train_time:20566ms step_avg:63.48ms
step:325/4150 train_time:20631ms step_avg:63.48ms
step:326/4150 train_time:20692ms step_avg:63.47ms
step:327/4150 train_time:20757ms step_avg:63.48ms
step:328/4150 train_time:20820ms step_avg:63.47ms
step:329/4150 train_time:20884ms step_avg:63.48ms
step:330/4150 train_time:20945ms step_avg:63.47ms
step:331/4150 train_time:21009ms step_avg:63.47ms
step:332/4150 train_time:21071ms step_avg:63.47ms
step:333/4150 train_time:21136ms step_avg:63.47ms
step:334/4150 train_time:21197ms step_avg:63.46ms
step:335/4150 train_time:21261ms step_avg:63.47ms
step:336/4150 train_time:21323ms step_avg:63.46ms
step:337/4150 train_time:21387ms step_avg:63.46ms
step:338/4150 train_time:21449ms step_avg:63.46ms
step:339/4150 train_time:21515ms step_avg:63.46ms
step:340/4150 train_time:21576ms step_avg:63.46ms
step:341/4150 train_time:21641ms step_avg:63.46ms
step:342/4150 train_time:21703ms step_avg:63.46ms
step:343/4150 train_time:21768ms step_avg:63.46ms
step:344/4150 train_time:21829ms step_avg:63.46ms
step:345/4150 train_time:21899ms step_avg:63.48ms
step:346/4150 train_time:22013ms step_avg:63.62ms
step:347/4150 train_time:22129ms step_avg:63.77ms
step:348/4150 train_time:22244ms step_avg:63.92ms
step:349/4150 train_time:22360ms step_avg:64.07ms
step:350/4150 train_time:22476ms step_avg:64.22ms
step:351/4150 train_time:22592ms step_avg:64.37ms
step:352/4150 train_time:22710ms step_avg:64.52ms
step:353/4150 train_time:22825ms step_avg:64.66ms
step:354/4150 train_time:22939ms step_avg:64.80ms
step:355/4150 train_time:23055ms step_avg:64.94ms
step:356/4150 train_time:23171ms step_avg:65.09ms
step:357/4150 train_time:23285ms step_avg:65.23ms
step:358/4150 train_time:23401ms step_avg:65.37ms
step:359/4150 train_time:23517ms step_avg:65.51ms
step:360/4150 train_time:23632ms step_avg:65.64ms
step:361/4150 train_time:23749ms step_avg:65.79ms
step:362/4150 train_time:23863ms step_avg:65.92ms
step:363/4150 train_time:23978ms step_avg:66.05ms
step:364/4150 train_time:24094ms step_avg:66.19ms
step:365/4150 train_time:24209ms step_avg:66.33ms
step:366/4150 train_time:24325ms step_avg:66.46ms
step:367/4150 train_time:24441ms step_avg:66.60ms
step:368/4150 train_time:24556ms step_avg:66.73ms
step:369/4150 train_time:24672ms step_avg:66.86ms
step:370/4150 train_time:24787ms step_avg:66.99ms
step:371/4150 train_time:24902ms step_avg:67.12ms
step:372/4150 train_time:25017ms step_avg:67.25ms
step:373/4150 train_time:25132ms step_avg:67.38ms
step:374/4150 train_time:25248ms step_avg:67.51ms
step:375/4150 train_time:25365ms step_avg:67.64ms
step:376/4150 train_time:25479ms step_avg:67.76ms
step:377/4150 train_time:25594ms step_avg:67.89ms
step:378/4150 train_time:25710ms step_avg:68.02ms
step:379/4150 train_time:25826ms step_avg:68.14ms
step:380/4150 train_time:25940ms step_avg:68.26ms
step:381/4150 train_time:26057ms step_avg:68.39ms
step:382/4150 train_time:26171ms step_avg:68.51ms
step:383/4150 train_time:26287ms step_avg:68.63ms
step:384/4150 train_time:26403ms step_avg:68.76ms
step:385/4150 train_time:26520ms step_avg:68.88ms
step:386/4150 train_time:26633ms step_avg:69.00ms
step:387/4150 train_time:26749ms step_avg:69.12ms
step:388/4150 train_time:26864ms step_avg:69.24ms
step:389/4150 train_time:26979ms step_avg:69.35ms
step:390/4150 train_time:27095ms step_avg:69.47ms
step:391/4150 train_time:27211ms step_avg:69.59ms
step:392/4150 train_time:27327ms step_avg:69.71ms
step:393/4150 train_time:27443ms step_avg:69.83ms
step:394/4150 train_time:27558ms step_avg:69.94ms
step:395/4150 train_time:27674ms step_avg:70.06ms
step:396/4150 train_time:27789ms step_avg:70.17ms
step:397/4150 train_time:27906ms step_avg:70.29ms
step:398/4150 train_time:28020ms step_avg:70.40ms
step:399/4150 train_time:28137ms step_avg:70.52ms
step:400/4150 train_time:28252ms step_avg:70.63ms
step:401/4150 train_time:28369ms step_avg:70.75ms
step:402/4150 train_time:28485ms step_avg:70.86ms
step:403/4150 train_time:28601ms step_avg:70.97ms
step:404/4150 train_time:28715ms step_avg:71.08ms
step:405/4150 train_time:28831ms step_avg:71.19ms
step:406/4150 train_time:28946ms step_avg:71.30ms
step:407/4150 train_time:29062ms step_avg:71.41ms
step:408/4150 train_time:29177ms step_avg:71.51ms
step:409/4150 train_time:29293ms step_avg:71.62ms
step:410/4150 train_time:29409ms step_avg:71.73ms
step:411/4150 train_time:29525ms step_avg:71.84ms
step:412/4150 train_time:29640ms step_avg:71.94ms
step:413/4150 train_time:29755ms step_avg:72.05ms
step:414/4150 train_time:29871ms step_avg:72.15ms
step:415/4150 train_time:29986ms step_avg:72.26ms
step:416/4150 train_time:30101ms step_avg:72.36ms
step:417/4150 train_time:30217ms step_avg:72.46ms
step:418/4150 train_time:30332ms step_avg:72.57ms
step:419/4150 train_time:30449ms step_avg:72.67ms
step:420/4150 train_time:30563ms step_avg:72.77ms
step:421/4150 train_time:30679ms step_avg:72.87ms
step:422/4150 train_time:30794ms step_avg:72.97ms
step:423/4150 train_time:30910ms step_avg:73.07ms
step:424/4150 train_time:31026ms step_avg:73.17ms
step:425/4150 train_time:31142ms step_avg:73.28ms
step:426/4150 train_time:31258ms step_avg:73.38ms
step:427/4150 train_time:31374ms step_avg:73.48ms
step:428/4150 train_time:31488ms step_avg:73.57ms
step:429/4150 train_time:31604ms step_avg:73.67ms
step:430/4150 train_time:31719ms step_avg:73.76ms
step:431/4150 train_time:31834ms step_avg:73.86ms
step:432/4150 train_time:31950ms step_avg:73.96ms
step:433/4150 train_time:32066ms step_avg:74.05ms
step:434/4150 train_time:32182ms step_avg:74.15ms
step:435/4150 train_time:32299ms step_avg:74.25ms
step:436/4150 train_time:32414ms step_avg:74.35ms
step:437/4150 train_time:32529ms step_avg:74.44ms
step:438/4150 train_time:32644ms step_avg:74.53ms
step:439/4150 train_time:32760ms step_avg:74.62ms
step:440/4150 train_time:32874ms step_avg:74.71ms
step:441/4150 train_time:32990ms step_avg:74.81ms
step:442/4150 train_time:33105ms step_avg:74.90ms
step:443/4150 train_time:33223ms step_avg:75.00ms
step:444/4150 train_time:33337ms step_avg:75.08ms
step:445/4150 train_time:33453ms step_avg:75.17ms
step:446/4150 train_time:33568ms step_avg:75.27ms
step:447/4150 train_time:33683ms step_avg:75.35ms
step:448/4150 train_time:33798ms step_avg:75.44ms
step:449/4150 train_time:33913ms step_avg:75.53ms
step:450/4150 train_time:34028ms step_avg:75.62ms
step:451/4150 train_time:34144ms step_avg:75.71ms
step:452/4150 train_time:34260ms step_avg:75.80ms
step:453/4150 train_time:34376ms step_avg:75.88ms
step:454/4150 train_time:34490ms step_avg:75.97ms
step:455/4150 train_time:34607ms step_avg:76.06ms
step:456/4150 train_time:34721ms step_avg:76.14ms
step:457/4150 train_time:34836ms step_avg:76.23ms
step:458/4150 train_time:34952ms step_avg:76.32ms
step:459/4150 train_time:35068ms step_avg:76.40ms
step:460/4150 train_time:35184ms step_avg:76.49ms
step:461/4150 train_time:35300ms step_avg:76.57ms
step:462/4150 train_time:35415ms step_avg:76.66ms
step:463/4150 train_time:35531ms step_avg:76.74ms
step:464/4150 train_time:35645ms step_avg:76.82ms
step:465/4150 train_time:35761ms step_avg:76.91ms
step:466/4150 train_time:35876ms step_avg:76.99ms
step:467/4150 train_time:35993ms step_avg:77.07ms
step:468/4150 train_time:36108ms step_avg:77.15ms
step:469/4150 train_time:36225ms step_avg:77.24ms
step:470/4150 train_time:36340ms step_avg:77.32ms
step:471/4150 train_time:36455ms step_avg:77.40ms
step:472/4150 train_time:36572ms step_avg:77.48ms
step:473/4150 train_time:36688ms step_avg:77.56ms
step:474/4150 train_time:36803ms step_avg:77.64ms
step:475/4150 train_time:36919ms step_avg:77.72ms
step:476/4150 train_time:37035ms step_avg:77.80ms
step:477/4150 train_time:37150ms step_avg:77.88ms
step:478/4150 train_time:37266ms step_avg:77.96ms
step:479/4150 train_time:37383ms step_avg:78.04ms
step:480/4150 train_time:37498ms step_avg:78.12ms
step:481/4150 train_time:37614ms step_avg:78.20ms
step:482/4150 train_time:37729ms step_avg:78.28ms
step:483/4150 train_time:37844ms step_avg:78.35ms
step:484/4150 train_time:37959ms step_avg:78.43ms
step:485/4150 train_time:38074ms step_avg:78.50ms
step:486/4150 train_time:38190ms step_avg:78.58ms
step:487/4150 train_time:38305ms step_avg:78.66ms
step:488/4150 train_time:38421ms step_avg:78.73ms
step:489/4150 train_time:38537ms step_avg:78.81ms
step:490/4150 train_time:38652ms step_avg:78.88ms
step:491/4150 train_time:38768ms step_avg:78.96ms
step:492/4150 train_time:38883ms step_avg:79.03ms
step:493/4150 train_time:38999ms step_avg:79.11ms
step:494/4150 train_time:39115ms step_avg:79.18ms
step:495/4150 train_time:39230ms step_avg:79.25ms
step:496/4150 train_time:39346ms step_avg:79.33ms
step:497/4150 train_time:39462ms step_avg:79.40ms
step:498/4150 train_time:39577ms step_avg:79.47ms
step:499/4150 train_time:39692ms step_avg:79.54ms
step:500/4150 train_time:39809ms step_avg:79.62ms
step:500/4150 val_loss:3.9044 train_time:39915ms step_avg:79.83ms
step:501/4150 train_time:39937ms step_avg:79.71ms
step:502/4150 train_time:40039ms step_avg:79.76ms
step:503/4150 train_time:40155ms step_avg:79.83ms
step:504/4150 train_time:40277ms step_avg:79.92ms
step:505/4150 train_time:40393ms step_avg:79.99ms
step:506/4150 train_time:40509ms step_avg:80.06ms
step:507/4150 train_time:40622ms step_avg:80.12ms
step:508/4150 train_time:40735ms step_avg:80.19ms
step:509/4150 train_time:40854ms step_avg:80.26ms
step:510/4150 train_time:40971ms step_avg:80.34ms
step:511/4150 train_time:41087ms step_avg:80.41ms
step:512/4150 train_time:41203ms step_avg:80.47ms
step:513/4150 train_time:41320ms step_avg:80.55ms
step:514/4150 train_time:41437ms step_avg:80.62ms
step:515/4150 train_time:41552ms step_avg:80.68ms
step:516/4150 train_time:41665ms step_avg:80.75ms
step:517/4150 train_time:41780ms step_avg:80.81ms
step:518/4150 train_time:41897ms step_avg:80.88ms
step:519/4150 train_time:42012ms step_avg:80.95ms
step:520/4150 train_time:42128ms step_avg:81.01ms
step:521/4150 train_time:42245ms step_avg:81.08ms
step:522/4150 train_time:42361ms step_avg:81.15ms
step:523/4150 train_time:42478ms step_avg:81.22ms
step:524/4150 train_time:42592ms step_avg:81.28ms
step:525/4150 train_time:42707ms step_avg:81.35ms
step:526/4150 train_time:42822ms step_avg:81.41ms
step:527/4150 train_time:42938ms step_avg:81.48ms
step:528/4150 train_time:43055ms step_avg:81.54ms
step:529/4150 train_time:43170ms step_avg:81.61ms
step:530/4150 train_time:43286ms step_avg:81.67ms
step:531/4150 train_time:43402ms step_avg:81.74ms
step:532/4150 train_time:43517ms step_avg:81.80ms
step:533/4150 train_time:43632ms step_avg:81.86ms
step:534/4150 train_time:43748ms step_avg:81.93ms
step:535/4150 train_time:43862ms step_avg:81.99ms
step:536/4150 train_time:43978ms step_avg:82.05ms
step:537/4150 train_time:44093ms step_avg:82.11ms
step:538/4150 train_time:44208ms step_avg:82.17ms
step:539/4150 train_time:44325ms step_avg:82.23ms
step:540/4150 train_time:44441ms step_avg:82.30ms
step:541/4150 train_time:44557ms step_avg:82.36ms
step:542/4150 train_time:44672ms step_avg:82.42ms
step:543/4150 train_time:44788ms step_avg:82.48ms
step:544/4150 train_time:44904ms step_avg:82.54ms
step:545/4150 train_time:45019ms step_avg:82.60ms
step:546/4150 train_time:45135ms step_avg:82.66ms
step:547/4150 train_time:45252ms step_avg:82.73ms
step:548/4150 train_time:45367ms step_avg:82.79ms
step:549/4150 train_time:45483ms step_avg:82.85ms
step:550/4150 train_time:45597ms step_avg:82.90ms
step:551/4150 train_time:45713ms step_avg:82.96ms
step:552/4150 train_time:45828ms step_avg:83.02ms
step:553/4150 train_time:45944ms step_avg:83.08ms
step:554/4150 train_time:46063ms step_avg:83.15ms
step:555/4150 train_time:46179ms step_avg:83.20ms
step:556/4150 train_time:46294ms step_avg:83.26ms
step:557/4150 train_time:46410ms step_avg:83.32ms
step:558/4150 train_time:46525ms step_avg:83.38ms
step:559/4150 train_time:46642ms step_avg:83.44ms
step:560/4150 train_time:46757ms step_avg:83.49ms
step:561/4150 train_time:46874ms step_avg:83.55ms
step:562/4150 train_time:46990ms step_avg:83.61ms
step:563/4150 train_time:47105ms step_avg:83.67ms
step:564/4150 train_time:47220ms step_avg:83.72ms
step:565/4150 train_time:47336ms step_avg:83.78ms
step:566/4150 train_time:47451ms step_avg:83.84ms
step:567/4150 train_time:47567ms step_avg:83.89ms
step:568/4150 train_time:47683ms step_avg:83.95ms
step:569/4150 train_time:47799ms step_avg:84.00ms
step:570/4150 train_time:47915ms step_avg:84.06ms
step:571/4150 train_time:48031ms step_avg:84.12ms
step:572/4150 train_time:48147ms step_avg:84.17ms
step:573/4150 train_time:48263ms step_avg:84.23ms
step:574/4150 train_time:48378ms step_avg:84.28ms
step:575/4150 train_time:48495ms step_avg:84.34ms
step:576/4150 train_time:48612ms step_avg:84.40ms
step:577/4150 train_time:48728ms step_avg:84.45ms
step:578/4150 train_time:48843ms step_avg:84.50ms
step:579/4150 train_time:48960ms step_avg:84.56ms
step:580/4150 train_time:49076ms step_avg:84.61ms
step:581/4150 train_time:49191ms step_avg:84.67ms
step:582/4150 train_time:49307ms step_avg:84.72ms
step:583/4150 train_time:49424ms step_avg:84.77ms
step:584/4150 train_time:49540ms step_avg:84.83ms
step:585/4150 train_time:49657ms step_avg:84.88ms
step:586/4150 train_time:49772ms step_avg:84.94ms
step:587/4150 train_time:49889ms step_avg:84.99ms
step:588/4150 train_time:50006ms step_avg:85.04ms
step:589/4150 train_time:50122ms step_avg:85.10ms
step:590/4150 train_time:50238ms step_avg:85.15ms
step:591/4150 train_time:50354ms step_avg:85.20ms
step:592/4150 train_time:50468ms step_avg:85.25ms
step:593/4150 train_time:50585ms step_avg:85.30ms
step:594/4150 train_time:50700ms step_avg:85.35ms
step:595/4150 train_time:50816ms step_avg:85.41ms
step:596/4150 train_time:50933ms step_avg:85.46ms
step:597/4150 train_time:51049ms step_avg:85.51ms
step:598/4150 train_time:51164ms step_avg:85.56ms
step:599/4150 train_time:51280ms step_avg:85.61ms
step:600/4150 train_time:51395ms step_avg:85.66ms
step:601/4150 train_time:51510ms step_avg:85.71ms
step:602/4150 train_time:51625ms step_avg:85.76ms
step:603/4150 train_time:51741ms step_avg:85.81ms
step:604/4150 train_time:51856ms step_avg:85.85ms
step:605/4150 train_time:51972ms step_avg:85.90ms
step:606/4150 train_time:52088ms step_avg:85.95ms
step:607/4150 train_time:52205ms step_avg:86.00ms
step:608/4150 train_time:52320ms step_avg:86.05ms
step:609/4150 train_time:52437ms step_avg:86.10ms
step:610/4150 train_time:52552ms step_avg:86.15ms
step:611/4150 train_time:52668ms step_avg:86.20ms
step:612/4150 train_time:52784ms step_avg:86.25ms
step:613/4150 train_time:52899ms step_avg:86.30ms
step:614/4150 train_time:53014ms step_avg:86.34ms
step:615/4150 train_time:53131ms step_avg:86.39ms
step:616/4150 train_time:53245ms step_avg:86.44ms
step:617/4150 train_time:53362ms step_avg:86.49ms
step:618/4150 train_time:53479ms step_avg:86.54ms
step:619/4150 train_time:53594ms step_avg:86.58ms
step:620/4150 train_time:53710ms step_avg:86.63ms
step:621/4150 train_time:53826ms step_avg:86.68ms
step:622/4150 train_time:53942ms step_avg:86.72ms
step:623/4150 train_time:54057ms step_avg:86.77ms
step:624/4150 train_time:54174ms step_avg:86.82ms
step:625/4150 train_time:54290ms step_avg:86.86ms
step:626/4150 train_time:54405ms step_avg:86.91ms
step:627/4150 train_time:54521ms step_avg:86.96ms
step:628/4150 train_time:54638ms step_avg:87.00ms
step:629/4150 train_time:54754ms step_avg:87.05ms
step:630/4150 train_time:54869ms step_avg:87.09ms
step:631/4150 train_time:54986ms step_avg:87.14ms
step:632/4150 train_time:55101ms step_avg:87.18ms
step:633/4150 train_time:55217ms step_avg:87.23ms
step:634/4150 train_time:55333ms step_avg:87.28ms
step:635/4150 train_time:55450ms step_avg:87.32ms
step:636/4150 train_time:55566ms step_avg:87.37ms
step:637/4150 train_time:55682ms step_avg:87.41ms
step:638/4150 train_time:55797ms step_avg:87.46ms
step:639/4150 train_time:55913ms step_avg:87.50ms
step:640/4150 train_time:56028ms step_avg:87.54ms
step:641/4150 train_time:56144ms step_avg:87.59ms
step:642/4150 train_time:56259ms step_avg:87.63ms
step:643/4150 train_time:56376ms step_avg:87.68ms
step:644/4150 train_time:56492ms step_avg:87.72ms
step:645/4150 train_time:56610ms step_avg:87.77ms
step:646/4150 train_time:56724ms step_avg:87.81ms
step:647/4150 train_time:56841ms step_avg:87.85ms
step:648/4150 train_time:56957ms step_avg:87.90ms
step:649/4150 train_time:57073ms step_avg:87.94ms
step:650/4150 train_time:57188ms step_avg:87.98ms
step:651/4150 train_time:57303ms step_avg:88.02ms
step:652/4150 train_time:57419ms step_avg:88.07ms
step:653/4150 train_time:57536ms step_avg:88.11ms
step:654/4150 train_time:57651ms step_avg:88.15ms
step:655/4150 train_time:57767ms step_avg:88.19ms
step:656/4150 train_time:57883ms step_avg:88.24ms
step:657/4150 train_time:57999ms step_avg:88.28ms
step:658/4150 train_time:58115ms step_avg:88.32ms
step:659/4150 train_time:58232ms step_avg:88.36ms
step:660/4150 train_time:58347ms step_avg:88.40ms
step:661/4150 train_time:58462ms step_avg:88.44ms
step:662/4150 train_time:58577ms step_avg:88.48ms
step:663/4150 train_time:58693ms step_avg:88.53ms
step:664/4150 train_time:58810ms step_avg:88.57ms
step:665/4150 train_time:58926ms step_avg:88.61ms
step:666/4150 train_time:59041ms step_avg:88.65ms
step:667/4150 train_time:59157ms step_avg:88.69ms
step:668/4150 train_time:59272ms step_avg:88.73ms
step:669/4150 train_time:59389ms step_avg:88.77ms
step:670/4150 train_time:59505ms step_avg:88.81ms
step:671/4150 train_time:59622ms step_avg:88.86ms
step:672/4150 train_time:59738ms step_avg:88.90ms
step:673/4150 train_time:59855ms step_avg:88.94ms
step:674/4150 train_time:59971ms step_avg:88.98ms
step:675/4150 train_time:60087ms step_avg:89.02ms
step:676/4150 train_time:60203ms step_avg:89.06ms
step:677/4150 train_time:60319ms step_avg:89.10ms
step:678/4150 train_time:60434ms step_avg:89.13ms
step:679/4150 train_time:60549ms step_avg:89.17ms
step:680/4150 train_time:60664ms step_avg:89.21ms
step:681/4150 train_time:60782ms step_avg:89.25ms
step:682/4150 train_time:60898ms step_avg:89.29ms
step:683/4150 train_time:61015ms step_avg:89.33ms
step:684/4150 train_time:61131ms step_avg:89.37ms
step:685/4150 train_time:61247ms step_avg:89.41ms
step:686/4150 train_time:61362ms step_avg:89.45ms
step:687/4150 train_time:61478ms step_avg:89.49ms
step:688/4150 train_time:61594ms step_avg:89.53ms
step:689/4150 train_time:61715ms step_avg:89.57ms
step:690/4150 train_time:61888ms step_avg:89.69ms
step:691/4150 train_time:62059ms step_avg:89.81ms
step:692/4150 train_time:62232ms step_avg:89.93ms
step:693/4150 train_time:62401ms step_avg:90.04ms
step:694/4150 train_time:62573ms step_avg:90.16ms
step:695/4150 train_time:62743ms step_avg:90.28ms
step:696/4150 train_time:62916ms step_avg:90.40ms
step:697/4150 train_time:63087ms step_avg:90.51ms
step:698/4150 train_time:63262ms step_avg:90.63ms
step:699/4150 train_time:63431ms step_avg:90.75ms
step:700/4150 train_time:63603ms step_avg:90.86ms
step:701/4150 train_time:63774ms step_avg:90.98ms
step:702/4150 train_time:63946ms step_avg:91.09ms
step:703/4150 train_time:64118ms step_avg:91.21ms
step:704/4150 train_time:64290ms step_avg:91.32ms
step:705/4150 train_time:64461ms step_avg:91.43ms
step:706/4150 train_time:64633ms step_avg:91.55ms
step:707/4150 train_time:64802ms step_avg:91.66ms
step:708/4150 train_time:64976ms step_avg:91.77ms
step:709/4150 train_time:65146ms step_avg:91.88ms
step:710/4150 train_time:65319ms step_avg:92.00ms
step:711/4150 train_time:65490ms step_avg:92.11ms
step:712/4150 train_time:65663ms step_avg:92.22ms
step:713/4150 train_time:65830ms step_avg:92.33ms
step:714/4150 train_time:66002ms step_avg:92.44ms
step:715/4150 train_time:66175ms step_avg:92.55ms
step:716/4150 train_time:66347ms step_avg:92.66ms
step:717/4150 train_time:66517ms step_avg:92.77ms
step:718/4150 train_time:66688ms step_avg:92.88ms
step:719/4150 train_time:66859ms step_avg:92.99ms
step:720/4150 train_time:67035ms step_avg:93.10ms
step:721/4150 train_time:67207ms step_avg:93.21ms
step:722/4150 train_time:67380ms step_avg:93.32ms
step:723/4150 train_time:67550ms step_avg:93.43ms
step:724/4150 train_time:67725ms step_avg:93.54ms
step:725/4150 train_time:67894ms step_avg:93.65ms
step:726/4150 train_time:68067ms step_avg:93.76ms
step:727/4150 train_time:68239ms step_avg:93.86ms
step:728/4150 train_time:68412ms step_avg:93.97ms
step:729/4150 train_time:68581ms step_avg:94.08ms
step:730/4150 train_time:68753ms step_avg:94.18ms
step:731/4150 train_time:68923ms step_avg:94.29ms
step:732/4150 train_time:69097ms step_avg:94.39ms
step:733/4150 train_time:69268ms step_avg:94.50ms
step:734/4150 train_time:69440ms step_avg:94.60ms
step:735/4150 train_time:69610ms step_avg:94.71ms
step:736/4150 train_time:69781ms step_avg:94.81ms
step:737/4150 train_time:69952ms step_avg:94.91ms
step:738/4150 train_time:70124ms step_avg:95.02ms
step:739/4150 train_time:70295ms step_avg:95.12ms
step:740/4150 train_time:70466ms step_avg:95.22ms
step:741/4150 train_time:70636ms step_avg:95.33ms
step:742/4150 train_time:70808ms step_avg:95.43ms
step:743/4150 train_time:70979ms step_avg:95.53ms
step:744/4150 train_time:71152ms step_avg:95.64ms
step:745/4150 train_time:71324ms step_avg:95.74ms
step:746/4150 train_time:71495ms step_avg:95.84ms
step:747/4150 train_time:71666ms step_avg:95.94ms
step:748/4150 train_time:71838ms step_avg:96.04ms
step:749/4150 train_time:72009ms step_avg:96.14ms
step:750/4150 train_time:72182ms step_avg:96.24ms
step:750/4150 val_loss:3.5517 train_time:72338ms step_avg:96.45ms
step:751/4150 train_time:72365ms step_avg:96.36ms
step:752/4150 train_time:72524ms step_avg:96.44ms
step:753/4150 train_time:72700ms step_avg:96.55ms
step:754/4150 train_time:72874ms step_avg:96.65ms
step:755/4150 train_time:73040ms step_avg:96.74ms
step:756/4150 train_time:73210ms step_avg:96.84ms
step:757/4150 train_time:73387ms step_avg:96.94ms
step:758/4150 train_time:73560ms step_avg:97.04ms
step:759/4150 train_time:73731ms step_avg:97.14ms
step:760/4150 train_time:73905ms step_avg:97.24ms
step:761/4150 train_time:74071ms step_avg:97.33ms
step:762/4150 train_time:74242ms step_avg:97.43ms
step:763/4150 train_time:74417ms step_avg:97.53ms
step:764/4150 train_time:74591ms step_avg:97.63ms
step:765/4150 train_time:74761ms step_avg:97.73ms
step:766/4150 train_time:74933ms step_avg:97.82ms
step:767/4150 train_time:75099ms step_avg:97.91ms
step:768/4150 train_time:75272ms step_avg:98.01ms
step:769/4150 train_time:75443ms step_avg:98.11ms
step:770/4150 train_time:75615ms step_avg:98.20ms
step:771/4150 train_time:75786ms step_avg:98.30ms
step:772/4150 train_time:75957ms step_avg:98.39ms
step:773/4150 train_time:76128ms step_avg:98.48ms
step:774/4150 train_time:76300ms step_avg:98.58ms
step:775/4150 train_time:76474ms step_avg:98.68ms
step:776/4150 train_time:76647ms step_avg:98.77ms
step:777/4150 train_time:76817ms step_avg:98.86ms
step:778/4150 train_time:76987ms step_avg:98.96ms
step:779/4150 train_time:77157ms step_avg:99.05ms
step:780/4150 train_time:77330ms step_avg:99.14ms
step:781/4150 train_time:77502ms step_avg:99.23ms
step:782/4150 train_time:77676ms step_avg:99.33ms
step:783/4150 train_time:77845ms step_avg:99.42ms
step:784/4150 train_time:78017ms step_avg:99.51ms
step:785/4150 train_time:78186ms step_avg:99.60ms
step:786/4150 train_time:78358ms step_avg:99.69ms
step:787/4150 train_time:78531ms step_avg:99.79ms
step:788/4150 train_time:78704ms step_avg:99.88ms
step:789/4150 train_time:78873ms step_avg:99.97ms
step:790/4150 train_time:79045ms step_avg:100.06ms
step:791/4150 train_time:79217ms step_avg:100.15ms
step:792/4150 train_time:79390ms step_avg:100.24ms
step:793/4150 train_time:79562ms step_avg:100.33ms
step:794/4150 train_time:79734ms step_avg:100.42ms
step:795/4150 train_time:79905ms step_avg:100.51ms
step:796/4150 train_time:80075ms step_avg:100.60ms
step:797/4150 train_time:80247ms step_avg:100.69ms
step:798/4150 train_time:80419ms step_avg:100.78ms
step:799/4150 train_time:80591ms step_avg:100.86ms
step:800/4150 train_time:80763ms step_avg:100.95ms
step:801/4150 train_time:80934ms step_avg:101.04ms
step:802/4150 train_time:81106ms step_avg:101.13ms
step:803/4150 train_time:81276ms step_avg:101.22ms
step:804/4150 train_time:81447ms step_avg:101.30ms
step:805/4150 train_time:81619ms step_avg:101.39ms
step:806/4150 train_time:81791ms step_avg:101.48ms
step:807/4150 train_time:81961ms step_avg:101.56ms
step:808/4150 train_time:82134ms step_avg:101.65ms
step:809/4150 train_time:82304ms step_avg:101.74ms
step:810/4150 train_time:82477ms step_avg:101.82ms
step:811/4150 train_time:82648ms step_avg:101.91ms
step:812/4150 train_time:82822ms step_avg:102.00ms
step:813/4150 train_time:82994ms step_avg:102.08ms
step:814/4150 train_time:83166ms step_avg:102.17ms
step:815/4150 train_time:83336ms step_avg:102.25ms
step:816/4150 train_time:83508ms step_avg:102.34ms
step:817/4150 train_time:83678ms step_avg:102.42ms
step:818/4150 train_time:83850ms step_avg:102.51ms
step:819/4150 train_time:84021ms step_avg:102.59ms
step:820/4150 train_time:84194ms step_avg:102.68ms
step:821/4150 train_time:84366ms step_avg:102.76ms
step:822/4150 train_time:84538ms step_avg:102.84ms
step:823/4150 train_time:84709ms step_avg:102.93ms
step:824/4150 train_time:84880ms step_avg:103.01ms
step:825/4150 train_time:85052ms step_avg:103.09ms
step:826/4150 train_time:85225ms step_avg:103.18ms
step:827/4150 train_time:85396ms step_avg:103.26ms
step:828/4150 train_time:85569ms step_avg:103.34ms
step:829/4150 train_time:85740ms step_avg:103.43ms
step:830/4150 train_time:85912ms step_avg:103.51ms
step:831/4150 train_time:86082ms step_avg:103.59ms
step:832/4150 train_time:86256ms step_avg:103.67ms
step:833/4150 train_time:86427ms step_avg:103.75ms
step:834/4150 train_time:86598ms step_avg:103.83ms
step:835/4150 train_time:86769ms step_avg:103.91ms
step:836/4150 train_time:86941ms step_avg:104.00ms
step:837/4150 train_time:87114ms step_avg:104.08ms
step:838/4150 train_time:87286ms step_avg:104.16ms
step:839/4150 train_time:87456ms step_avg:104.24ms
step:840/4150 train_time:87628ms step_avg:104.32ms
step:841/4150 train_time:87799ms step_avg:104.40ms
step:842/4150 train_time:87971ms step_avg:104.48ms
step:843/4150 train_time:88142ms step_avg:104.56ms
step:844/4150 train_time:88316ms step_avg:104.64ms
step:845/4150 train_time:88486ms step_avg:104.72ms
step:846/4150 train_time:88658ms step_avg:104.80ms
step:847/4150 train_time:88829ms step_avg:104.87ms
step:848/4150 train_time:89003ms step_avg:104.96ms
step:849/4150 train_time:89173ms step_avg:105.03ms
step:850/4150 train_time:89346ms step_avg:105.11ms
step:851/4150 train_time:89520ms step_avg:105.19ms
step:852/4150 train_time:89690ms step_avg:105.27ms
step:853/4150 train_time:89861ms step_avg:105.35ms
step:854/4150 train_time:90036ms step_avg:105.43ms
step:855/4150 train_time:90206ms step_avg:105.50ms
step:856/4150 train_time:90377ms step_avg:105.58ms
step:857/4150 train_time:90551ms step_avg:105.66ms
step:858/4150 train_time:90724ms step_avg:105.74ms
step:859/4150 train_time:90895ms step_avg:105.81ms
step:860/4150 train_time:91068ms step_avg:105.89ms
step:861/4150 train_time:91238ms step_avg:105.97ms
step:862/4150 train_time:91412ms step_avg:106.05ms
step:863/4150 train_time:91582ms step_avg:106.12ms
step:864/4150 train_time:91754ms step_avg:106.20ms
step:865/4150 train_time:91926ms step_avg:106.27ms
step:866/4150 train_time:92097ms step_avg:106.35ms
step:867/4150 train_time:92267ms step_avg:106.42ms
step:868/4150 train_time:92439ms step_avg:106.50ms
step:869/4150 train_time:92612ms step_avg:106.57ms
step:870/4150 train_time:92783ms step_avg:106.65ms
step:871/4150 train_time:92955ms step_avg:106.72ms
step:872/4150 train_time:93128ms step_avg:106.80ms
step:873/4150 train_time:93297ms step_avg:106.87ms
step:874/4150 train_time:93471ms step_avg:106.95ms
step:875/4150 train_time:93641ms step_avg:107.02ms
step:876/4150 train_time:93813ms step_avg:107.09ms
step:877/4150 train_time:93984ms step_avg:107.17ms
step:878/4150 train_time:94155ms step_avg:107.24ms
step:879/4150 train_time:94327ms step_avg:107.31ms
step:880/4150 train_time:94500ms step_avg:107.39ms
step:881/4150 train_time:94671ms step_avg:107.46ms
step:882/4150 train_time:94843ms step_avg:107.53ms
step:883/4150 train_time:95016ms step_avg:107.61ms
step:884/4150 train_time:95188ms step_avg:107.68ms
step:885/4150 train_time:95360ms step_avg:107.75ms
step:886/4150 train_time:95532ms step_avg:107.82ms
step:887/4150 train_time:95704ms step_avg:107.90ms
step:888/4150 train_time:95875ms step_avg:107.97ms
step:889/4150 train_time:96048ms step_avg:108.04ms
step:890/4150 train_time:96220ms step_avg:108.11ms
step:891/4150 train_time:96391ms step_avg:108.18ms
step:892/4150 train_time:96563ms step_avg:108.25ms
step:893/4150 train_time:96735ms step_avg:108.33ms
step:894/4150 train_time:96906ms step_avg:108.40ms
step:895/4150 train_time:97078ms step_avg:108.47ms
step:896/4150 train_time:97250ms step_avg:108.54ms
step:897/4150 train_time:97422ms step_avg:108.61ms
step:898/4150 train_time:97594ms step_avg:108.68ms
step:899/4150 train_time:97764ms step_avg:108.75ms
step:900/4150 train_time:97936ms step_avg:108.82ms
step:901/4150 train_time:98109ms step_avg:108.89ms
step:902/4150 train_time:98280ms step_avg:108.96ms
step:903/4150 train_time:98453ms step_avg:109.03ms
step:904/4150 train_time:98625ms step_avg:109.10ms
step:905/4150 train_time:98798ms step_avg:109.17ms
step:906/4150 train_time:98971ms step_avg:109.24ms
step:907/4150 train_time:99141ms step_avg:109.31ms
step:908/4150 train_time:99314ms step_avg:109.38ms
step:909/4150 train_time:99484ms step_avg:109.44ms
step:910/4150 train_time:99655ms step_avg:109.51ms
step:911/4150 train_time:99827ms step_avg:109.58ms
step:912/4150 train_time:99999ms step_avg:109.65ms
step:913/4150 train_time:100170ms step_avg:109.72ms
step:914/4150 train_time:100341ms step_avg:109.78ms
step:915/4150 train_time:100514ms step_avg:109.85ms
step:916/4150 train_time:100686ms step_avg:109.92ms
step:917/4150 train_time:100856ms step_avg:109.98ms
step:918/4150 train_time:101029ms step_avg:110.05ms
step:919/4150 train_time:101201ms step_avg:110.12ms
step:920/4150 train_time:101372ms step_avg:110.19ms
step:921/4150 train_time:101544ms step_avg:110.25ms
step:922/4150 train_time:101716ms step_avg:110.32ms
step:923/4150 train_time:101885ms step_avg:110.39ms
step:924/4150 train_time:102058ms step_avg:110.45ms
step:925/4150 train_time:102231ms step_avg:110.52ms
step:926/4150 train_time:102404ms step_avg:110.59ms
step:927/4150 train_time:102574ms step_avg:110.65ms
step:928/4150 train_time:102747ms step_avg:110.72ms
step:929/4150 train_time:102918ms step_avg:110.78ms
step:930/4150 train_time:103092ms step_avg:110.85ms
step:931/4150 train_time:103262ms step_avg:110.92ms
step:932/4150 train_time:103435ms step_avg:110.98ms
step:933/4150 train_time:103605ms step_avg:111.04ms
step:934/4150 train_time:103776ms step_avg:111.11ms
step:935/4150 train_time:103947ms step_avg:111.17ms
step:936/4150 train_time:104120ms step_avg:111.24ms
step:937/4150 train_time:104291ms step_avg:111.30ms
step:938/4150 train_time:104463ms step_avg:111.37ms
step:939/4150 train_time:104636ms step_avg:111.43ms
step:940/4150 train_time:104809ms step_avg:111.50ms
step:941/4150 train_time:104979ms step_avg:111.56ms
step:942/4150 train_time:105151ms step_avg:111.63ms
step:943/4150 train_time:105322ms step_avg:111.69ms
step:944/4150 train_time:105493ms step_avg:111.75ms
step:945/4150 train_time:105663ms step_avg:111.81ms
step:946/4150 train_time:105836ms step_avg:111.88ms
step:947/4150 train_time:106007ms step_avg:111.94ms
step:948/4150 train_time:106180ms step_avg:112.00ms
step:949/4150 train_time:106351ms step_avg:112.07ms
step:950/4150 train_time:106523ms step_avg:112.13ms
step:951/4150 train_time:106695ms step_avg:112.19ms
step:952/4150 train_time:106867ms step_avg:112.26ms
step:953/4150 train_time:107039ms step_avg:112.32ms
step:954/4150 train_time:107212ms step_avg:112.38ms
step:955/4150 train_time:107385ms step_avg:112.45ms
step:956/4150 train_time:107556ms step_avg:112.51ms
step:957/4150 train_time:107726ms step_avg:112.57ms
step:958/4150 train_time:107898ms step_avg:112.63ms
step:959/4150 train_time:108068ms step_avg:112.69ms
step:960/4150 train_time:108241ms step_avg:112.75ms
step:961/4150 train_time:108414ms step_avg:112.81ms
step:962/4150 train_time:108586ms step_avg:112.88ms
step:963/4150 train_time:108759ms step_avg:112.94ms
step:964/4150 train_time:108930ms step_avg:113.00ms
step:965/4150 train_time:109100ms step_avg:113.06ms
step:966/4150 train_time:109273ms step_avg:113.12ms
step:967/4150 train_time:109444ms step_avg:113.18ms
step:968/4150 train_time:109617ms step_avg:113.24ms
step:969/4150 train_time:109789ms step_avg:113.30ms
step:970/4150 train_time:109961ms step_avg:113.36ms
step:971/4150 train_time:110131ms step_avg:113.42ms
step:972/4150 train_time:110305ms step_avg:113.48ms
step:973/4150 train_time:110479ms step_avg:113.54ms
step:974/4150 train_time:110651ms step_avg:113.60ms
step:975/4150 train_time:110821ms step_avg:113.66ms
step:976/4150 train_time:110995ms step_avg:113.72ms
step:977/4150 train_time:111164ms step_avg:113.78ms
step:978/4150 train_time:111336ms step_avg:113.84ms
step:979/4150 train_time:111508ms step_avg:113.90ms
step:980/4150 train_time:111679ms step_avg:113.96ms
step:981/4150 train_time:111851ms step_avg:114.02ms
step:982/4150 train_time:112023ms step_avg:114.08ms
step:983/4150 train_time:112194ms step_avg:114.13ms
step:984/4150 train_time:112369ms step_avg:114.20ms
step:985/4150 train_time:112540ms step_avg:114.25ms
step:986/4150 train_time:112714ms step_avg:114.31ms
step:987/4150 train_time:112884ms step_avg:114.37ms
step:988/4150 train_time:113055ms step_avg:114.43ms
step:989/4150 train_time:113227ms step_avg:114.49ms
step:990/4150 train_time:113402ms step_avg:114.55ms
step:991/4150 train_time:113574ms step_avg:114.61ms
step:992/4150 train_time:113747ms step_avg:114.66ms
step:993/4150 train_time:113917ms step_avg:114.72ms
step:994/4150 train_time:114088ms step_avg:114.78ms
step:995/4150 train_time:114258ms step_avg:114.83ms
step:996/4150 train_time:114431ms step_avg:114.89ms
step:997/4150 train_time:114602ms step_avg:114.95ms
step:998/4150 train_time:114774ms step_avg:115.00ms
step:999/4150 train_time:114945ms step_avg:115.06ms
step:1000/4150 train_time:115116ms step_avg:115.12ms
step:1000/4150 val_loss:3.4301 train_time:115274ms step_avg:115.27ms
step:1001/4150 train_time:115295ms step_avg:115.18ms
step:1002/4150 train_time:115460ms step_avg:115.23ms
step:1003/4150 train_time:115640ms step_avg:115.29ms
step:1004/4150 train_time:115815ms step_avg:115.35ms
step:1005/4150 train_time:115981ms step_avg:115.40ms
step:1006/4150 train_time:116150ms step_avg:115.46ms
step:1007/4150 train_time:116327ms step_avg:115.52ms
step:1008/4150 train_time:116500ms step_avg:115.58ms
step:1009/4150 train_time:116676ms step_avg:115.64ms
step:1010/4150 train_time:116849ms step_avg:115.69ms
step:1011/4150 train_time:117017ms step_avg:115.74ms
step:1012/4150 train_time:117193ms step_avg:115.80ms
step:1013/4150 train_time:117366ms step_avg:115.86ms
step:1014/4150 train_time:117541ms step_avg:115.92ms
step:1015/4150 train_time:117714ms step_avg:115.97ms
step:1016/4150 train_time:117885ms step_avg:116.03ms
step:1017/4150 train_time:118053ms step_avg:116.08ms
step:1018/4150 train_time:118225ms step_avg:116.13ms
step:1019/4150 train_time:118395ms step_avg:116.19ms
step:1020/4150 train_time:118571ms step_avg:116.25ms
step:1021/4150 train_time:118742ms step_avg:116.30ms
step:1022/4150 train_time:118912ms step_avg:116.35ms
step:1023/4150 train_time:119082ms step_avg:116.40ms
step:1024/4150 train_time:119255ms step_avg:116.46ms
step:1025/4150 train_time:119428ms step_avg:116.52ms
step:1026/4150 train_time:119602ms step_avg:116.57ms
step:1027/4150 train_time:119773ms step_avg:116.62ms
step:1028/4150 train_time:119944ms step_avg:116.68ms
step:1029/4150 train_time:120115ms step_avg:116.73ms
step:1030/4150 train_time:120287ms step_avg:116.78ms
step:1031/4150 train_time:120460ms step_avg:116.84ms
step:1032/4150 train_time:120633ms step_avg:116.89ms
step:1033/4150 train_time:120808ms step_avg:116.95ms
step:1034/4150 train_time:121034ms step_avg:117.05ms
step:1035/4150 train_time:121256ms step_avg:117.16ms
step:1036/4150 train_time:121486ms step_avg:117.26ms
step:1037/4150 train_time:121710ms step_avg:117.37ms
step:1038/4150 train_time:121934ms step_avg:117.47ms
step:1039/4150 train_time:122155ms step_avg:117.57ms
step:1040/4150 train_time:122386ms step_avg:117.68ms
step:1041/4150 train_time:122609ms step_avg:117.78ms
step:1042/4150 train_time:122835ms step_avg:117.88ms
step:1043/4150 train_time:123054ms step_avg:117.98ms
step:1044/4150 train_time:123284ms step_avg:118.09ms
step:1045/4150 train_time:123505ms step_avg:118.19ms
step:1046/4150 train_time:123731ms step_avg:118.29ms
step:1047/4150 train_time:123952ms step_avg:118.39ms
step:1048/4150 train_time:124181ms step_avg:118.49ms
step:1049/4150 train_time:124406ms step_avg:118.59ms
step:1050/4150 train_time:124633ms step_avg:118.70ms
step:1051/4150 train_time:124851ms step_avg:118.79ms
step:1052/4150 train_time:125076ms step_avg:118.89ms
step:1053/4150 train_time:125299ms step_avg:118.99ms
step:1054/4150 train_time:125528ms step_avg:119.10ms
step:1055/4150 train_time:125749ms step_avg:119.19ms
step:1056/4150 train_time:125976ms step_avg:119.30ms
step:1057/4150 train_time:126196ms step_avg:119.39ms
step:1058/4150 train_time:126425ms step_avg:119.49ms
step:1059/4150 train_time:126647ms step_avg:119.59ms
step:1060/4150 train_time:126874ms step_avg:119.69ms
step:1061/4150 train_time:127094ms step_avg:119.79ms
step:1062/4150 train_time:127322ms step_avg:119.89ms
step:1063/4150 train_time:127545ms step_avg:119.99ms
step:1064/4150 train_time:127773ms step_avg:120.09ms
step:1065/4150 train_time:127994ms step_avg:120.18ms
step:1066/4150 train_time:128222ms step_avg:120.28ms
step:1067/4150 train_time:128446ms step_avg:120.38ms
step:1068/4150 train_time:128674ms step_avg:120.48ms
step:1069/4150 train_time:128896ms step_avg:120.58ms
step:1070/4150 train_time:129122ms step_avg:120.68ms
step:1071/4150 train_time:129343ms step_avg:120.77ms
step:1072/4150 train_time:129572ms step_avg:120.87ms
step:1073/4150 train_time:129790ms step_avg:120.96ms
step:1074/4150 train_time:130019ms step_avg:121.06ms
step:1075/4150 train_time:130239ms step_avg:121.15ms
step:1076/4150 train_time:130469ms step_avg:121.25ms
step:1077/4150 train_time:130689ms step_avg:121.35ms
step:1078/4150 train_time:130914ms step_avg:121.44ms
step:1079/4150 train_time:131135ms step_avg:121.53ms
step:1080/4150 train_time:131367ms step_avg:121.64ms
step:1081/4150 train_time:131586ms step_avg:121.73ms
step:1082/4150 train_time:131814ms step_avg:121.82ms
step:1083/4150 train_time:132034ms step_avg:121.92ms
step:1084/4150 train_time:132264ms step_avg:122.01ms
step:1085/4150 train_time:132487ms step_avg:122.11ms
step:1086/4150 train_time:132711ms step_avg:122.20ms
step:1087/4150 train_time:132931ms step_avg:122.29ms
step:1088/4150 train_time:133157ms step_avg:122.39ms
step:1089/4150 train_time:133381ms step_avg:122.48ms
step:1090/4150 train_time:133607ms step_avg:122.58ms
step:1091/4150 train_time:133827ms step_avg:122.66ms
step:1092/4150 train_time:134053ms step_avg:122.76ms
step:1093/4150 train_time:134275ms step_avg:122.85ms
step:1094/4150 train_time:134505ms step_avg:122.95ms
step:1095/4150 train_time:134725ms step_avg:123.04ms
step:1096/4150 train_time:134951ms step_avg:123.13ms
step:1097/4150 train_time:135169ms step_avg:123.22ms
step:1098/4150 train_time:135394ms step_avg:123.31ms
step:1099/4150 train_time:135616ms step_avg:123.40ms
step:1100/4150 train_time:135843ms step_avg:123.49ms
step:1101/4150 train_time:136065ms step_avg:123.58ms
step:1102/4150 train_time:136289ms step_avg:123.67ms
step:1103/4150 train_time:136511ms step_avg:123.76ms
step:1104/4150 train_time:136739ms step_avg:123.86ms
step:1105/4150 train_time:136960ms step_avg:123.95ms
step:1106/4150 train_time:137185ms step_avg:124.04ms
step:1107/4150 train_time:137406ms step_avg:124.12ms
step:1108/4150 train_time:137636ms step_avg:124.22ms
step:1109/4150 train_time:137858ms step_avg:124.31ms
step:1110/4150 train_time:138084ms step_avg:124.40ms
step:1111/4150 train_time:138306ms step_avg:124.49ms
step:1112/4150 train_time:138531ms step_avg:124.58ms
step:1113/4150 train_time:138752ms step_avg:124.67ms
step:1114/4150 train_time:138981ms step_avg:124.76ms
step:1115/4150 train_time:139202ms step_avg:124.84ms
step:1116/4150 train_time:139428ms step_avg:124.94ms
step:1117/4150 train_time:139649ms step_avg:125.02ms
step:1118/4150 train_time:139875ms step_avg:125.11ms
step:1119/4150 train_time:140097ms step_avg:125.20ms
step:1120/4150 train_time:140323ms step_avg:125.29ms
step:1121/4150 train_time:140542ms step_avg:125.37ms
step:1122/4150 train_time:140770ms step_avg:125.46ms
step:1123/4150 train_time:140989ms step_avg:125.55ms
step:1124/4150 train_time:141215ms step_avg:125.64ms
step:1125/4150 train_time:141438ms step_avg:125.72ms
step:1126/4150 train_time:141666ms step_avg:125.81ms
step:1127/4150 train_time:141884ms step_avg:125.90ms
step:1128/4150 train_time:142111ms step_avg:125.98ms
step:1129/4150 train_time:142332ms step_avg:126.07ms
step:1130/4150 train_time:142561ms step_avg:126.16ms
step:1131/4150 train_time:142780ms step_avg:126.24ms
step:1132/4150 train_time:143007ms step_avg:126.33ms
step:1133/4150 train_time:143227ms step_avg:126.41ms
step:1134/4150 train_time:143452ms step_avg:126.50ms
step:1135/4150 train_time:143673ms step_avg:126.58ms
step:1136/4150 train_time:143903ms step_avg:126.68ms
step:1137/4150 train_time:144125ms step_avg:126.76ms
step:1138/4150 train_time:144350ms step_avg:126.85ms
step:1139/4150 train_time:144572ms step_avg:126.93ms
step:1140/4150 train_time:144798ms step_avg:127.02ms
step:1141/4150 train_time:145019ms step_avg:127.10ms
step:1142/4150 train_time:145247ms step_avg:127.19ms
step:1143/4150 train_time:145469ms step_avg:127.27ms
step:1144/4150 train_time:145694ms step_avg:127.35ms
step:1145/4150 train_time:145916ms step_avg:127.44ms
step:1146/4150 train_time:146143ms step_avg:127.52ms
step:1147/4150 train_time:146366ms step_avg:127.61ms
step:1148/4150 train_time:146589ms step_avg:127.69ms
step:1149/4150 train_time:146815ms step_avg:127.78ms
step:1150/4150 train_time:147041ms step_avg:127.86ms
step:1151/4150 train_time:147265ms step_avg:127.95ms
step:1152/4150 train_time:147489ms step_avg:128.03ms
step:1153/4150 train_time:147711ms step_avg:128.11ms
step:1154/4150 train_time:147940ms step_avg:128.20ms
step:1155/4150 train_time:148162ms step_avg:128.28ms
step:1156/4150 train_time:148386ms step_avg:128.36ms
step:1157/4150 train_time:148610ms step_avg:128.44ms
step:1158/4150 train_time:148833ms step_avg:128.53ms
step:1159/4150 train_time:149056ms step_avg:128.61ms
step:1160/4150 train_time:149286ms step_avg:128.69ms
step:1161/4150 train_time:149504ms step_avg:128.77ms
step:1162/4150 train_time:149730ms step_avg:128.86ms
step:1163/4150 train_time:149951ms step_avg:128.93ms
step:1164/4150 train_time:150176ms step_avg:129.02ms
step:1165/4150 train_time:150399ms step_avg:129.10ms
step:1166/4150 train_time:150628ms step_avg:129.18ms
step:1167/4150 train_time:150848ms step_avg:129.26ms
step:1168/4150 train_time:151075ms step_avg:129.35ms
step:1169/4150 train_time:151297ms step_avg:129.42ms
step:1170/4150 train_time:151527ms step_avg:129.51ms
step:1171/4150 train_time:151750ms step_avg:129.59ms
step:1172/4150 train_time:151975ms step_avg:129.67ms
step:1173/4150 train_time:152198ms step_avg:129.75ms
step:1174/4150 train_time:152425ms step_avg:129.83ms
step:1175/4150 train_time:152645ms step_avg:129.91ms
step:1176/4150 train_time:152871ms step_avg:129.99ms
step:1177/4150 train_time:153091ms step_avg:130.07ms
step:1178/4150 train_time:153320ms step_avg:130.15ms
step:1179/4150 train_time:153542ms step_avg:130.23ms
step:1180/4150 train_time:153768ms step_avg:130.31ms
step:1181/4150 train_time:153986ms step_avg:130.39ms
step:1182/4150 train_time:154214ms step_avg:130.47ms
step:1183/4150 train_time:154434ms step_avg:130.54ms
step:1184/4150 train_time:154664ms step_avg:130.63ms
step:1185/4150 train_time:154883ms step_avg:130.70ms
step:1186/4150 train_time:155109ms step_avg:130.78ms
step:1187/4150 train_time:155330ms step_avg:130.86ms
step:1188/4150 train_time:155557ms step_avg:130.94ms
step:1189/4150 train_time:155779ms step_avg:131.02ms
step:1190/4150 train_time:156006ms step_avg:131.10ms
step:1191/4150 train_time:156227ms step_avg:131.17ms
step:1192/4150 train_time:156455ms step_avg:131.25ms
step:1193/4150 train_time:156675ms step_avg:131.33ms
step:1194/4150 train_time:156904ms step_avg:131.41ms
step:1195/4150 train_time:157124ms step_avg:131.48ms
step:1196/4150 train_time:157351ms step_avg:131.56ms
step:1197/4150 train_time:157572ms step_avg:131.64ms
step:1198/4150 train_time:157798ms step_avg:131.72ms
step:1199/4150 train_time:158020ms step_avg:131.79ms
step:1200/4150 train_time:158247ms step_avg:131.87ms
step:1201/4150 train_time:158468ms step_avg:131.95ms
step:1202/4150 train_time:158694ms step_avg:132.03ms
step:1203/4150 train_time:158917ms step_avg:132.10ms
step:1204/4150 train_time:159144ms step_avg:132.18ms
step:1205/4150 train_time:159366ms step_avg:132.25ms
step:1206/4150 train_time:159591ms step_avg:132.33ms
step:1207/4150 train_time:159812ms step_avg:132.40ms
step:1208/4150 train_time:160040ms step_avg:132.48ms
step:1209/4150 train_time:160263ms step_avg:132.56ms
step:1210/4150 train_time:160489ms step_avg:132.64ms
step:1211/4150 train_time:160709ms step_avg:132.71ms
step:1212/4150 train_time:160938ms step_avg:132.79ms
step:1213/4150 train_time:161160ms step_avg:132.86ms
step:1214/4150 train_time:161387ms step_avg:132.94ms
step:1215/4150 train_time:161608ms step_avg:133.01ms
step:1216/4150 train_time:161832ms step_avg:133.09ms
step:1217/4150 train_time:162054ms step_avg:133.16ms
step:1218/4150 train_time:162284ms step_avg:133.24ms
step:1219/4150 train_time:162504ms step_avg:133.31ms
step:1220/4150 train_time:162730ms step_avg:133.39ms
step:1221/4150 train_time:162951ms step_avg:133.46ms
step:1222/4150 train_time:163179ms step_avg:133.53ms
step:1223/4150 train_time:163402ms step_avg:133.61ms
step:1224/4150 train_time:163627ms step_avg:133.68ms
step:1225/4150 train_time:163847ms step_avg:133.75ms
step:1226/4150 train_time:164073ms step_avg:133.83ms
step:1227/4150 train_time:164294ms step_avg:133.90ms
step:1228/4150 train_time:164523ms step_avg:133.98ms
step:1229/4150 train_time:164747ms step_avg:134.05ms
step:1230/4150 train_time:164975ms step_avg:134.13ms
step:1231/4150 train_time:165195ms step_avg:134.20ms
step:1232/4150 train_time:165425ms step_avg:134.27ms
step:1233/4150 train_time:165647ms step_avg:134.34ms
step:1234/4150 train_time:165874ms step_avg:134.42ms
step:1235/4150 train_time:166093ms step_avg:134.49ms
step:1236/4150 train_time:166324ms step_avg:134.57ms
step:1237/4150 train_time:166546ms step_avg:134.64ms
step:1238/4150 train_time:166771ms step_avg:134.71ms
step:1239/4150 train_time:166991ms step_avg:134.78ms
step:1240/4150 train_time:167219ms step_avg:134.85ms
step:1241/4150 train_time:167442ms step_avg:134.93ms
step:1242/4150 train_time:167670ms step_avg:135.00ms
step:1243/4150 train_time:167890ms step_avg:135.07ms
step:1244/4150 train_time:168115ms step_avg:135.14ms
step:1245/4150 train_time:168337ms step_avg:135.21ms
step:1246/4150 train_time:168566ms step_avg:135.29ms
step:1247/4150 train_time:168788ms step_avg:135.36ms
step:1248/4150 train_time:169012ms step_avg:135.43ms
step:1249/4150 train_time:169232ms step_avg:135.49ms
step:1250/4150 train_time:169461ms step_avg:135.57ms
step:1250/4150 val_loss:3.3513 train_time:169665ms step_avg:135.73ms
step:1251/4150 train_time:169689ms step_avg:135.64ms
step:1252/4150 train_time:169912ms step_avg:135.71ms
step:1253/4150 train_time:170138ms step_avg:135.78ms
step:1254/4150 train_time:170362ms step_avg:135.85ms
step:1255/4150 train_time:170580ms step_avg:135.92ms
step:1256/4150 train_time:170814ms step_avg:136.00ms
step:1257/4150 train_time:171040ms step_avg:136.07ms
step:1258/4150 train_time:171267ms step_avg:136.14ms
step:1259/4150 train_time:171483ms step_avg:136.21ms
step:1260/4150 train_time:171714ms step_avg:136.28ms
step:1261/4150 train_time:171937ms step_avg:136.35ms
step:1262/4150 train_time:172165ms step_avg:136.42ms
step:1263/4150 train_time:172383ms step_avg:136.49ms
step:1264/4150 train_time:172612ms step_avg:136.56ms
step:1265/4150 train_time:172835ms step_avg:136.63ms
step:1266/4150 train_time:173061ms step_avg:136.70ms
step:1267/4150 train_time:173280ms step_avg:136.76ms
step:1268/4150 train_time:173507ms step_avg:136.84ms
step:1269/4150 train_time:173731ms step_avg:136.90ms
step:1270/4150 train_time:173959ms step_avg:136.98ms
step:1271/4150 train_time:174180ms step_avg:137.04ms
step:1272/4150 train_time:174406ms step_avg:137.11ms
step:1273/4150 train_time:174626ms step_avg:137.18ms
step:1274/4150 train_time:174854ms step_avg:137.25ms
step:1275/4150 train_time:175075ms step_avg:137.31ms
step:1276/4150 train_time:175300ms step_avg:137.38ms
step:1277/4150 train_time:175522ms step_avg:137.45ms
step:1278/4150 train_time:175750ms step_avg:137.52ms
step:1279/4150 train_time:175975ms step_avg:137.59ms
step:1280/4150 train_time:176200ms step_avg:137.66ms
step:1281/4150 train_time:176424ms step_avg:137.72ms
step:1282/4150 train_time:176652ms step_avg:137.79ms
step:1283/4150 train_time:176877ms step_avg:137.86ms
step:1284/4150 train_time:177103ms step_avg:137.93ms
step:1285/4150 train_time:177324ms step_avg:138.00ms
step:1286/4150 train_time:177551ms step_avg:138.06ms
step:1287/4150 train_time:177772ms step_avg:138.13ms
step:1288/4150 train_time:177999ms step_avg:138.20ms
step:1289/4150 train_time:178221ms step_avg:138.26ms
step:1290/4150 train_time:178444ms step_avg:138.33ms
step:1291/4150 train_time:178667ms step_avg:138.39ms
step:1292/4150 train_time:178895ms step_avg:138.46ms
step:1293/4150 train_time:179119ms step_avg:138.53ms
step:1294/4150 train_time:179345ms step_avg:138.60ms
step:1295/4150 train_time:179564ms step_avg:138.66ms
step:1296/4150 train_time:179793ms step_avg:138.73ms
step:1297/4150 train_time:180017ms step_avg:138.79ms
step:1298/4150 train_time:180242ms step_avg:138.86ms
step:1299/4150 train_time:180464ms step_avg:138.92ms
step:1300/4150 train_time:180692ms step_avg:138.99ms
step:1301/4150 train_time:180917ms step_avg:139.06ms
step:1302/4150 train_time:181140ms step_avg:139.12ms
step:1303/4150 train_time:181362ms step_avg:139.19ms
step:1304/4150 train_time:181588ms step_avg:139.25ms
step:1305/4150 train_time:181811ms step_avg:139.32ms
step:1306/4150 train_time:182038ms step_avg:139.39ms
step:1307/4150 train_time:182260ms step_avg:139.45ms
step:1308/4150 train_time:182486ms step_avg:139.52ms
step:1309/4150 train_time:182709ms step_avg:139.58ms
step:1310/4150 train_time:182937ms step_avg:139.65ms
step:1311/4150 train_time:183161ms step_avg:139.71ms
step:1312/4150 train_time:183386ms step_avg:139.78ms
step:1313/4150 train_time:183607ms step_avg:139.84ms
step:1314/4150 train_time:183836ms step_avg:139.91ms
step:1315/4150 train_time:184059ms step_avg:139.97ms
step:1316/4150 train_time:184283ms step_avg:140.03ms
step:1317/4150 train_time:184504ms step_avg:140.09ms
step:1318/4150 train_time:184732ms step_avg:140.16ms
step:1319/4150 train_time:184955ms step_avg:140.22ms
step:1320/4150 train_time:185182ms step_avg:140.29ms
step:1321/4150 train_time:185400ms step_avg:140.35ms
step:1322/4150 train_time:185626ms step_avg:140.41ms
step:1323/4150 train_time:185849ms step_avg:140.48ms
step:1324/4150 train_time:186078ms step_avg:140.54ms
step:1325/4150 train_time:186299ms step_avg:140.60ms
step:1326/4150 train_time:186523ms step_avg:140.67ms
step:1327/4150 train_time:186743ms step_avg:140.73ms
step:1328/4150 train_time:186973ms step_avg:140.79ms
step:1329/4150 train_time:187195ms step_avg:140.85ms
step:1330/4150 train_time:187420ms step_avg:140.92ms
step:1331/4150 train_time:187639ms step_avg:140.98ms
step:1332/4150 train_time:187867ms step_avg:141.04ms
step:1333/4150 train_time:188090ms step_avg:141.10ms
step:1334/4150 train_time:188319ms step_avg:141.17ms
step:1335/4150 train_time:188539ms step_avg:141.23ms
step:1336/4150 train_time:188763ms step_avg:141.29ms
step:1337/4150 train_time:188986ms step_avg:141.35ms
step:1338/4150 train_time:189216ms step_avg:141.42ms
step:1339/4150 train_time:189436ms step_avg:141.48ms
step:1340/4150 train_time:189659ms step_avg:141.54ms
step:1341/4150 train_time:189882ms step_avg:141.60ms
step:1342/4150 train_time:190112ms step_avg:141.66ms
step:1343/4150 train_time:190333ms step_avg:141.72ms
step:1344/4150 train_time:190558ms step_avg:141.78ms
step:1345/4150 train_time:190781ms step_avg:141.84ms
step:1346/4150 train_time:191009ms step_avg:141.91ms
step:1347/4150 train_time:191231ms step_avg:141.97ms
step:1348/4150 train_time:191457ms step_avg:142.03ms
step:1349/4150 train_time:191677ms step_avg:142.09ms
step:1350/4150 train_time:191902ms step_avg:142.15ms
step:1351/4150 train_time:192123ms step_avg:142.21ms
step:1352/4150 train_time:192350ms step_avg:142.27ms
step:1353/4150 train_time:192571ms step_avg:142.33ms
step:1354/4150 train_time:192797ms step_avg:142.39ms
step:1355/4150 train_time:193019ms step_avg:142.45ms
step:1356/4150 train_time:193244ms step_avg:142.51ms
step:1357/4150 train_time:193465ms step_avg:142.57ms
step:1358/4150 train_time:193693ms step_avg:142.63ms
step:1359/4150 train_time:193915ms step_avg:142.69ms
step:1360/4150 train_time:194140ms step_avg:142.75ms
step:1361/4150 train_time:194362ms step_avg:142.81ms
step:1362/4150 train_time:194588ms step_avg:142.87ms
step:1363/4150 train_time:194810ms step_avg:142.93ms
step:1364/4150 train_time:195037ms step_avg:142.99ms
step:1365/4150 train_time:195258ms step_avg:143.05ms
step:1366/4150 train_time:195482ms step_avg:143.11ms
step:1367/4150 train_time:195704ms step_avg:143.16ms
step:1368/4150 train_time:195933ms step_avg:143.23ms
step:1369/4150 train_time:196155ms step_avg:143.28ms
step:1370/4150 train_time:196381ms step_avg:143.34ms
step:1371/4150 train_time:196603ms step_avg:143.40ms
step:1372/4150 train_time:196832ms step_avg:143.46ms
step:1373/4150 train_time:197054ms step_avg:143.52ms
step:1374/4150 train_time:197281ms step_avg:143.58ms
step:1375/4150 train_time:197504ms step_avg:143.64ms
step:1376/4150 train_time:197729ms step_avg:143.70ms
step:1377/4150 train_time:197951ms step_avg:143.76ms
step:1378/4150 train_time:198177ms step_avg:143.82ms
step:1379/4150 train_time:198400ms step_avg:143.87ms
step:1380/4150 train_time:198629ms step_avg:143.93ms
step:1381/4150 train_time:198850ms step_avg:143.99ms
step:1382/4150 train_time:199079ms step_avg:144.05ms
step:1383/4150 train_time:199300ms step_avg:144.11ms
step:1384/4150 train_time:199526ms step_avg:144.17ms
step:1385/4150 train_time:199746ms step_avg:144.22ms
step:1386/4150 train_time:199976ms step_avg:144.28ms
step:1387/4150 train_time:200199ms step_avg:144.34ms
step:1388/4150 train_time:200424ms step_avg:144.40ms
step:1389/4150 train_time:200646ms step_avg:144.45ms
step:1390/4150 train_time:200874ms step_avg:144.51ms
step:1391/4150 train_time:201098ms step_avg:144.57ms
step:1392/4150 train_time:201324ms step_avg:144.63ms
step:1393/4150 train_time:201546ms step_avg:144.68ms
step:1394/4150 train_time:201776ms step_avg:144.75ms
step:1395/4150 train_time:202000ms step_avg:144.80ms
step:1396/4150 train_time:202229ms step_avg:144.86ms
step:1397/4150 train_time:202452ms step_avg:144.92ms
step:1398/4150 train_time:202679ms step_avg:144.98ms
step:1399/4150 train_time:202901ms step_avg:145.03ms
step:1400/4150 train_time:203131ms step_avg:145.09ms
step:1401/4150 train_time:203354ms step_avg:145.15ms
step:1402/4150 train_time:203580ms step_avg:145.21ms
step:1403/4150 train_time:203800ms step_avg:145.26ms
step:1404/4150 train_time:204028ms step_avg:145.32ms
step:1405/4150 train_time:204250ms step_avg:145.37ms
step:1406/4150 train_time:204476ms step_avg:145.43ms
step:1407/4150 train_time:204698ms step_avg:145.49ms
step:1408/4150 train_time:204925ms step_avg:145.54ms
step:1409/4150 train_time:205145ms step_avg:145.60ms
step:1410/4150 train_time:205374ms step_avg:145.66ms
step:1411/4150 train_time:205597ms step_avg:145.71ms
step:1412/4150 train_time:205823ms step_avg:145.77ms
step:1413/4150 train_time:206044ms step_avg:145.82ms
step:1414/4150 train_time:206274ms step_avg:145.88ms
step:1415/4150 train_time:206498ms step_avg:145.94ms
step:1416/4150 train_time:206726ms step_avg:145.99ms
step:1417/4150 train_time:206946ms step_avg:146.05ms
step:1418/4150 train_time:207174ms step_avg:146.10ms
step:1419/4150 train_time:207397ms step_avg:146.16ms
step:1420/4150 train_time:207625ms step_avg:146.21ms
step:1421/4150 train_time:207845ms step_avg:146.27ms
step:1422/4150 train_time:208075ms step_avg:146.33ms
step:1423/4150 train_time:208298ms step_avg:146.38ms
step:1424/4150 train_time:208526ms step_avg:146.44ms
step:1425/4150 train_time:208746ms step_avg:146.49ms
step:1426/4150 train_time:208975ms step_avg:146.55ms
step:1427/4150 train_time:209199ms step_avg:146.60ms
step:1428/4150 train_time:209427ms step_avg:146.66ms
step:1429/4150 train_time:209648ms step_avg:146.71ms
step:1430/4150 train_time:209876ms step_avg:146.77ms
step:1431/4150 train_time:210101ms step_avg:146.82ms
step:1432/4150 train_time:210330ms step_avg:146.88ms
step:1433/4150 train_time:210550ms step_avg:146.93ms
step:1434/4150 train_time:210778ms step_avg:146.99ms
step:1435/4150 train_time:211000ms step_avg:147.04ms
step:1436/4150 train_time:211227ms step_avg:147.09ms
step:1437/4150 train_time:211449ms step_avg:147.15ms
step:1438/4150 train_time:211675ms step_avg:147.20ms
step:1439/4150 train_time:211898ms step_avg:147.25ms
step:1440/4150 train_time:212126ms step_avg:147.31ms
step:1441/4150 train_time:212346ms step_avg:147.36ms
step:1442/4150 train_time:212575ms step_avg:147.42ms
step:1443/4150 train_time:212797ms step_avg:147.47ms
step:1444/4150 train_time:213025ms step_avg:147.52ms
step:1445/4150 train_time:213246ms step_avg:147.58ms
step:1446/4150 train_time:213476ms step_avg:147.63ms
step:1447/4150 train_time:213699ms step_avg:147.68ms
step:1448/4150 train_time:213928ms step_avg:147.74ms
step:1449/4150 train_time:214148ms step_avg:147.79ms
step:1450/4150 train_time:214375ms step_avg:147.85ms
step:1451/4150 train_time:214598ms step_avg:147.90ms
step:1452/4150 train_time:214826ms step_avg:147.95ms
step:1453/4150 train_time:215045ms step_avg:148.00ms
step:1454/4150 train_time:215274ms step_avg:148.06ms
step:1455/4150 train_time:215499ms step_avg:148.11ms
step:1456/4150 train_time:215728ms step_avg:148.16ms
step:1457/4150 train_time:215948ms step_avg:148.21ms
step:1458/4150 train_time:216177ms step_avg:148.27ms
step:1459/4150 train_time:216402ms step_avg:148.32ms
step:1460/4150 train_time:216630ms step_avg:148.38ms
step:1461/4150 train_time:216852ms step_avg:148.43ms
step:1462/4150 train_time:217079ms step_avg:148.48ms
step:1463/4150 train_time:217301ms step_avg:148.53ms
step:1464/4150 train_time:217532ms step_avg:148.59ms
step:1465/4150 train_time:217758ms step_avg:148.64ms
step:1466/4150 train_time:217982ms step_avg:148.69ms
step:1467/4150 train_time:218202ms step_avg:148.74ms
step:1468/4150 train_time:218430ms step_avg:148.79ms
step:1469/4150 train_time:218655ms step_avg:148.85ms
step:1470/4150 train_time:218883ms step_avg:148.90ms
step:1471/4150 train_time:219104ms step_avg:148.95ms
step:1472/4150 train_time:219331ms step_avg:149.00ms
step:1473/4150 train_time:219553ms step_avg:149.05ms
step:1474/4150 train_time:219780ms step_avg:149.10ms
step:1475/4150 train_time:220002ms step_avg:149.15ms
step:1476/4150 train_time:220231ms step_avg:149.21ms
step:1477/4150 train_time:220454ms step_avg:149.26ms
step:1478/4150 train_time:220684ms step_avg:149.31ms
step:1479/4150 train_time:220904ms step_avg:149.36ms
step:1480/4150 train_time:221134ms step_avg:149.41ms
step:1481/4150 train_time:221359ms step_avg:149.47ms
step:1482/4150 train_time:221585ms step_avg:149.52ms
step:1483/4150 train_time:221810ms step_avg:149.57ms
step:1484/4150 train_time:222037ms step_avg:149.62ms
step:1485/4150 train_time:222258ms step_avg:149.67ms
step:1486/4150 train_time:222486ms step_avg:149.72ms
step:1487/4150 train_time:222707ms step_avg:149.77ms
step:1488/4150 train_time:222936ms step_avg:149.82ms
step:1489/4150 train_time:223159ms step_avg:149.87ms
step:1490/4150 train_time:223385ms step_avg:149.92ms
step:1491/4150 train_time:223604ms step_avg:149.97ms
step:1492/4150 train_time:223835ms step_avg:150.02ms
step:1493/4150 train_time:224059ms step_avg:150.07ms
step:1494/4150 train_time:224284ms step_avg:150.12ms
step:1495/4150 train_time:224508ms step_avg:150.17ms
step:1496/4150 train_time:224736ms step_avg:150.22ms
step:1497/4150 train_time:224960ms step_avg:150.27ms
step:1498/4150 train_time:225187ms step_avg:150.33ms
step:1499/4150 train_time:225409ms step_avg:150.37ms
step:1500/4150 train_time:225638ms step_avg:150.43ms
step:1500/4150 val_loss:3.2813 train_time:225843ms step_avg:150.56ms
step:1501/4150 train_time:225865ms step_avg:150.48ms
step:1502/4150 train_time:226093ms step_avg:150.53ms
step:1503/4150 train_time:226321ms step_avg:150.58ms
step:1504/4150 train_time:226545ms step_avg:150.63ms
step:1505/4150 train_time:226767ms step_avg:150.68ms
step:1506/4150 train_time:226996ms step_avg:150.73ms
step:1507/4150 train_time:227221ms step_avg:150.78ms
step:1508/4150 train_time:227448ms step_avg:150.83ms
step:1509/4150 train_time:227666ms step_avg:150.87ms
step:1510/4150 train_time:227897ms step_avg:150.93ms
step:1511/4150 train_time:228120ms step_avg:150.97ms
step:1512/4150 train_time:228350ms step_avg:151.03ms
step:1513/4150 train_time:228570ms step_avg:151.07ms
step:1514/4150 train_time:228795ms step_avg:151.12ms
step:1515/4150 train_time:229018ms step_avg:151.17ms
step:1516/4150 train_time:229247ms step_avg:151.22ms
step:1517/4150 train_time:229468ms step_avg:151.26ms
step:1518/4150 train_time:229694ms step_avg:151.31ms
step:1519/4150 train_time:229916ms step_avg:151.36ms
step:1520/4150 train_time:230142ms step_avg:151.41ms
step:1521/4150 train_time:230363ms step_avg:151.46ms
step:1522/4150 train_time:230593ms step_avg:151.51ms
step:1523/4150 train_time:230817ms step_avg:151.55ms
step:1524/4150 train_time:231041ms step_avg:151.60ms
step:1525/4150 train_time:231262ms step_avg:151.65ms
step:1526/4150 train_time:231491ms step_avg:151.70ms
step:1527/4150 train_time:231711ms step_avg:151.74ms
step:1528/4150 train_time:231942ms step_avg:151.79ms
step:1529/4150 train_time:232166ms step_avg:151.84ms
step:1530/4150 train_time:232393ms step_avg:151.89ms
step:1531/4150 train_time:232617ms step_avg:151.94ms
step:1532/4150 train_time:232843ms step_avg:151.99ms
step:1533/4150 train_time:233066ms step_avg:152.03ms
step:1534/4150 train_time:233293ms step_avg:152.08ms
step:1535/4150 train_time:233515ms step_avg:152.13ms
step:1536/4150 train_time:233741ms step_avg:152.18ms
step:1537/4150 train_time:233964ms step_avg:152.22ms
step:1538/4150 train_time:234190ms step_avg:152.27ms
step:1539/4150 train_time:234412ms step_avg:152.31ms
step:1540/4150 train_time:234641ms step_avg:152.36ms
step:1541/4150 train_time:234864ms step_avg:152.41ms
step:1542/4150 train_time:235092ms step_avg:152.46ms
step:1543/4150 train_time:235315ms step_avg:152.51ms
step:1544/4150 train_time:235541ms step_avg:152.55ms
step:1545/4150 train_time:235765ms step_avg:152.60ms
step:1546/4150 train_time:235993ms step_avg:152.65ms
step:1547/4150 train_time:236215ms step_avg:152.69ms
step:1548/4150 train_time:236440ms step_avg:152.74ms
step:1549/4150 train_time:236663ms step_avg:152.78ms
step:1550/4150 train_time:236890ms step_avg:152.83ms
step:1551/4150 train_time:237115ms step_avg:152.88ms
step:1552/4150 train_time:237344ms step_avg:152.93ms
step:1553/4150 train_time:237565ms step_avg:152.97ms
step:1554/4150 train_time:237793ms step_avg:153.02ms
step:1555/4150 train_time:238019ms step_avg:153.07ms
step:1556/4150 train_time:238247ms step_avg:153.12ms
step:1557/4150 train_time:238469ms step_avg:153.16ms
step:1558/4150 train_time:238697ms step_avg:153.21ms
step:1559/4150 train_time:238920ms step_avg:153.25ms
step:1560/4150 train_time:239149ms step_avg:153.30ms
step:1561/4150 train_time:239371ms step_avg:153.34ms
step:1562/4150 train_time:239598ms step_avg:153.39ms
step:1563/4150 train_time:239821ms step_avg:153.44ms
step:1564/4150 train_time:240048ms step_avg:153.48ms
step:1565/4150 train_time:240272ms step_avg:153.53ms
step:1566/4150 train_time:240500ms step_avg:153.58ms
step:1567/4150 train_time:240723ms step_avg:153.62ms
step:1568/4150 train_time:240952ms step_avg:153.67ms
step:1569/4150 train_time:241173ms step_avg:153.71ms
step:1570/4150 train_time:241401ms step_avg:153.76ms
step:1571/4150 train_time:241620ms step_avg:153.80ms
step:1572/4150 train_time:241851ms step_avg:153.85ms
step:1573/4150 train_time:242072ms step_avg:153.89ms
step:1574/4150 train_time:242300ms step_avg:153.94ms
step:1575/4150 train_time:242523ms step_avg:153.98ms
step:1576/4150 train_time:242751ms step_avg:154.03ms
step:1577/4150 train_time:242972ms step_avg:154.07ms
step:1578/4150 train_time:243198ms step_avg:154.12ms
step:1579/4150 train_time:243419ms step_avg:154.16ms
step:1580/4150 train_time:243646ms step_avg:154.21ms
step:1581/4150 train_time:243868ms step_avg:154.25ms
step:1582/4150 train_time:244097ms step_avg:154.30ms
step:1583/4150 train_time:244320ms step_avg:154.34ms
step:1584/4150 train_time:244546ms step_avg:154.39ms
step:1585/4150 train_time:244767ms step_avg:154.43ms
step:1586/4150 train_time:244996ms step_avg:154.47ms
step:1587/4150 train_time:245220ms step_avg:154.52ms
step:1588/4150 train_time:245446ms step_avg:154.56ms
step:1589/4150 train_time:245668ms step_avg:154.61ms
step:1590/4150 train_time:245896ms step_avg:154.65ms
step:1591/4150 train_time:246122ms step_avg:154.70ms
step:1592/4150 train_time:246350ms step_avg:154.74ms
step:1593/4150 train_time:246572ms step_avg:154.78ms
step:1594/4150 train_time:246802ms step_avg:154.83ms
step:1595/4150 train_time:247024ms step_avg:154.87ms
step:1596/4150 train_time:247253ms step_avg:154.92ms
step:1597/4150 train_time:247474ms step_avg:154.96ms
step:1598/4150 train_time:247701ms step_avg:155.01ms
step:1599/4150 train_time:247923ms step_avg:155.05ms
step:1600/4150 train_time:248152ms step_avg:155.09ms
step:1601/4150 train_time:248378ms step_avg:155.14ms
step:1602/4150 train_time:248603ms step_avg:155.18ms
step:1603/4150 train_time:248824ms step_avg:155.22ms
step:1604/4150 train_time:249051ms step_avg:155.27ms
step:1605/4150 train_time:249273ms step_avg:155.31ms
step:1606/4150 train_time:249501ms step_avg:155.36ms
step:1607/4150 train_time:249722ms step_avg:155.40ms
step:1608/4150 train_time:249950ms step_avg:155.44ms
step:1609/4150 train_time:250170ms step_avg:155.48ms
step:1610/4150 train_time:250398ms step_avg:155.53ms
step:1611/4150 train_time:250623ms step_avg:155.57ms
step:1612/4150 train_time:250851ms step_avg:155.61ms
step:1613/4150 train_time:251072ms step_avg:155.66ms
step:1614/4150 train_time:251301ms step_avg:155.70ms
step:1615/4150 train_time:251523ms step_avg:155.74ms
step:1616/4150 train_time:251750ms step_avg:155.79ms
step:1617/4150 train_time:251972ms step_avg:155.83ms
step:1618/4150 train_time:252200ms step_avg:155.87ms
step:1619/4150 train_time:252421ms step_avg:155.91ms
step:1620/4150 train_time:252645ms step_avg:155.95ms
step:1621/4150 train_time:252867ms step_avg:155.99ms
step:1622/4150 train_time:253096ms step_avg:156.04ms
step:1623/4150 train_time:253318ms step_avg:156.08ms
step:1624/4150 train_time:253544ms step_avg:156.12ms
step:1625/4150 train_time:253766ms step_avg:156.16ms
step:1626/4150 train_time:253997ms step_avg:156.21ms
step:1627/4150 train_time:254218ms step_avg:156.25ms
step:1628/4150 train_time:254448ms step_avg:156.29ms
step:1629/4150 train_time:254668ms step_avg:156.33ms
step:1630/4150 train_time:254896ms step_avg:156.38ms
step:1631/4150 train_time:255119ms step_avg:156.42ms
step:1632/4150 train_time:255349ms step_avg:156.46ms
step:1633/4150 train_time:255570ms step_avg:156.50ms
step:1634/4150 train_time:255797ms step_avg:156.55ms
step:1635/4150 train_time:256018ms step_avg:156.59ms
step:1636/4150 train_time:256247ms step_avg:156.63ms
step:1637/4150 train_time:256469ms step_avg:156.67ms
step:1638/4150 train_time:256696ms step_avg:156.71ms
step:1639/4150 train_time:256920ms step_avg:156.75ms
step:1640/4150 train_time:257145ms step_avg:156.80ms
step:1641/4150 train_time:257370ms step_avg:156.84ms
step:1642/4150 train_time:257598ms step_avg:156.88ms
step:1643/4150 train_time:257819ms step_avg:156.92ms
step:1644/4150 train_time:258046ms step_avg:156.96ms
step:1645/4150 train_time:258267ms step_avg:157.00ms
step:1646/4150 train_time:258499ms step_avg:157.05ms
step:1647/4150 train_time:258719ms step_avg:157.08ms
step:1648/4150 train_time:258946ms step_avg:157.13ms
step:1649/4150 train_time:259167ms step_avg:157.17ms
step:1650/4150 train_time:259396ms step_avg:157.21ms
step:1651/4150 train_time:259620ms step_avg:157.25ms
step:1652/4150 train_time:259845ms step_avg:157.29ms
step:1653/4150 train_time:260066ms step_avg:157.33ms
step:1654/4150 train_time:260295ms step_avg:157.37ms
step:1655/4150 train_time:260520ms step_avg:157.41ms
step:1656/4150 train_time:260747ms step_avg:157.46ms
step:1657/4150 train_time:260966ms step_avg:157.49ms
step:1658/4150 train_time:261194ms step_avg:157.54ms
step:1659/4150 train_time:261419ms step_avg:157.58ms
step:1660/4150 train_time:261647ms step_avg:157.62ms
step:1661/4150 train_time:261869ms step_avg:157.66ms
step:1662/4150 train_time:262097ms step_avg:157.70ms
step:1663/4150 train_time:262318ms step_avg:157.74ms
step:1664/4150 train_time:262544ms step_avg:157.78ms
step:1665/4150 train_time:262767ms step_avg:157.82ms
step:1666/4150 train_time:262997ms step_avg:157.86ms
step:1667/4150 train_time:263218ms step_avg:157.90ms
step:1668/4150 train_time:263445ms step_avg:157.94ms
step:1669/4150 train_time:263666ms step_avg:157.98ms
step:1670/4150 train_time:263895ms step_avg:158.02ms
step:1671/4150 train_time:264118ms step_avg:158.06ms
step:1672/4150 train_time:264344ms step_avg:158.10ms
step:1673/4150 train_time:264565ms step_avg:158.14ms
step:1674/4150 train_time:264794ms step_avg:158.18ms
step:1675/4150 train_time:265018ms step_avg:158.22ms
step:1676/4150 train_time:265245ms step_avg:158.26ms
step:1677/4150 train_time:265467ms step_avg:158.30ms
step:1678/4150 train_time:265697ms step_avg:158.34ms
step:1679/4150 train_time:265921ms step_avg:158.38ms
step:1680/4150 train_time:266147ms step_avg:158.42ms
step:1681/4150 train_time:266371ms step_avg:158.46ms
step:1682/4150 train_time:266598ms step_avg:158.50ms
step:1683/4150 train_time:266821ms step_avg:158.54ms
step:1684/4150 train_time:267046ms step_avg:158.58ms
step:1685/4150 train_time:267268ms step_avg:158.62ms
step:1686/4150 train_time:267499ms step_avg:158.66ms
step:1687/4150 train_time:267722ms step_avg:158.70ms
step:1688/4150 train_time:267951ms step_avg:158.74ms
step:1689/4150 train_time:268173ms step_avg:158.78ms
step:1690/4150 train_time:268399ms step_avg:158.82ms
step:1691/4150 train_time:268622ms step_avg:158.85ms
step:1692/4150 train_time:268851ms step_avg:158.90ms
step:1693/4150 train_time:269073ms step_avg:158.93ms
step:1694/4150 train_time:269299ms step_avg:158.97ms
step:1695/4150 train_time:269521ms step_avg:159.01ms
step:1696/4150 train_time:269748ms step_avg:159.05ms
step:1697/4150 train_time:269972ms step_avg:159.09ms
step:1698/4150 train_time:270201ms step_avg:159.13ms
step:1699/4150 train_time:270423ms step_avg:159.17ms
step:1700/4150 train_time:270653ms step_avg:159.21ms
step:1701/4150 train_time:270875ms step_avg:159.24ms
step:1702/4150 train_time:271103ms step_avg:159.29ms
step:1703/4150 train_time:271331ms step_avg:159.33ms
step:1704/4150 train_time:271560ms step_avg:159.37ms
step:1705/4150 train_time:271780ms step_avg:159.40ms
step:1706/4150 train_time:272009ms step_avg:159.44ms
step:1707/4150 train_time:272231ms step_avg:159.48ms
step:1708/4150 train_time:272463ms step_avg:159.52ms
step:1709/4150 train_time:272681ms step_avg:159.56ms
step:1710/4150 train_time:272911ms step_avg:159.60ms
step:1711/4150 train_time:273135ms step_avg:159.63ms
step:1712/4150 train_time:273365ms step_avg:159.68ms
step:1713/4150 train_time:273586ms step_avg:159.71ms
step:1714/4150 train_time:273814ms step_avg:159.75ms
step:1715/4150 train_time:274037ms step_avg:159.79ms
step:1716/4150 train_time:274265ms step_avg:159.83ms
step:1717/4150 train_time:274485ms step_avg:159.86ms
step:1718/4150 train_time:274715ms step_avg:159.90ms
step:1719/4150 train_time:274938ms step_avg:159.94ms
step:1720/4150 train_time:275164ms step_avg:159.98ms
step:1721/4150 train_time:275386ms step_avg:160.02ms
step:1722/4150 train_time:275618ms step_avg:160.06ms
step:1723/4150 train_time:275841ms step_avg:160.09ms
step:1724/4150 train_time:276067ms step_avg:160.13ms
step:1725/4150 train_time:276289ms step_avg:160.17ms
step:1726/4150 train_time:276518ms step_avg:160.21ms
step:1727/4150 train_time:276742ms step_avg:160.24ms
step:1728/4150 train_time:276971ms step_avg:160.28ms
step:1729/4150 train_time:277194ms step_avg:160.32ms
step:1730/4150 train_time:277422ms step_avg:160.36ms
step:1731/4150 train_time:277643ms step_avg:160.39ms
step:1732/4150 train_time:277874ms step_avg:160.44ms
step:1733/4150 train_time:278097ms step_avg:160.47ms
step:1734/4150 train_time:278324ms step_avg:160.51ms
step:1735/4150 train_time:278546ms step_avg:160.55ms
step:1736/4150 train_time:278777ms step_avg:160.59ms
step:1737/4150 train_time:279002ms step_avg:160.62ms
step:1738/4150 train_time:279234ms step_avg:160.66ms
step:1739/4150 train_time:279458ms step_avg:160.70ms
step:1740/4150 train_time:279684ms step_avg:160.74ms
step:1741/4150 train_time:279907ms step_avg:160.77ms
step:1742/4150 train_time:280139ms step_avg:160.81ms
step:1743/4150 train_time:280361ms step_avg:160.85ms
step:1744/4150 train_time:280589ms step_avg:160.89ms
step:1745/4150 train_time:280813ms step_avg:160.92ms
step:1746/4150 train_time:281043ms step_avg:160.96ms
step:1747/4150 train_time:281268ms step_avg:161.00ms
step:1748/4150 train_time:281499ms step_avg:161.04ms
step:1749/4150 train_time:281723ms step_avg:161.08ms
step:1750/4150 train_time:281952ms step_avg:161.12ms
step:1750/4150 val_loss:3.2276 train_time:282157ms step_avg:161.23ms
step:1751/4150 train_time:282179ms step_avg:161.15ms
step:1752/4150 train_time:282406ms step_avg:161.19ms
step:1753/4150 train_time:282635ms step_avg:161.23ms
step:1754/4150 train_time:282859ms step_avg:161.27ms
step:1755/4150 train_time:283086ms step_avg:161.30ms
step:1756/4150 train_time:283318ms step_avg:161.34ms
step:1757/4150 train_time:283544ms step_avg:161.38ms
step:1758/4150 train_time:283770ms step_avg:161.42ms
step:1759/4150 train_time:283990ms step_avg:161.45ms
step:1760/4150 train_time:284222ms step_avg:161.49ms
step:1761/4150 train_time:284448ms step_avg:161.53ms
step:1762/4150 train_time:284675ms step_avg:161.56ms
step:1763/4150 train_time:284894ms step_avg:161.60ms
step:1764/4150 train_time:285123ms step_avg:161.63ms
step:1765/4150 train_time:285350ms step_avg:161.67ms
step:1766/4150 train_time:285577ms step_avg:161.71ms
step:1767/4150 train_time:285797ms step_avg:161.74ms
step:1768/4150 train_time:286028ms step_avg:161.78ms
step:1769/4150 train_time:286252ms step_avg:161.82ms
step:1770/4150 train_time:286483ms step_avg:161.85ms
step:1771/4150 train_time:286705ms step_avg:161.89ms
step:1772/4150 train_time:286934ms step_avg:161.93ms
step:1773/4150 train_time:287160ms step_avg:161.96ms
step:1774/4150 train_time:287389ms step_avg:162.00ms
step:1775/4150 train_time:287611ms step_avg:162.03ms
step:1776/4150 train_time:287841ms step_avg:162.07ms
step:1777/4150 train_time:288064ms step_avg:162.11ms
step:1778/4150 train_time:288294ms step_avg:162.14ms
step:1779/4150 train_time:288517ms step_avg:162.18ms
step:1780/4150 train_time:288746ms step_avg:162.22ms
step:1781/4150 train_time:288967ms step_avg:162.25ms
step:1782/4150 train_time:289196ms step_avg:162.29ms
step:1783/4150 train_time:289417ms step_avg:162.32ms
step:1784/4150 train_time:289648ms step_avg:162.36ms
step:1785/4150 train_time:289871ms step_avg:162.39ms
step:1786/4150 train_time:290098ms step_avg:162.43ms
step:1787/4150 train_time:290321ms step_avg:162.46ms
step:1788/4150 train_time:290553ms step_avg:162.50ms
step:1789/4150 train_time:290773ms step_avg:162.53ms
step:1790/4150 train_time:291000ms step_avg:162.57ms
step:1791/4150 train_time:291225ms step_avg:162.60ms
step:1792/4150 train_time:291453ms step_avg:162.64ms
step:1793/4150 train_time:291677ms step_avg:162.68ms
step:1794/4150 train_time:291907ms step_avg:162.71ms
step:1795/4150 train_time:292130ms step_avg:162.75ms
step:1796/4150 train_time:292357ms step_avg:162.78ms
step:1797/4150 train_time:292579ms step_avg:162.82ms
step:1798/4150 train_time:292807ms step_avg:162.85ms
step:1799/4150 train_time:293029ms step_avg:162.88ms
step:1800/4150 train_time:293258ms step_avg:162.92ms
step:1801/4150 train_time:293481ms step_avg:162.95ms
step:1802/4150 train_time:293712ms step_avg:162.99ms
step:1803/4150 train_time:293934ms step_avg:163.03ms
step:1804/4150 train_time:294163ms step_avg:163.06ms
step:1805/4150 train_time:294386ms step_avg:163.09ms
step:1806/4150 train_time:294613ms step_avg:163.13ms
step:1807/4150 train_time:294836ms step_avg:163.16ms
step:1808/4150 train_time:295066ms step_avg:163.20ms
step:1809/4150 train_time:295291ms step_avg:163.23ms
step:1810/4150 train_time:295517ms step_avg:163.27ms
step:1811/4150 train_time:295740ms step_avg:163.30ms
step:1812/4150 train_time:295969ms step_avg:163.34ms
step:1813/4150 train_time:296196ms step_avg:163.37ms
step:1814/4150 train_time:296424ms step_avg:163.41ms
step:1815/4150 train_time:296649ms step_avg:163.44ms
step:1816/4150 train_time:296879ms step_avg:163.48ms
step:1817/4150 train_time:297103ms step_avg:163.51ms
step:1818/4150 train_time:297332ms step_avg:163.55ms
step:1819/4150 train_time:297555ms step_avg:163.58ms
step:1820/4150 train_time:297782ms step_avg:163.62ms
step:1821/4150 train_time:298005ms step_avg:163.65ms
step:1822/4150 train_time:298235ms step_avg:163.69ms
step:1823/4150 train_time:298460ms step_avg:163.72ms
step:1824/4150 train_time:298689ms step_avg:163.76ms
step:1825/4150 train_time:298910ms step_avg:163.79ms
step:1826/4150 train_time:299137ms step_avg:163.82ms
step:1827/4150 train_time:299358ms step_avg:163.85ms
step:1828/4150 train_time:299588ms step_avg:163.89ms
step:1829/4150 train_time:299810ms step_avg:163.92ms
step:1830/4150 train_time:300036ms step_avg:163.95ms
step:1831/4150 train_time:300259ms step_avg:163.99ms
step:1832/4150 train_time:300492ms step_avg:164.02ms
step:1833/4150 train_time:300714ms step_avg:164.06ms
step:1834/4150 train_time:300943ms step_avg:164.09ms
step:1835/4150 train_time:301164ms step_avg:164.12ms
step:1836/4150 train_time:301395ms step_avg:164.16ms
step:1837/4150 train_time:301615ms step_avg:164.19ms
step:1838/4150 train_time:301844ms step_avg:164.22ms
step:1839/4150 train_time:302070ms step_avg:164.26ms
step:1840/4150 train_time:302300ms step_avg:164.29ms
step:1841/4150 train_time:302522ms step_avg:164.32ms
step:1842/4150 train_time:302752ms step_avg:164.36ms
step:1843/4150 train_time:302976ms step_avg:164.39ms
step:1844/4150 train_time:303203ms step_avg:164.43ms
step:1845/4150 train_time:303429ms step_avg:164.46ms
step:1846/4150 train_time:303657ms step_avg:164.49ms
step:1847/4150 train_time:303878ms step_avg:164.53ms
step:1848/4150 train_time:304106ms step_avg:164.56ms
step:1849/4150 train_time:304329ms step_avg:164.59ms
step:1850/4150 train_time:304559ms step_avg:164.63ms
step:1851/4150 train_time:304783ms step_avg:164.66ms
step:1852/4150 train_time:305012ms step_avg:164.69ms
step:1853/4150 train_time:305239ms step_avg:164.73ms
step:1854/4150 train_time:305468ms step_avg:164.76ms
step:1855/4150 train_time:305691ms step_avg:164.79ms
step:1856/4150 train_time:305918ms step_avg:164.83ms
step:1857/4150 train_time:306141ms step_avg:164.86ms
step:1858/4150 train_time:306371ms step_avg:164.89ms
step:1859/4150 train_time:306595ms step_avg:164.92ms
step:1860/4150 train_time:306825ms step_avg:164.96ms
step:1861/4150 train_time:307051ms step_avg:164.99ms
step:1862/4150 train_time:307276ms step_avg:165.02ms
step:1863/4150 train_time:307504ms step_avg:165.06ms
step:1864/4150 train_time:307734ms step_avg:165.09ms
step:1865/4150 train_time:307958ms step_avg:165.13ms
step:1866/4150 train_time:308187ms step_avg:165.16ms
step:1867/4150 train_time:308412ms step_avg:165.19ms
step:1868/4150 train_time:308640ms step_avg:165.23ms
step:1869/4150 train_time:308863ms step_avg:165.26ms
step:1870/4150 train_time:309093ms step_avg:165.29ms
step:1871/4150 train_time:309318ms step_avg:165.32ms
step:1872/4150 train_time:309550ms step_avg:165.36ms
step:1873/4150 train_time:309775ms step_avg:165.39ms
step:1874/4150 train_time:310005ms step_avg:165.42ms
step:1875/4150 train_time:310228ms step_avg:165.45ms
step:1876/4150 train_time:310456ms step_avg:165.49ms
step:1877/4150 train_time:310681ms step_avg:165.52ms
step:1878/4150 train_time:310909ms step_avg:165.55ms
step:1879/4150 train_time:311132ms step_avg:165.58ms
step:1880/4150 train_time:311358ms step_avg:165.62ms
step:1881/4150 train_time:311582ms step_avg:165.65ms
step:1882/4150 train_time:311811ms step_avg:165.68ms
step:1883/4150 train_time:312036ms step_avg:165.71ms
step:1884/4150 train_time:312268ms step_avg:165.75ms
step:1885/4150 train_time:312491ms step_avg:165.78ms
step:1886/4150 train_time:312717ms step_avg:165.81ms
step:1887/4150 train_time:312939ms step_avg:165.84ms
step:1888/4150 train_time:313171ms step_avg:165.87ms
step:1889/4150 train_time:313395ms step_avg:165.91ms
step:1890/4150 train_time:313621ms step_avg:165.94ms
step:1891/4150 train_time:313843ms step_avg:165.97ms
step:1892/4150 train_time:314073ms step_avg:166.00ms
step:1893/4150 train_time:314298ms step_avg:166.03ms
step:1894/4150 train_time:314528ms step_avg:166.07ms
step:1895/4150 train_time:314748ms step_avg:166.09ms
step:1896/4150 train_time:314977ms step_avg:166.13ms
step:1897/4150 train_time:315200ms step_avg:166.16ms
step:1898/4150 train_time:315430ms step_avg:166.19ms
step:1899/4150 train_time:315653ms step_avg:166.22ms
step:1900/4150 train_time:315879ms step_avg:166.25ms
step:1901/4150 train_time:316101ms step_avg:166.28ms
step:1902/4150 train_time:316334ms step_avg:166.32ms
step:1903/4150 train_time:316556ms step_avg:166.35ms
step:1904/4150 train_time:316784ms step_avg:166.38ms
step:1905/4150 train_time:317010ms step_avg:166.41ms
step:1906/4150 train_time:317239ms step_avg:166.44ms
step:1907/4150 train_time:317462ms step_avg:166.47ms
step:1908/4150 train_time:317690ms step_avg:166.50ms
step:1909/4150 train_time:317911ms step_avg:166.53ms
step:1910/4150 train_time:318139ms step_avg:166.57ms
step:1911/4150 train_time:318364ms step_avg:166.60ms
step:1912/4150 train_time:318595ms step_avg:166.63ms
step:1913/4150 train_time:318816ms step_avg:166.66ms
step:1914/4150 train_time:319044ms step_avg:166.69ms
step:1915/4150 train_time:319267ms step_avg:166.72ms
step:1916/4150 train_time:319496ms step_avg:166.75ms
step:1917/4150 train_time:319716ms step_avg:166.78ms
step:1918/4150 train_time:319947ms step_avg:166.81ms
step:1919/4150 train_time:320169ms step_avg:166.84ms
step:1920/4150 train_time:320400ms step_avg:166.87ms
step:1921/4150 train_time:320622ms step_avg:166.90ms
step:1922/4150 train_time:320849ms step_avg:166.94ms
step:1923/4150 train_time:321072ms step_avg:166.96ms
step:1924/4150 train_time:321301ms step_avg:167.00ms
step:1925/4150 train_time:321524ms step_avg:167.03ms
step:1926/4150 train_time:321754ms step_avg:167.06ms
step:1927/4150 train_time:321975ms step_avg:167.09ms
step:1928/4150 train_time:322206ms step_avg:167.12ms
step:1929/4150 train_time:322431ms step_avg:167.15ms
step:1930/4150 train_time:322662ms step_avg:167.18ms
step:1931/4150 train_time:322885ms step_avg:167.21ms
step:1932/4150 train_time:323114ms step_avg:167.24ms
step:1933/4150 train_time:323336ms step_avg:167.27ms
step:1934/4150 train_time:323566ms step_avg:167.30ms
step:1935/4150 train_time:323790ms step_avg:167.33ms
step:1936/4150 train_time:324018ms step_avg:167.36ms
step:1937/4150 train_time:324240ms step_avg:167.39ms
step:1938/4150 train_time:324472ms step_avg:167.43ms
step:1939/4150 train_time:324697ms step_avg:167.46ms
step:1940/4150 train_time:324925ms step_avg:167.49ms
step:1941/4150 train_time:325148ms step_avg:167.52ms
step:1942/4150 train_time:325376ms step_avg:167.55ms
step:1943/4150 train_time:325599ms step_avg:167.58ms
step:1944/4150 train_time:325829ms step_avg:167.61ms
step:1945/4150 train_time:326053ms step_avg:167.64ms
step:1946/4150 train_time:326279ms step_avg:167.67ms
step:1947/4150 train_time:326509ms step_avg:167.70ms
step:1948/4150 train_time:326736ms step_avg:167.73ms
step:1949/4150 train_time:326960ms step_avg:167.76ms
step:1950/4150 train_time:327190ms step_avg:167.79ms
step:1951/4150 train_time:327414ms step_avg:167.82ms
step:1952/4150 train_time:327644ms step_avg:167.85ms
step:1953/4150 train_time:327867ms step_avg:167.88ms
step:1954/4150 train_time:328098ms step_avg:167.91ms
step:1955/4150 train_time:328322ms step_avg:167.94ms
step:1956/4150 train_time:328552ms step_avg:167.97ms
step:1957/4150 train_time:328777ms step_avg:168.00ms
step:1958/4150 train_time:329004ms step_avg:168.03ms
step:1959/4150 train_time:329226ms step_avg:168.06ms
step:1960/4150 train_time:329457ms step_avg:168.09ms
step:1961/4150 train_time:329678ms step_avg:168.12ms
step:1962/4150 train_time:329907ms step_avg:168.15ms
step:1963/4150 train_time:330132ms step_avg:168.18ms
step:1964/4150 train_time:330359ms step_avg:168.21ms
step:1965/4150 train_time:330582ms step_avg:168.24ms
step:1966/4150 train_time:330811ms step_avg:168.27ms
step:1967/4150 train_time:331035ms step_avg:168.29ms
step:1968/4150 train_time:331262ms step_avg:168.32ms
step:1969/4150 train_time:331486ms step_avg:168.35ms
step:1970/4150 train_time:331714ms step_avg:168.38ms
step:1971/4150 train_time:331937ms step_avg:168.41ms
step:1972/4150 train_time:332165ms step_avg:168.44ms
step:1973/4150 train_time:332389ms step_avg:168.47ms
step:1974/4150 train_time:332617ms step_avg:168.50ms
step:1975/4150 train_time:332838ms step_avg:168.53ms
step:1976/4150 train_time:333068ms step_avg:168.56ms
step:1977/4150 train_time:333293ms step_avg:168.59ms
step:1978/4150 train_time:333521ms step_avg:168.62ms
step:1979/4150 train_time:333746ms step_avg:168.64ms
step:1980/4150 train_time:333975ms step_avg:168.67ms
step:1981/4150 train_time:334201ms step_avg:168.70ms
step:1982/4150 train_time:334432ms step_avg:168.73ms
step:1983/4150 train_time:334654ms step_avg:168.76ms
step:1984/4150 train_time:334882ms step_avg:168.79ms
step:1985/4150 train_time:335108ms step_avg:168.82ms
step:1986/4150 train_time:335336ms step_avg:168.85ms
step:1987/4150 train_time:335558ms step_avg:168.88ms
step:1988/4150 train_time:335790ms step_avg:168.91ms
step:1989/4150 train_time:336012ms step_avg:168.94ms
step:1990/4150 train_time:336237ms step_avg:168.96ms
step:1991/4150 train_time:336462ms step_avg:168.99ms
step:1992/4150 train_time:336691ms step_avg:169.02ms
step:1993/4150 train_time:336913ms step_avg:169.05ms
step:1994/4150 train_time:337142ms step_avg:169.08ms
step:1995/4150 train_time:337366ms step_avg:169.11ms
step:1996/4150 train_time:337595ms step_avg:169.14ms
step:1997/4150 train_time:337817ms step_avg:169.16ms
step:1998/4150 train_time:338047ms step_avg:169.19ms
step:1999/4150 train_time:338273ms step_avg:169.22ms
step:2000/4150 train_time:338503ms step_avg:169.25ms
step:2000/4150 val_loss:3.1801 train_time:338708ms step_avg:169.35ms
step:2001/4150 train_time:338730ms step_avg:169.28ms
step:2002/4150 train_time:338958ms step_avg:169.31ms
step:2003/4150 train_time:339188ms step_avg:169.34ms
step:2004/4150 train_time:339414ms step_avg:169.37ms
step:2005/4150 train_time:339637ms step_avg:169.40ms
step:2006/4150 train_time:339867ms step_avg:169.43ms
step:2007/4150 train_time:340092ms step_avg:169.45ms
step:2008/4150 train_time:340320ms step_avg:169.48ms
step:2009/4150 train_time:340540ms step_avg:169.51ms
step:2010/4150 train_time:340771ms step_avg:169.54ms
step:2011/4150 train_time:340996ms step_avg:169.57ms
step:2012/4150 train_time:341226ms step_avg:169.60ms
step:2013/4150 train_time:341446ms step_avg:169.62ms
step:2014/4150 train_time:341675ms step_avg:169.65ms
step:2015/4150 train_time:341898ms step_avg:169.68ms
step:2016/4150 train_time:342130ms step_avg:169.71ms
step:2017/4150 train_time:342351ms step_avg:169.73ms
step:2018/4150 train_time:342582ms step_avg:169.76ms
step:2019/4150 train_time:342805ms step_avg:169.79ms
step:2020/4150 train_time:343037ms step_avg:169.82ms
step:2021/4150 train_time:343261ms step_avg:169.85ms
step:2022/4150 train_time:343492ms step_avg:169.88ms
step:2023/4150 train_time:343715ms step_avg:169.90ms
step:2024/4150 train_time:343943ms step_avg:169.93ms
step:2025/4150 train_time:344168ms step_avg:169.96ms
step:2026/4150 train_time:344397ms step_avg:169.99ms
step:2027/4150 train_time:344622ms step_avg:170.02ms
step:2028/4150 train_time:344853ms step_avg:170.05ms
step:2029/4150 train_time:345080ms step_avg:170.07ms
step:2030/4150 train_time:345309ms step_avg:170.10ms
step:2031/4150 train_time:345533ms step_avg:170.13ms
step:2032/4150 train_time:345761ms step_avg:170.16ms
step:2033/4150 train_time:345986ms step_avg:170.19ms
step:2034/4150 train_time:346217ms step_avg:170.21ms
step:2035/4150 train_time:346443ms step_avg:170.24ms
step:2036/4150 train_time:346671ms step_avg:170.27ms
step:2037/4150 train_time:346896ms step_avg:170.30ms
step:2038/4150 train_time:347124ms step_avg:170.33ms
step:2039/4150 train_time:347347ms step_avg:170.35ms
step:2040/4150 train_time:347578ms step_avg:170.38ms
step:2041/4150 train_time:347801ms step_avg:170.41ms
step:2042/4150 train_time:348028ms step_avg:170.43ms
step:2043/4150 train_time:348249ms step_avg:170.46ms
step:2044/4150 train_time:348480ms step_avg:170.49ms
step:2045/4150 train_time:348705ms step_avg:170.52ms
step:2046/4150 train_time:348934ms step_avg:170.54ms
step:2047/4150 train_time:349156ms step_avg:170.57ms
step:2048/4150 train_time:349385ms step_avg:170.60ms
step:2049/4150 train_time:349608ms step_avg:170.62ms
step:2050/4150 train_time:349840ms step_avg:170.65ms
step:2051/4150 train_time:350065ms step_avg:170.68ms
step:2052/4150 train_time:350296ms step_avg:170.71ms
step:2053/4150 train_time:350519ms step_avg:170.74ms
step:2054/4150 train_time:350747ms step_avg:170.76ms
step:2055/4150 train_time:350967ms step_avg:170.79ms
step:2056/4150 train_time:351196ms step_avg:170.82ms
step:2057/4150 train_time:351421ms step_avg:170.84ms
step:2058/4150 train_time:351646ms step_avg:170.87ms
step:2059/4150 train_time:351873ms step_avg:170.90ms
step:2060/4150 train_time:352100ms step_avg:170.92ms
step:2061/4150 train_time:352326ms step_avg:170.95ms
step:2062/4150 train_time:352555ms step_avg:170.98ms
step:2063/4150 train_time:352779ms step_avg:171.00ms
step:2064/4150 train_time:353005ms step_avg:171.03ms
step:2065/4150 train_time:353229ms step_avg:171.06ms
step:2066/4150 train_time:353460ms step_avg:171.08ms
step:2067/4150 train_time:353685ms step_avg:171.11ms
step:2068/4150 train_time:353915ms step_avg:171.14ms
step:2069/4150 train_time:354140ms step_avg:171.16ms
step:2070/4150 train_time:354368ms step_avg:171.19ms
step:2071/4150 train_time:354595ms step_avg:171.22ms
step:2072/4150 train_time:354824ms step_avg:171.25ms
step:2073/4150 train_time:355046ms step_avg:171.27ms
step:2074/4150 train_time:355274ms step_avg:171.30ms
step:2075/4150 train_time:355498ms step_avg:171.32ms
step:2076/4150 train_time:355727ms step_avg:171.35ms
step:2077/4150 train_time:355948ms step_avg:171.38ms
step:2078/4150 train_time:356178ms step_avg:171.40ms
step:2079/4150 train_time:356401ms step_avg:171.43ms
step:2080/4150 train_time:356631ms step_avg:171.46ms
step:2081/4150 train_time:356855ms step_avg:171.48ms
step:2082/4150 train_time:357086ms step_avg:171.51ms
step:2083/4150 train_time:357308ms step_avg:171.54ms
step:2084/4150 train_time:357539ms step_avg:171.56ms
step:2085/4150 train_time:357764ms step_avg:171.59ms
step:2086/4150 train_time:357997ms step_avg:171.62ms
step:2087/4150 train_time:358223ms step_avg:171.64ms
step:2088/4150 train_time:358449ms step_avg:171.67ms
step:2089/4150 train_time:358675ms step_avg:171.70ms
step:2090/4150 train_time:358905ms step_avg:171.72ms
step:2091/4150 train_time:359130ms step_avg:171.75ms
step:2092/4150 train_time:359358ms step_avg:171.78ms
step:2093/4150 train_time:359581ms step_avg:171.80ms
step:2094/4150 train_time:359808ms step_avg:171.83ms
step:2095/4150 train_time:360032ms step_avg:171.85ms
step:2096/4150 train_time:360263ms step_avg:171.88ms
step:2097/4150 train_time:360486ms step_avg:171.91ms
step:2098/4150 train_time:360715ms step_avg:171.93ms
step:2099/4150 train_time:360939ms step_avg:171.96ms
step:2100/4150 train_time:361168ms step_avg:171.98ms
step:2101/4150 train_time:361393ms step_avg:172.01ms
step:2102/4150 train_time:361623ms step_avg:172.04ms
step:2103/4150 train_time:361849ms step_avg:172.06ms
step:2104/4150 train_time:362077ms step_avg:172.09ms
step:2105/4150 train_time:362301ms step_avg:172.11ms
step:2106/4150 train_time:362530ms step_avg:172.14ms
step:2107/4150 train_time:362756ms step_avg:172.17ms
step:2108/4150 train_time:362986ms step_avg:172.19ms
step:2109/4150 train_time:363207ms step_avg:172.22ms
step:2110/4150 train_time:363438ms step_avg:172.25ms
step:2111/4150 train_time:363661ms step_avg:172.27ms
step:2112/4150 train_time:363891ms step_avg:172.30ms
step:2113/4150 train_time:364116ms step_avg:172.32ms
step:2114/4150 train_time:364346ms step_avg:172.35ms
step:2115/4150 train_time:364569ms step_avg:172.37ms
step:2116/4150 train_time:364799ms step_avg:172.40ms
step:2117/4150 train_time:365023ms step_avg:172.42ms
step:2118/4150 train_time:365250ms step_avg:172.45ms
step:2119/4150 train_time:365472ms step_avg:172.47ms
step:2120/4150 train_time:365702ms step_avg:172.50ms
step:2121/4150 train_time:365927ms step_avg:172.53ms
step:2122/4150 train_time:366155ms step_avg:172.55ms
step:2123/4150 train_time:366379ms step_avg:172.58ms
step:2124/4150 train_time:366609ms step_avg:172.60ms
step:2125/4150 train_time:366834ms step_avg:172.63ms
step:2126/4150 train_time:367065ms step_avg:172.66ms
step:2127/4150 train_time:367290ms step_avg:172.68ms
step:2128/4150 train_time:367519ms step_avg:172.71ms
step:2129/4150 train_time:367746ms step_avg:172.73ms
step:2130/4150 train_time:367975ms step_avg:172.76ms
step:2131/4150 train_time:368200ms step_avg:172.78ms
step:2132/4150 train_time:368428ms step_avg:172.81ms
step:2133/4150 train_time:368650ms step_avg:172.83ms
step:2134/4150 train_time:368882ms step_avg:172.86ms
step:2135/4150 train_time:369105ms step_avg:172.88ms
step:2136/4150 train_time:369335ms step_avg:172.91ms
step:2137/4150 train_time:369558ms step_avg:172.93ms
step:2138/4150 train_time:369787ms step_avg:172.96ms
step:2139/4150 train_time:370011ms step_avg:172.98ms
step:2140/4150 train_time:370243ms step_avg:173.01ms
step:2141/4150 train_time:370466ms step_avg:173.03ms
step:2142/4150 train_time:370696ms step_avg:173.06ms
step:2143/4150 train_time:370918ms step_avg:173.08ms
step:2144/4150 train_time:371146ms step_avg:173.11ms
step:2145/4150 train_time:371368ms step_avg:173.13ms
step:2146/4150 train_time:371605ms step_avg:173.16ms
step:2147/4150 train_time:371828ms step_avg:173.18ms
step:2148/4150 train_time:372058ms step_avg:173.21ms
step:2149/4150 train_time:372284ms step_avg:173.24ms
step:2150/4150 train_time:372517ms step_avg:173.26ms
step:2151/4150 train_time:372744ms step_avg:173.29ms
step:2152/4150 train_time:372973ms step_avg:173.31ms
step:2153/4150 train_time:373197ms step_avg:173.34ms
step:2154/4150 train_time:373428ms step_avg:173.36ms
step:2155/4150 train_time:373648ms step_avg:173.39ms
step:2156/4150 train_time:373881ms step_avg:173.41ms
step:2157/4150 train_time:374104ms step_avg:173.44ms
step:2158/4150 train_time:374336ms step_avg:173.46ms
step:2159/4150 train_time:374559ms step_avg:173.49ms
step:2160/4150 train_time:374788ms step_avg:173.51ms
step:2161/4150 train_time:375012ms step_avg:173.54ms
step:2162/4150 train_time:375243ms step_avg:173.56ms
step:2163/4150 train_time:375465ms step_avg:173.59ms
step:2164/4150 train_time:375698ms step_avg:173.61ms
step:2165/4150 train_time:375923ms step_avg:173.64ms
step:2166/4150 train_time:376150ms step_avg:173.66ms
step:2167/4150 train_time:376376ms step_avg:173.69ms
step:2168/4150 train_time:376606ms step_avg:173.71ms
step:2169/4150 train_time:376828ms step_avg:173.73ms
step:2170/4150 train_time:377059ms step_avg:173.76ms
step:2171/4150 train_time:377285ms step_avg:173.78ms
step:2172/4150 train_time:377518ms step_avg:173.81ms
step:2173/4150 train_time:377743ms step_avg:173.83ms
step:2174/4150 train_time:377973ms step_avg:173.86ms
step:2175/4150 train_time:378197ms step_avg:173.88ms
step:2176/4150 train_time:378426ms step_avg:173.91ms
step:2177/4150 train_time:378652ms step_avg:173.93ms
step:2178/4150 train_time:378883ms step_avg:173.96ms
step:2179/4150 train_time:379108ms step_avg:173.98ms
step:2180/4150 train_time:379337ms step_avg:174.01ms
step:2181/4150 train_time:379562ms step_avg:174.03ms
step:2182/4150 train_time:379789ms step_avg:174.06ms
step:2183/4150 train_time:380012ms step_avg:174.08ms
step:2184/4150 train_time:380241ms step_avg:174.10ms
step:2185/4150 train_time:380466ms step_avg:174.13ms
step:2186/4150 train_time:380695ms step_avg:174.15ms
step:2187/4150 train_time:380921ms step_avg:174.18ms
step:2188/4150 train_time:381147ms step_avg:174.20ms
step:2189/4150 train_time:381373ms step_avg:174.22ms
step:2190/4150 train_time:381603ms step_avg:174.25ms
step:2191/4150 train_time:381827ms step_avg:174.27ms
step:2192/4150 train_time:382060ms step_avg:174.30ms
step:2193/4150 train_time:382286ms step_avg:174.32ms
step:2194/4150 train_time:382515ms step_avg:174.35ms
step:2195/4150 train_time:382741ms step_avg:174.37ms
step:2196/4150 train_time:382968ms step_avg:174.39ms
step:2197/4150 train_time:383194ms step_avg:174.42ms
step:2198/4150 train_time:383425ms step_avg:174.44ms
step:2199/4150 train_time:383647ms step_avg:174.46ms
step:2200/4150 train_time:383877ms step_avg:174.49ms
step:2201/4150 train_time:384102ms step_avg:174.51ms
step:2202/4150 train_time:384331ms step_avg:174.54ms
step:2203/4150 train_time:384555ms step_avg:174.56ms
step:2204/4150 train_time:384786ms step_avg:174.59ms
step:2205/4150 train_time:385009ms step_avg:174.61ms
step:2206/4150 train_time:385239ms step_avg:174.63ms
step:2207/4150 train_time:385463ms step_avg:174.65ms
step:2208/4150 train_time:385694ms step_avg:174.68ms
step:2209/4150 train_time:385917ms step_avg:174.70ms
step:2210/4150 train_time:386148ms step_avg:174.73ms
step:2211/4150 train_time:386370ms step_avg:174.75ms
step:2212/4150 train_time:386602ms step_avg:174.77ms
step:2213/4150 train_time:386829ms step_avg:174.80ms
step:2214/4150 train_time:387057ms step_avg:174.82ms
step:2215/4150 train_time:387280ms step_avg:174.84ms
step:2216/4150 train_time:387508ms step_avg:174.87ms
step:2217/4150 train_time:387733ms step_avg:174.89ms
step:2218/4150 train_time:387962ms step_avg:174.92ms
step:2219/4150 train_time:388185ms step_avg:174.94ms
step:2220/4150 train_time:388415ms step_avg:174.96ms
step:2221/4150 train_time:388637ms step_avg:174.98ms
step:2222/4150 train_time:388866ms step_avg:175.01ms
step:2223/4150 train_time:389089ms step_avg:175.03ms
step:2224/4150 train_time:389318ms step_avg:175.05ms
step:2225/4150 train_time:389540ms step_avg:175.07ms
step:2226/4150 train_time:389770ms step_avg:175.10ms
step:2227/4150 train_time:389994ms step_avg:175.12ms
step:2228/4150 train_time:390224ms step_avg:175.15ms
step:2229/4150 train_time:390447ms step_avg:175.17ms
step:2230/4150 train_time:390677ms step_avg:175.19ms
step:2231/4150 train_time:390902ms step_avg:175.21ms
step:2232/4150 train_time:391132ms step_avg:175.24ms
step:2233/4150 train_time:391355ms step_avg:175.26ms
step:2234/4150 train_time:391587ms step_avg:175.28ms
step:2235/4150 train_time:391809ms step_avg:175.31ms
step:2236/4150 train_time:392044ms step_avg:175.33ms
step:2237/4150 train_time:392266ms step_avg:175.35ms
step:2238/4150 train_time:392497ms step_avg:175.38ms
step:2239/4150 train_time:392721ms step_avg:175.40ms
step:2240/4150 train_time:392950ms step_avg:175.42ms
step:2241/4150 train_time:393174ms step_avg:175.45ms
step:2242/4150 train_time:393403ms step_avg:175.47ms
step:2243/4150 train_time:393626ms step_avg:175.49ms
step:2244/4150 train_time:393856ms step_avg:175.52ms
step:2245/4150 train_time:394081ms step_avg:175.54ms
step:2246/4150 train_time:394310ms step_avg:175.56ms
step:2247/4150 train_time:394535ms step_avg:175.58ms
step:2248/4150 train_time:394765ms step_avg:175.61ms
step:2249/4150 train_time:394987ms step_avg:175.63ms
step:2250/4150 train_time:395218ms step_avg:175.65ms
step:2250/4150 val_loss:3.1392 train_time:395421ms step_avg:175.74ms
step:2251/4150 train_time:395443ms step_avg:175.67ms
step:2252/4150 train_time:395670ms step_avg:175.70ms
step:2253/4150 train_time:395898ms step_avg:175.72ms
step:2254/4150 train_time:396128ms step_avg:175.74ms
step:2255/4150 train_time:396352ms step_avg:175.77ms
step:2256/4150 train_time:396580ms step_avg:175.79ms
step:2257/4150 train_time:396807ms step_avg:175.81ms
step:2258/4150 train_time:397038ms step_avg:175.84ms
step:2259/4150 train_time:397257ms step_avg:175.86ms
step:2260/4150 train_time:397490ms step_avg:175.88ms
step:2261/4150 train_time:397714ms step_avg:175.90ms
step:2262/4150 train_time:397942ms step_avg:175.93ms
step:2263/4150 train_time:398165ms step_avg:175.95ms
step:2264/4150 train_time:398394ms step_avg:175.97ms
step:2265/4150 train_time:398617ms step_avg:175.99ms
step:2266/4150 train_time:398847ms step_avg:176.01ms
step:2267/4150 train_time:399072ms step_avg:176.04ms
step:2268/4150 train_time:399299ms step_avg:176.06ms
step:2269/4150 train_time:399524ms step_avg:176.08ms
step:2270/4150 train_time:399756ms step_avg:176.10ms
step:2271/4150 train_time:399980ms step_avg:176.12ms
step:2272/4150 train_time:400211ms step_avg:176.15ms
step:2273/4150 train_time:400434ms step_avg:176.17ms
step:2274/4150 train_time:400661ms step_avg:176.19ms
step:2275/4150 train_time:400885ms step_avg:176.21ms
step:2276/4150 train_time:401111ms step_avg:176.24ms
step:2277/4150 train_time:401332ms step_avg:176.25ms
step:2278/4150 train_time:401560ms step_avg:176.28ms
step:2279/4150 train_time:401783ms step_avg:176.30ms
step:2280/4150 train_time:402011ms step_avg:176.32ms
step:2281/4150 train_time:402233ms step_avg:176.34ms
step:2282/4150 train_time:402463ms step_avg:176.36ms
step:2283/4150 train_time:402689ms step_avg:176.39ms
step:2284/4150 train_time:402916ms step_avg:176.41ms
step:2285/4150 train_time:403140ms step_avg:176.43ms
step:2286/4150 train_time:403370ms step_avg:176.45ms
step:2287/4150 train_time:403594ms step_avg:176.47ms
step:2288/4150 train_time:403824ms step_avg:176.50ms
step:2289/4150 train_time:404050ms step_avg:176.52ms
step:2290/4150 train_time:404279ms step_avg:176.54ms
step:2291/4150 train_time:404501ms step_avg:176.56ms
step:2292/4150 train_time:404729ms step_avg:176.58ms
step:2293/4150 train_time:404955ms step_avg:176.60ms
step:2294/4150 train_time:405182ms step_avg:176.63ms
step:2295/4150 train_time:405409ms step_avg:176.65ms
step:2296/4150 train_time:405638ms step_avg:176.67ms
step:2297/4150 train_time:405859ms step_avg:176.69ms
step:2298/4150 train_time:406088ms step_avg:176.71ms
step:2299/4150 train_time:406312ms step_avg:176.73ms
step:2300/4150 train_time:406541ms step_avg:176.76ms
step:2301/4150 train_time:406763ms step_avg:176.78ms
step:2302/4150 train_time:406995ms step_avg:176.80ms
step:2303/4150 train_time:407220ms step_avg:176.82ms
step:2304/4150 train_time:407451ms step_avg:176.84ms
step:2305/4150 train_time:407674ms step_avg:176.87ms
step:2306/4150 train_time:407903ms step_avg:176.89ms
step:2307/4150 train_time:408125ms step_avg:176.91ms
step:2308/4150 train_time:408357ms step_avg:176.93ms
step:2309/4150 train_time:408581ms step_avg:176.95ms
step:2310/4150 train_time:408810ms step_avg:176.97ms
step:2311/4150 train_time:409036ms step_avg:177.00ms
step:2312/4150 train_time:409265ms step_avg:177.02ms
step:2313/4150 train_time:409489ms step_avg:177.04ms
step:2314/4150 train_time:409718ms step_avg:177.06ms
step:2315/4150 train_time:409942ms step_avg:177.08ms
step:2316/4150 train_time:410171ms step_avg:177.10ms
step:2317/4150 train_time:410395ms step_avg:177.12ms
step:2318/4150 train_time:410625ms step_avg:177.15ms
step:2319/4150 train_time:410848ms step_avg:177.17ms
step:2320/4150 train_time:411075ms step_avg:177.19ms
step:2321/4150 train_time:411299ms step_avg:177.21ms
step:2322/4150 train_time:411529ms step_avg:177.23ms
step:2323/4150 train_time:411752ms step_avg:177.25ms
step:2324/4150 train_time:411979ms step_avg:177.27ms
step:2325/4150 train_time:412206ms step_avg:177.29ms
step:2326/4150 train_time:412435ms step_avg:177.32ms
step:2327/4150 train_time:412660ms step_avg:177.34ms
step:2328/4150 train_time:412893ms step_avg:177.36ms
step:2329/4150 train_time:413115ms step_avg:177.38ms
step:2330/4150 train_time:413344ms step_avg:177.40ms
step:2331/4150 train_time:413571ms step_avg:177.42ms
step:2332/4150 train_time:413801ms step_avg:177.44ms
step:2333/4150 train_time:414026ms step_avg:177.47ms
step:2334/4150 train_time:414255ms step_avg:177.49ms
step:2335/4150 train_time:414480ms step_avg:177.51ms
step:2336/4150 train_time:414713ms step_avg:177.53ms
step:2337/4150 train_time:414936ms step_avg:177.55ms
step:2338/4150 train_time:415165ms step_avg:177.57ms
step:2339/4150 train_time:415388ms step_avg:177.59ms
step:2340/4150 train_time:415619ms step_avg:177.62ms
step:2341/4150 train_time:415845ms step_avg:177.64ms
step:2342/4150 train_time:416073ms step_avg:177.66ms
step:2343/4150 train_time:416295ms step_avg:177.68ms
step:2344/4150 train_time:416525ms step_avg:177.70ms
step:2345/4150 train_time:416750ms step_avg:177.72ms
step:2346/4150 train_time:416979ms step_avg:177.74ms
step:2347/4150 train_time:417202ms step_avg:177.76ms
step:2348/4150 train_time:417430ms step_avg:177.78ms
step:2349/4150 train_time:417656ms step_avg:177.80ms
step:2350/4150 train_time:417884ms step_avg:177.82ms
step:2351/4150 train_time:418107ms step_avg:177.84ms
step:2352/4150 train_time:418338ms step_avg:177.86ms
step:2353/4150 train_time:418565ms step_avg:177.89ms
step:2354/4150 train_time:418799ms step_avg:177.91ms
step:2355/4150 train_time:419020ms step_avg:177.93ms
step:2356/4150 train_time:419250ms step_avg:177.95ms
step:2357/4150 train_time:419475ms step_avg:177.97ms
step:2358/4150 train_time:419702ms step_avg:177.99ms
step:2359/4150 train_time:419926ms step_avg:178.01ms
step:2360/4150 train_time:420155ms step_avg:178.03ms
step:2361/4150 train_time:420378ms step_avg:178.05ms
step:2362/4150 train_time:420607ms step_avg:178.07ms
step:2363/4150 train_time:420831ms step_avg:178.09ms
step:2364/4150 train_time:421060ms step_avg:178.11ms
step:2365/4150 train_time:421280ms step_avg:178.13ms
step:2366/4150 train_time:421512ms step_avg:178.15ms
step:2367/4150 train_time:421736ms step_avg:178.17ms
step:2368/4150 train_time:421970ms step_avg:178.20ms
step:2369/4150 train_time:422193ms step_avg:178.22ms
step:2370/4150 train_time:422423ms step_avg:178.24ms
step:2371/4150 train_time:422650ms step_avg:178.26ms
step:2372/4150 train_time:422880ms step_avg:178.28ms
step:2373/4150 train_time:423105ms step_avg:178.30ms
step:2374/4150 train_time:423335ms step_avg:178.32ms
step:2375/4150 train_time:423557ms step_avg:178.34ms
step:2376/4150 train_time:423788ms step_avg:178.36ms
step:2377/4150 train_time:424013ms step_avg:178.38ms
step:2378/4150 train_time:424244ms step_avg:178.40ms
step:2379/4150 train_time:424466ms step_avg:178.42ms
step:2380/4150 train_time:424694ms step_avg:178.44ms
step:2381/4150 train_time:424917ms step_avg:178.46ms
step:2382/4150 train_time:425148ms step_avg:178.48ms
step:2383/4150 train_time:425373ms step_avg:178.50ms
step:2384/4150 train_time:425602ms step_avg:178.52ms
step:2385/4150 train_time:425827ms step_avg:178.54ms
step:2386/4150 train_time:426059ms step_avg:178.57ms
step:2387/4150 train_time:426282ms step_avg:178.58ms
step:2388/4150 train_time:426510ms step_avg:178.61ms
step:2389/4150 train_time:426737ms step_avg:178.63ms
step:2390/4150 train_time:426966ms step_avg:178.65ms
step:2391/4150 train_time:427189ms step_avg:178.67ms
step:2392/4150 train_time:427418ms step_avg:178.69ms
step:2393/4150 train_time:427641ms step_avg:178.70ms
step:2394/4150 train_time:427871ms step_avg:178.73ms
step:2395/4150 train_time:428097ms step_avg:178.75ms
step:2396/4150 train_time:428331ms step_avg:178.77ms
step:2397/4150 train_time:428554ms step_avg:178.79ms
step:2398/4150 train_time:428782ms step_avg:178.81ms
step:2399/4150 train_time:429006ms step_avg:178.83ms
step:2400/4150 train_time:429234ms step_avg:178.85ms
step:2401/4150 train_time:429457ms step_avg:178.87ms
step:2402/4150 train_time:429687ms step_avg:178.89ms
step:2403/4150 train_time:429912ms step_avg:178.91ms
step:2404/4150 train_time:430141ms step_avg:178.93ms
step:2405/4150 train_time:430365ms step_avg:178.95ms
step:2406/4150 train_time:430591ms step_avg:178.97ms
step:2407/4150 train_time:430813ms step_avg:178.98ms
step:2408/4150 train_time:431043ms step_avg:179.00ms
step:2409/4150 train_time:431272ms step_avg:179.03ms
step:2410/4150 train_time:431504ms step_avg:179.05ms
step:2411/4150 train_time:431727ms step_avg:179.07ms
step:2412/4150 train_time:431954ms step_avg:179.09ms
step:2413/4150 train_time:432177ms step_avg:179.10ms
step:2414/4150 train_time:432410ms step_avg:179.13ms
step:2415/4150 train_time:432635ms step_avg:179.14ms
step:2416/4150 train_time:432864ms step_avg:179.17ms
step:2417/4150 train_time:433087ms step_avg:179.18ms
step:2418/4150 train_time:433317ms step_avg:179.20ms
step:2419/4150 train_time:433541ms step_avg:179.22ms
step:2420/4150 train_time:433771ms step_avg:179.24ms
step:2421/4150 train_time:433998ms step_avg:179.26ms
step:2422/4150 train_time:434231ms step_avg:179.29ms
step:2423/4150 train_time:434457ms step_avg:179.31ms
step:2424/4150 train_time:434690ms step_avg:179.33ms
step:2425/4150 train_time:434919ms step_avg:179.35ms
step:2426/4150 train_time:435148ms step_avg:179.37ms
step:2427/4150 train_time:435375ms step_avg:179.39ms
step:2428/4150 train_time:435604ms step_avg:179.41ms
step:2429/4150 train_time:435829ms step_avg:179.43ms
step:2430/4150 train_time:436058ms step_avg:179.45ms
step:2431/4150 train_time:436283ms step_avg:179.47ms
step:2432/4150 train_time:436514ms step_avg:179.49ms
step:2433/4150 train_time:436739ms step_avg:179.51ms
step:2434/4150 train_time:436970ms step_avg:179.53ms
step:2435/4150 train_time:437194ms step_avg:179.55ms
step:2436/4150 train_time:437424ms step_avg:179.57ms
step:2437/4150 train_time:437649ms step_avg:179.59ms
step:2438/4150 train_time:437879ms step_avg:179.61ms
step:2439/4150 train_time:438102ms step_avg:179.62ms
step:2440/4150 train_time:438332ms step_avg:179.64ms
step:2441/4150 train_time:438557ms step_avg:179.66ms
step:2442/4150 train_time:438785ms step_avg:179.68ms
step:2443/4150 train_time:439014ms step_avg:179.70ms
step:2444/4150 train_time:439242ms step_avg:179.72ms
step:2445/4150 train_time:439466ms step_avg:179.74ms
step:2446/4150 train_time:439695ms step_avg:179.76ms
step:2447/4150 train_time:439918ms step_avg:179.78ms
step:2448/4150 train_time:440150ms step_avg:179.80ms
step:2449/4150 train_time:440375ms step_avg:179.82ms
step:2450/4150 train_time:440608ms step_avg:179.84ms
step:2451/4150 train_time:440831ms step_avg:179.86ms
step:2452/4150 train_time:441063ms step_avg:179.88ms
step:2453/4150 train_time:441289ms step_avg:179.90ms
step:2454/4150 train_time:441519ms step_avg:179.92ms
step:2455/4150 train_time:441745ms step_avg:179.94ms
step:2456/4150 train_time:441975ms step_avg:179.96ms
step:2457/4150 train_time:442199ms step_avg:179.98ms
step:2458/4150 train_time:442426ms step_avg:179.99ms
step:2459/4150 train_time:442654ms step_avg:180.01ms
step:2460/4150 train_time:442884ms step_avg:180.03ms
step:2461/4150 train_time:443112ms step_avg:180.05ms
step:2462/4150 train_time:443342ms step_avg:180.07ms
step:2463/4150 train_time:443568ms step_avg:180.09ms
step:2464/4150 train_time:443799ms step_avg:180.11ms
step:2465/4150 train_time:444026ms step_avg:180.13ms
step:2466/4150 train_time:444259ms step_avg:180.15ms
step:2467/4150 train_time:444480ms step_avg:180.17ms
step:2468/4150 train_time:444711ms step_avg:180.19ms
step:2469/4150 train_time:444935ms step_avg:180.21ms
step:2470/4150 train_time:445170ms step_avg:180.23ms
step:2471/4150 train_time:445393ms step_avg:180.25ms
step:2472/4150 train_time:445621ms step_avg:180.27ms
step:2473/4150 train_time:445846ms step_avg:180.29ms
step:2474/4150 train_time:446075ms step_avg:180.31ms
step:2475/4150 train_time:446300ms step_avg:180.32ms
step:2476/4150 train_time:446529ms step_avg:180.34ms
step:2477/4150 train_time:446755ms step_avg:180.36ms
step:2478/4150 train_time:446984ms step_avg:180.38ms
step:2479/4150 train_time:447209ms step_avg:180.40ms
step:2480/4150 train_time:447440ms step_avg:180.42ms
step:2481/4150 train_time:447663ms step_avg:180.44ms
step:2482/4150 train_time:447893ms step_avg:180.46ms
step:2483/4150 train_time:448118ms step_avg:180.47ms
step:2484/4150 train_time:448349ms step_avg:180.49ms
step:2485/4150 train_time:448575ms step_avg:180.51ms
step:2486/4150 train_time:448806ms step_avg:180.53ms
step:2487/4150 train_time:449033ms step_avg:180.55ms
step:2488/4150 train_time:449262ms step_avg:180.57ms
step:2489/4150 train_time:449486ms step_avg:180.59ms
step:2490/4150 train_time:449714ms step_avg:180.61ms
step:2491/4150 train_time:449939ms step_avg:180.63ms
step:2492/4150 train_time:450169ms step_avg:180.65ms
step:2493/4150 train_time:450392ms step_avg:180.66ms
step:2494/4150 train_time:450624ms step_avg:180.68ms
step:2495/4150 train_time:450852ms step_avg:180.70ms
step:2496/4150 train_time:451079ms step_avg:180.72ms
step:2497/4150 train_time:451302ms step_avg:180.74ms
step:2498/4150 train_time:451534ms step_avg:180.76ms
step:2499/4150 train_time:451759ms step_avg:180.78ms
step:2500/4150 train_time:451989ms step_avg:180.80ms
step:2500/4150 val_loss:3.1037 train_time:452192ms step_avg:180.88ms
step:2501/4150 train_time:452215ms step_avg:180.81ms
step:2502/4150 train_time:452440ms step_avg:180.83ms
step:2503/4150 train_time:452671ms step_avg:180.85ms
step:2504/4150 train_time:452902ms step_avg:180.87ms
step:2505/4150 train_time:453128ms step_avg:180.89ms
step:2506/4150 train_time:453361ms step_avg:180.91ms
step:2507/4150 train_time:453587ms step_avg:180.93ms
step:2508/4150 train_time:453817ms step_avg:180.95ms
step:2509/4150 train_time:454038ms step_avg:180.96ms
step:2510/4150 train_time:454268ms step_avg:180.98ms
step:2511/4150 train_time:454496ms step_avg:181.00ms
step:2512/4150 train_time:454723ms step_avg:181.02ms
step:2513/4150 train_time:454948ms step_avg:181.04ms
step:2514/4150 train_time:455183ms step_avg:181.06ms
step:2515/4150 train_time:455406ms step_avg:181.08ms
step:2516/4150 train_time:455635ms step_avg:181.10ms
step:2517/4150 train_time:455858ms step_avg:181.11ms
step:2518/4150 train_time:456088ms step_avg:181.13ms
step:2519/4150 train_time:456311ms step_avg:181.15ms
step:2520/4150 train_time:456539ms step_avg:181.17ms
step:2521/4150 train_time:456764ms step_avg:181.18ms
step:2522/4150 train_time:456994ms step_avg:181.20ms
step:2523/4150 train_time:457219ms step_avg:181.22ms
step:2524/4150 train_time:457449ms step_avg:181.24ms
step:2525/4150 train_time:457675ms step_avg:181.26ms
step:2526/4150 train_time:457905ms step_avg:181.28ms
step:2527/4150 train_time:458134ms step_avg:181.30ms
step:2528/4150 train_time:458362ms step_avg:181.31ms
step:2529/4150 train_time:458586ms step_avg:181.33ms
step:2530/4150 train_time:458816ms step_avg:181.35ms
step:2531/4150 train_time:459041ms step_avg:181.37ms
step:2532/4150 train_time:459272ms step_avg:181.39ms
step:2533/4150 train_time:459497ms step_avg:181.40ms
step:2534/4150 train_time:459726ms step_avg:181.42ms
step:2535/4150 train_time:459952ms step_avg:181.44ms
step:2536/4150 train_time:460186ms step_avg:181.46ms
step:2537/4150 train_time:460407ms step_avg:181.48ms
step:2538/4150 train_time:460639ms step_avg:181.50ms
step:2539/4150 train_time:460864ms step_avg:181.51ms
step:2540/4150 train_time:461098ms step_avg:181.53ms
step:2541/4150 train_time:461326ms step_avg:181.55ms
step:2542/4150 train_time:461558ms step_avg:181.57ms
step:2543/4150 train_time:461783ms step_avg:181.59ms
step:2544/4150 train_time:462013ms step_avg:181.61ms
step:2545/4150 train_time:462239ms step_avg:181.63ms
step:2546/4150 train_time:462469ms step_avg:181.65ms
step:2547/4150 train_time:462694ms step_avg:181.66ms
step:2548/4150 train_time:462927ms step_avg:181.68ms
step:2549/4150 train_time:463152ms step_avg:181.70ms
step:2550/4150 train_time:463382ms step_avg:181.72ms
step:2551/4150 train_time:463603ms step_avg:181.73ms
step:2552/4150 train_time:463833ms step_avg:181.75ms
step:2553/4150 train_time:464058ms step_avg:181.77ms
step:2554/4150 train_time:464288ms step_avg:181.79ms
step:2555/4150 train_time:464513ms step_avg:181.81ms
step:2556/4150 train_time:464743ms step_avg:181.82ms
step:2557/4150 train_time:464969ms step_avg:181.84ms
step:2558/4150 train_time:465199ms step_avg:181.86ms
step:2559/4150 train_time:465424ms step_avg:181.88ms
step:2560/4150 train_time:465657ms step_avg:181.90ms
step:2561/4150 train_time:465879ms step_avg:181.91ms
step:2562/4150 train_time:466109ms step_avg:181.93ms
step:2563/4150 train_time:466336ms step_avg:181.95ms
step:2564/4150 train_time:466565ms step_avg:181.97ms
step:2565/4150 train_time:466788ms step_avg:181.98ms
step:2566/4150 train_time:467018ms step_avg:182.00ms
step:2567/4150 train_time:467246ms step_avg:182.02ms
step:2568/4150 train_time:467477ms step_avg:182.04ms
step:2569/4150 train_time:467701ms step_avg:182.06ms
step:2570/4150 train_time:467930ms step_avg:182.07ms
step:2571/4150 train_time:468157ms step_avg:182.09ms
step:2572/4150 train_time:468385ms step_avg:182.11ms
step:2573/4150 train_time:468607ms step_avg:182.12ms
step:2574/4150 train_time:468841ms step_avg:182.14ms
step:2575/4150 train_time:469064ms step_avg:182.16ms
step:2576/4150 train_time:469295ms step_avg:182.18ms
step:2577/4150 train_time:469517ms step_avg:182.20ms
step:2578/4150 train_time:469753ms step_avg:182.22ms
step:2579/4150 train_time:469978ms step_avg:182.23ms
step:2580/4150 train_time:470204ms step_avg:182.25ms
step:2581/4150 train_time:470431ms step_avg:182.27ms
step:2582/4150 train_time:470663ms step_avg:182.29ms
step:2583/4150 train_time:470885ms step_avg:182.30ms
step:2584/4150 train_time:471118ms step_avg:182.32ms
step:2585/4150 train_time:471340ms step_avg:182.34ms
step:2586/4150 train_time:471573ms step_avg:182.36ms
step:2587/4150 train_time:471800ms step_avg:182.37ms
step:2588/4150 train_time:472029ms step_avg:182.39ms
step:2589/4150 train_time:472255ms step_avg:182.41ms
step:2590/4150 train_time:472482ms step_avg:182.43ms
step:2591/4150 train_time:472710ms step_avg:182.44ms
step:2592/4150 train_time:472941ms step_avg:182.46ms
step:2593/4150 train_time:473165ms step_avg:182.48ms
step:2594/4150 train_time:473394ms step_avg:182.50ms
step:2595/4150 train_time:473620ms step_avg:182.51ms
step:2596/4150 train_time:473850ms step_avg:182.53ms
step:2597/4150 train_time:474078ms step_avg:182.55ms
step:2598/4150 train_time:474304ms step_avg:182.56ms
step:2599/4150 train_time:474530ms step_avg:182.58ms
step:2600/4150 train_time:474763ms step_avg:182.60ms
step:2601/4150 train_time:474987ms step_avg:182.62ms
step:2602/4150 train_time:475218ms step_avg:182.64ms
step:2603/4150 train_time:475442ms step_avg:182.65ms
step:2604/4150 train_time:475675ms step_avg:182.67ms
step:2605/4150 train_time:475902ms step_avg:182.69ms
step:2606/4150 train_time:476134ms step_avg:182.71ms
step:2607/4150 train_time:476359ms step_avg:182.72ms
step:2608/4150 train_time:476588ms step_avg:182.74ms
step:2609/4150 train_time:476815ms step_avg:182.76ms
step:2610/4150 train_time:477043ms step_avg:182.78ms
step:2611/4150 train_time:477267ms step_avg:182.79ms
step:2612/4150 train_time:477496ms step_avg:182.81ms
step:2613/4150 train_time:477724ms step_avg:182.83ms
step:2614/4150 train_time:477952ms step_avg:182.84ms
step:2615/4150 train_time:478180ms step_avg:182.86ms
step:2616/4150 train_time:478409ms step_avg:182.88ms
step:2617/4150 train_time:478634ms step_avg:182.89ms
step:2618/4150 train_time:478865ms step_avg:182.91ms
step:2619/4150 train_time:479090ms step_avg:182.93ms
step:2620/4150 train_time:479319ms step_avg:182.95ms
step:2621/4150 train_time:479546ms step_avg:182.96ms
step:2622/4150 train_time:479775ms step_avg:182.98ms
step:2623/4150 train_time:479999ms step_avg:183.00ms
step:2624/4150 train_time:480231ms step_avg:183.01ms
step:2625/4150 train_time:480453ms step_avg:183.03ms
step:2626/4150 train_time:480684ms step_avg:183.05ms
step:2627/4150 train_time:480907ms step_avg:183.06ms
step:2628/4150 train_time:481140ms step_avg:183.08ms
step:2629/4150 train_time:481364ms step_avg:183.10ms
step:2630/4150 train_time:481595ms step_avg:183.12ms
step:2631/4150 train_time:481819ms step_avg:183.13ms
step:2632/4150 train_time:482048ms step_avg:183.15ms
step:2633/4150 train_time:482274ms step_avg:183.17ms
step:2634/4150 train_time:482505ms step_avg:183.18ms
step:2635/4150 train_time:482731ms step_avg:183.20ms
step:2636/4150 train_time:482962ms step_avg:183.22ms
step:2637/4150 train_time:483189ms step_avg:183.23ms
step:2638/4150 train_time:483420ms step_avg:183.25ms
step:2639/4150 train_time:483646ms step_avg:183.27ms
step:2640/4150 train_time:483875ms step_avg:183.29ms
step:2641/4150 train_time:484098ms step_avg:183.30ms
step:2642/4150 train_time:484328ms step_avg:183.32ms
step:2643/4150 train_time:484553ms step_avg:183.33ms
step:2644/4150 train_time:484782ms step_avg:183.35ms
step:2645/4150 train_time:485010ms step_avg:183.37ms
step:2646/4150 train_time:485237ms step_avg:183.39ms
step:2647/4150 train_time:485463ms step_avg:183.40ms
step:2648/4150 train_time:485694ms step_avg:183.42ms
step:2649/4150 train_time:485917ms step_avg:183.43ms
step:2650/4150 train_time:486145ms step_avg:183.45ms
step:2651/4150 train_time:486370ms step_avg:183.47ms
step:2652/4150 train_time:486603ms step_avg:183.49ms
step:2653/4150 train_time:486827ms step_avg:183.50ms
step:2654/4150 train_time:487059ms step_avg:183.52ms
step:2655/4150 train_time:487283ms step_avg:183.53ms
step:2656/4150 train_time:487514ms step_avg:183.55ms
step:2657/4150 train_time:487741ms step_avg:183.57ms
step:2658/4150 train_time:487972ms step_avg:183.59ms
step:2659/4150 train_time:488199ms step_avg:183.60ms
step:2660/4150 train_time:488428ms step_avg:183.62ms
step:2661/4150 train_time:488655ms step_avg:183.64ms
step:2662/4150 train_time:488884ms step_avg:183.65ms
step:2663/4150 train_time:489107ms step_avg:183.67ms
step:2664/4150 train_time:489336ms step_avg:183.68ms
step:2665/4150 train_time:489559ms step_avg:183.70ms
step:2666/4150 train_time:489789ms step_avg:183.72ms
step:2667/4150 train_time:490013ms step_avg:183.73ms
step:2668/4150 train_time:490243ms step_avg:183.75ms
step:2669/4150 train_time:490465ms step_avg:183.76ms
step:2670/4150 train_time:490698ms step_avg:183.78ms
step:2671/4150 train_time:490921ms step_avg:183.80ms
step:2672/4150 train_time:491153ms step_avg:183.81ms
step:2673/4150 train_time:491379ms step_avg:183.83ms
step:2674/4150 train_time:491607ms step_avg:183.85ms
step:2675/4150 train_time:491831ms step_avg:183.86ms
step:2676/4150 train_time:492063ms step_avg:183.88ms
step:2677/4150 train_time:492290ms step_avg:183.90ms
step:2678/4150 train_time:492518ms step_avg:183.91ms
step:2679/4150 train_time:492740ms step_avg:183.93ms
step:2680/4150 train_time:492970ms step_avg:183.94ms
step:2681/4150 train_time:493195ms step_avg:183.96ms
step:2682/4150 train_time:493422ms step_avg:183.98ms
step:2683/4150 train_time:493645ms step_avg:183.99ms
step:2684/4150 train_time:493877ms step_avg:184.01ms
step:2685/4150 train_time:494104ms step_avg:184.02ms
step:2686/4150 train_time:494335ms step_avg:184.04ms
step:2687/4150 train_time:494558ms step_avg:184.06ms
step:2688/4150 train_time:494788ms step_avg:184.07ms
step:2689/4150 train_time:495015ms step_avg:184.09ms
step:2690/4150 train_time:495245ms step_avg:184.11ms
step:2691/4150 train_time:495477ms step_avg:184.12ms
step:2692/4150 train_time:495704ms step_avg:184.14ms
step:2693/4150 train_time:495929ms step_avg:184.15ms
step:2694/4150 train_time:496159ms step_avg:184.17ms
step:2695/4150 train_time:496385ms step_avg:184.19ms
step:2696/4150 train_time:496617ms step_avg:184.21ms
step:2697/4150 train_time:496842ms step_avg:184.22ms
step:2698/4150 train_time:497076ms step_avg:184.24ms
step:2699/4150 train_time:497300ms step_avg:184.25ms
step:2700/4150 train_time:497528ms step_avg:184.27ms
step:2701/4150 train_time:497753ms step_avg:184.28ms
step:2702/4150 train_time:497987ms step_avg:184.30ms
step:2703/4150 train_time:498210ms step_avg:184.32ms
step:2704/4150 train_time:498440ms step_avg:184.33ms
step:2705/4150 train_time:498668ms step_avg:184.35ms
step:2706/4150 train_time:498900ms step_avg:184.37ms
step:2707/4150 train_time:499122ms step_avg:184.38ms
step:2708/4150 train_time:499353ms step_avg:184.40ms
step:2709/4150 train_time:499579ms step_avg:184.41ms
step:2710/4150 train_time:499809ms step_avg:184.43ms
step:2711/4150 train_time:500033ms step_avg:184.45ms
step:2712/4150 train_time:500263ms step_avg:184.46ms
step:2713/4150 train_time:500486ms step_avg:184.48ms
step:2714/4150 train_time:500716ms step_avg:184.49ms
step:2715/4150 train_time:500940ms step_avg:184.51ms
step:2716/4150 train_time:501172ms step_avg:184.53ms
step:2717/4150 train_time:501396ms step_avg:184.54ms
step:2718/4150 train_time:501625ms step_avg:184.56ms
step:2719/4150 train_time:501847ms step_avg:184.57ms
step:2720/4150 train_time:502078ms step_avg:184.59ms
step:2721/4150 train_time:502305ms step_avg:184.60ms
step:2722/4150 train_time:502535ms step_avg:184.62ms
step:2723/4150 train_time:502762ms step_avg:184.64ms
step:2724/4150 train_time:502990ms step_avg:184.65ms
step:2725/4150 train_time:503213ms step_avg:184.67ms
step:2726/4150 train_time:503443ms step_avg:184.68ms
step:2727/4150 train_time:503669ms step_avg:184.70ms
step:2728/4150 train_time:503904ms step_avg:184.72ms
step:2729/4150 train_time:504126ms step_avg:184.73ms
step:2730/4150 train_time:504356ms step_avg:184.75ms
step:2731/4150 train_time:504580ms step_avg:184.76ms
step:2732/4150 train_time:504809ms step_avg:184.78ms
step:2733/4150 train_time:505034ms step_avg:184.79ms
step:2734/4150 train_time:505264ms step_avg:184.81ms
step:2735/4150 train_time:505486ms step_avg:184.82ms
step:2736/4150 train_time:505717ms step_avg:184.84ms
step:2737/4150 train_time:505941ms step_avg:184.85ms
step:2738/4150 train_time:506173ms step_avg:184.87ms
step:2739/4150 train_time:506401ms step_avg:184.89ms
step:2740/4150 train_time:506631ms step_avg:184.90ms
step:2741/4150 train_time:506855ms step_avg:184.92ms
step:2742/4150 train_time:507083ms step_avg:184.93ms
step:2743/4150 train_time:507308ms step_avg:184.95ms
step:2744/4150 train_time:507540ms step_avg:184.96ms
step:2745/4150 train_time:507763ms step_avg:184.98ms
step:2746/4150 train_time:507991ms step_avg:184.99ms
step:2747/4150 train_time:508217ms step_avg:185.01ms
step:2748/4150 train_time:508448ms step_avg:185.02ms
step:2749/4150 train_time:508672ms step_avg:185.04ms
step:2750/4150 train_time:508902ms step_avg:185.06ms
step:2750/4150 val_loss:3.0706 train_time:509107ms step_avg:185.13ms
step:2751/4150 train_time:509137ms step_avg:185.07ms
step:2752/4150 train_time:509363ms step_avg:185.09ms
step:2753/4150 train_time:509590ms step_avg:185.10ms
step:2754/4150 train_time:509816ms step_avg:185.12ms
step:2755/4150 train_time:510042ms step_avg:185.13ms
step:2756/4150 train_time:510277ms step_avg:185.15ms
step:2757/4150 train_time:510504ms step_avg:185.17ms
step:2758/4150 train_time:510733ms step_avg:185.18ms
step:2759/4150 train_time:510954ms step_avg:185.20ms
step:2760/4150 train_time:511191ms step_avg:185.21ms
step:2761/4150 train_time:511418ms step_avg:185.23ms
step:2762/4150 train_time:511646ms step_avg:185.24ms
step:2763/4150 train_time:511868ms step_avg:185.26ms
step:2764/4150 train_time:512103ms step_avg:185.28ms
step:2765/4150 train_time:512329ms step_avg:185.29ms
step:2766/4150 train_time:512561ms step_avg:185.31ms
step:2767/4150 train_time:512783ms step_avg:185.32ms
step:2768/4150 train_time:513013ms step_avg:185.34ms
step:2769/4150 train_time:513244ms step_avg:185.35ms
step:2770/4150 train_time:513477ms step_avg:185.37ms
step:2771/4150 train_time:513701ms step_avg:185.38ms
step:2772/4150 train_time:513929ms step_avg:185.40ms
step:2773/4150 train_time:514157ms step_avg:185.42ms
step:2774/4150 train_time:514392ms step_avg:185.43ms
step:2775/4150 train_time:514618ms step_avg:185.45ms
step:2776/4150 train_time:514846ms step_avg:185.46ms
step:2777/4150 train_time:515072ms step_avg:185.48ms
step:2778/4150 train_time:515305ms step_avg:185.49ms
step:2779/4150 train_time:515532ms step_avg:185.51ms
step:2780/4150 train_time:515763ms step_avg:185.53ms
step:2781/4150 train_time:515988ms step_avg:185.54ms
step:2782/4150 train_time:516219ms step_avg:185.56ms
step:2783/4150 train_time:516446ms step_avg:185.57ms
step:2784/4150 train_time:516681ms step_avg:185.59ms
step:2785/4150 train_time:516902ms step_avg:185.60ms
step:2786/4150 train_time:517132ms step_avg:185.62ms
step:2787/4150 train_time:517359ms step_avg:185.63ms
step:2788/4150 train_time:517592ms step_avg:185.65ms
step:2789/4150 train_time:517817ms step_avg:185.66ms
step:2790/4150 train_time:518049ms step_avg:185.68ms
step:2791/4150 train_time:518272ms step_avg:185.69ms
step:2792/4150 train_time:518503ms step_avg:185.71ms
step:2793/4150 train_time:518727ms step_avg:185.72ms
step:2794/4150 train_time:518958ms step_avg:185.74ms
step:2795/4150 train_time:519183ms step_avg:185.75ms
step:2796/4150 train_time:519412ms step_avg:185.77ms
step:2797/4150 train_time:519638ms step_avg:185.78ms
step:2798/4150 train_time:519866ms step_avg:185.80ms
step:2799/4150 train_time:520093ms step_avg:185.81ms
step:2800/4150 train_time:520327ms step_avg:185.83ms
step:2801/4150 train_time:520553ms step_avg:185.85ms
step:2802/4150 train_time:520785ms step_avg:185.86ms
step:2803/4150 train_time:521009ms step_avg:185.88ms
step:2804/4150 train_time:521240ms step_avg:185.89ms
step:2805/4150 train_time:521464ms step_avg:185.91ms
step:2806/4150 train_time:521694ms step_avg:185.92ms
step:2807/4150 train_time:521918ms step_avg:185.93ms
step:2808/4150 train_time:522148ms step_avg:185.95ms
step:2809/4150 train_time:522377ms step_avg:185.97ms
step:2810/4150 train_time:522604ms step_avg:185.98ms
step:2811/4150 train_time:522830ms step_avg:185.99ms
step:2812/4150 train_time:523059ms step_avg:186.01ms
step:2813/4150 train_time:523282ms step_avg:186.02ms
step:2814/4150 train_time:523512ms step_avg:186.04ms
step:2815/4150 train_time:523738ms step_avg:186.05ms
step:2816/4150 train_time:523968ms step_avg:186.07ms
step:2817/4150 train_time:524196ms step_avg:186.08ms
step:2818/4150 train_time:524425ms step_avg:186.10ms
step:2819/4150 train_time:524650ms step_avg:186.11ms
step:2820/4150 train_time:524882ms step_avg:186.13ms
step:2821/4150 train_time:525108ms step_avg:186.14ms
step:2822/4150 train_time:525339ms step_avg:186.16ms
step:2823/4150 train_time:525564ms step_avg:186.17ms
step:2824/4150 train_time:525798ms step_avg:186.19ms
step:2825/4150 train_time:526021ms step_avg:186.20ms
step:2826/4150 train_time:526251ms step_avg:186.22ms
step:2827/4150 train_time:526474ms step_avg:186.23ms
step:2828/4150 train_time:526709ms step_avg:186.25ms
step:2829/4150 train_time:526933ms step_avg:186.26ms
step:2830/4150 train_time:527165ms step_avg:186.28ms
step:2831/4150 train_time:527392ms step_avg:186.29ms
step:2832/4150 train_time:527622ms step_avg:186.31ms
step:2833/4150 train_time:527846ms step_avg:186.32ms
step:2834/4150 train_time:528079ms step_avg:186.34ms
step:2835/4150 train_time:528304ms step_avg:186.35ms
step:2836/4150 train_time:528535ms step_avg:186.37ms
step:2837/4150 train_time:528759ms step_avg:186.38ms
step:2838/4150 train_time:528990ms step_avg:186.40ms
step:2839/4150 train_time:529215ms step_avg:186.41ms
step:2840/4150 train_time:529445ms step_avg:186.42ms
step:2841/4150 train_time:529668ms step_avg:186.44ms
step:2842/4150 train_time:529899ms step_avg:186.45ms
step:2843/4150 train_time:530126ms step_avg:186.47ms
step:2844/4150 train_time:530355ms step_avg:186.48ms
step:2845/4150 train_time:530578ms step_avg:186.49ms
step:2846/4150 train_time:530810ms step_avg:186.51ms
step:2847/4150 train_time:531035ms step_avg:186.52ms
step:2848/4150 train_time:531266ms step_avg:186.54ms
step:2849/4150 train_time:531490ms step_avg:186.55ms
step:2850/4150 train_time:531724ms step_avg:186.57ms
step:2851/4150 train_time:531948ms step_avg:186.58ms
step:2852/4150 train_time:532182ms step_avg:186.60ms
step:2853/4150 train_time:532404ms step_avg:186.61ms
step:2854/4150 train_time:532634ms step_avg:186.63ms
step:2855/4150 train_time:532860ms step_avg:186.64ms
step:2856/4150 train_time:533093ms step_avg:186.66ms
step:2857/4150 train_time:533318ms step_avg:186.67ms
step:2858/4150 train_time:533548ms step_avg:186.69ms
step:2859/4150 train_time:533775ms step_avg:186.70ms
step:2860/4150 train_time:534006ms step_avg:186.72ms
step:2861/4150 train_time:534232ms step_avg:186.73ms
step:2862/4150 train_time:534463ms step_avg:186.74ms
step:2863/4150 train_time:534685ms step_avg:186.76ms
step:2864/4150 train_time:534919ms step_avg:186.77ms
step:2865/4150 train_time:535142ms step_avg:186.79ms
step:2866/4150 train_time:535373ms step_avg:186.80ms
step:2867/4150 train_time:535598ms step_avg:186.81ms
step:2868/4150 train_time:535828ms step_avg:186.83ms
step:2869/4150 train_time:536054ms step_avg:186.84ms
step:2870/4150 train_time:536286ms step_avg:186.86ms
step:2871/4150 train_time:536514ms step_avg:186.87ms
step:2872/4150 train_time:536743ms step_avg:186.89ms
step:2873/4150 train_time:536967ms step_avg:186.90ms
step:2874/4150 train_time:537199ms step_avg:186.92ms
step:2875/4150 train_time:537421ms step_avg:186.93ms
step:2876/4150 train_time:537655ms step_avg:186.95ms
step:2877/4150 train_time:537881ms step_avg:186.96ms
step:2878/4150 train_time:538113ms step_avg:186.97ms
step:2879/4150 train_time:538340ms step_avg:186.99ms
step:2880/4150 train_time:538569ms step_avg:187.00ms
step:2881/4150 train_time:538796ms step_avg:187.02ms
step:2882/4150 train_time:539024ms step_avg:187.03ms
step:2883/4150 train_time:539252ms step_avg:187.05ms
step:2884/4150 train_time:539479ms step_avg:187.06ms
step:2885/4150 train_time:539703ms step_avg:187.07ms
step:2886/4150 train_time:539935ms step_avg:187.09ms
step:2887/4150 train_time:540161ms step_avg:187.10ms
step:2888/4150 train_time:540391ms step_avg:187.12ms
step:2889/4150 train_time:540615ms step_avg:187.13ms
step:2890/4150 train_time:540844ms step_avg:187.14ms
step:2891/4150 train_time:541074ms step_avg:187.16ms
step:2892/4150 train_time:541305ms step_avg:187.17ms
step:2893/4150 train_time:541531ms step_avg:187.19ms
step:2894/4150 train_time:541759ms step_avg:187.20ms
step:2895/4150 train_time:541984ms step_avg:187.21ms
step:2896/4150 train_time:542213ms step_avg:187.23ms
step:2897/4150 train_time:542439ms step_avg:187.24ms
step:2898/4150 train_time:542671ms step_avg:187.26ms
step:2899/4150 train_time:542898ms step_avg:187.27ms
step:2900/4150 train_time:543127ms step_avg:187.29ms
step:2901/4150 train_time:543351ms step_avg:187.30ms
step:2902/4150 train_time:543585ms step_avg:187.31ms
step:2903/4150 train_time:543809ms step_avg:187.33ms
step:2904/4150 train_time:544037ms step_avg:187.34ms
step:2905/4150 train_time:544263ms step_avg:187.35ms
step:2906/4150 train_time:544500ms step_avg:187.37ms
step:2907/4150 train_time:544723ms step_avg:187.38ms
step:2908/4150 train_time:544957ms step_avg:187.40ms
step:2909/4150 train_time:545182ms step_avg:187.41ms
step:2910/4150 train_time:545419ms step_avg:187.43ms
step:2911/4150 train_time:545643ms step_avg:187.44ms
step:2912/4150 train_time:545874ms step_avg:187.46ms
step:2913/4150 train_time:546100ms step_avg:187.47ms
step:2914/4150 train_time:546329ms step_avg:187.48ms
step:2915/4150 train_time:546556ms step_avg:187.50ms
step:2916/4150 train_time:546787ms step_avg:187.51ms
step:2917/4150 train_time:547013ms step_avg:187.53ms
step:2918/4150 train_time:547241ms step_avg:187.54ms
step:2919/4150 train_time:547468ms step_avg:187.55ms
step:2920/4150 train_time:547698ms step_avg:187.57ms
step:2921/4150 train_time:547922ms step_avg:187.58ms
step:2922/4150 train_time:548152ms step_avg:187.59ms
step:2923/4150 train_time:548378ms step_avg:187.61ms
step:2924/4150 train_time:548609ms step_avg:187.62ms
step:2925/4150 train_time:548833ms step_avg:187.64ms
step:2926/4150 train_time:549063ms step_avg:187.65ms
step:2927/4150 train_time:549286ms step_avg:187.66ms
step:2928/4150 train_time:549516ms step_avg:187.68ms
step:2929/4150 train_time:549740ms step_avg:187.69ms
step:2930/4150 train_time:549971ms step_avg:187.70ms
step:2931/4150 train_time:550193ms step_avg:187.72ms
step:2932/4150 train_time:550423ms step_avg:187.73ms
step:2933/4150 train_time:550647ms step_avg:187.74ms
step:2934/4150 train_time:550879ms step_avg:187.76ms
step:2935/4150 train_time:551107ms step_avg:187.77ms
step:2936/4150 train_time:551340ms step_avg:187.79ms
step:2937/4150 train_time:551566ms step_avg:187.80ms
step:2938/4150 train_time:551798ms step_avg:187.81ms
step:2939/4150 train_time:552023ms step_avg:187.83ms
step:2940/4150 train_time:552253ms step_avg:187.84ms
step:2941/4150 train_time:552479ms step_avg:187.85ms
step:2942/4150 train_time:552709ms step_avg:187.87ms
step:2943/4150 train_time:552931ms step_avg:187.88ms
step:2944/4150 train_time:553162ms step_avg:187.89ms
step:2945/4150 train_time:553386ms step_avg:187.91ms
step:2946/4150 train_time:553621ms step_avg:187.92ms
step:2947/4150 train_time:553845ms step_avg:187.94ms
step:2948/4150 train_time:554076ms step_avg:187.95ms
step:2949/4150 train_time:554302ms step_avg:187.96ms
step:2950/4150 train_time:554532ms step_avg:187.98ms
step:2951/4150 train_time:554758ms step_avg:187.99ms
step:2952/4150 train_time:554989ms step_avg:188.00ms
step:2953/4150 train_time:555214ms step_avg:188.02ms
step:2954/4150 train_time:555447ms step_avg:188.03ms
step:2955/4150 train_time:555675ms step_avg:188.05ms
step:2956/4150 train_time:555903ms step_avg:188.06ms
step:2957/4150 train_time:556128ms step_avg:188.07ms
step:2958/4150 train_time:556360ms step_avg:188.09ms
step:2959/4150 train_time:556586ms step_avg:188.10ms
step:2960/4150 train_time:556819ms step_avg:188.11ms
step:2961/4150 train_time:557042ms step_avg:188.13ms
step:2962/4150 train_time:557274ms step_avg:188.14ms
step:2963/4150 train_time:557499ms step_avg:188.15ms
step:2964/4150 train_time:557730ms step_avg:188.17ms
step:2965/4150 train_time:557957ms step_avg:188.18ms
step:2966/4150 train_time:558185ms step_avg:188.19ms
step:2967/4150 train_time:558411ms step_avg:188.21ms
step:2968/4150 train_time:558642ms step_avg:188.22ms
step:2969/4150 train_time:558868ms step_avg:188.23ms
step:2970/4150 train_time:559100ms step_avg:188.25ms
step:2971/4150 train_time:559322ms step_avg:188.26ms
step:2972/4150 train_time:559551ms step_avg:188.27ms
step:2973/4150 train_time:559775ms step_avg:188.29ms
step:2974/4150 train_time:560007ms step_avg:188.30ms
step:2975/4150 train_time:560233ms step_avg:188.31ms
step:2976/4150 train_time:560461ms step_avg:188.33ms
step:2977/4150 train_time:560685ms step_avg:188.34ms
step:2978/4150 train_time:560916ms step_avg:188.35ms
step:2979/4150 train_time:561141ms step_avg:188.37ms
step:2980/4150 train_time:561372ms step_avg:188.38ms
step:2981/4150 train_time:561595ms step_avg:188.39ms
step:2982/4150 train_time:561824ms step_avg:188.41ms
step:2983/4150 train_time:562051ms step_avg:188.42ms
step:2984/4150 train_time:562284ms step_avg:188.43ms
step:2985/4150 train_time:562509ms step_avg:188.45ms
step:2986/4150 train_time:562738ms step_avg:188.46ms
step:2987/4150 train_time:562961ms step_avg:188.47ms
step:2988/4150 train_time:563190ms step_avg:188.48ms
step:2989/4150 train_time:563414ms step_avg:188.50ms
step:2990/4150 train_time:563643ms step_avg:188.51ms
step:2991/4150 train_time:563866ms step_avg:188.52ms
step:2992/4150 train_time:564096ms step_avg:188.53ms
step:2993/4150 train_time:564319ms step_avg:188.55ms
step:2994/4150 train_time:564548ms step_avg:188.56ms
step:2995/4150 train_time:564774ms step_avg:188.57ms
step:2996/4150 train_time:565001ms step_avg:188.59ms
step:2997/4150 train_time:565224ms step_avg:188.60ms
step:2998/4150 train_time:565456ms step_avg:188.61ms
step:2999/4150 train_time:565682ms step_avg:188.62ms
step:3000/4150 train_time:565912ms step_avg:188.64ms
step:3000/4150 val_loss:3.0392 train_time:566116ms step_avg:188.71ms
step:3001/4150 train_time:566139ms step_avg:188.65ms
step:3002/4150 train_time:566366ms step_avg:188.66ms
step:3003/4150 train_time:566594ms step_avg:188.68ms
step:3004/4150 train_time:566822ms step_avg:188.69ms
step:3005/4150 train_time:567046ms step_avg:188.70ms
step:3006/4150 train_time:567278ms step_avg:188.72ms
step:3007/4150 train_time:567504ms step_avg:188.73ms
step:3008/4150 train_time:567735ms step_avg:188.74ms
step:3009/4150 train_time:567956ms step_avg:188.75ms
step:3010/4150 train_time:568188ms step_avg:188.77ms
step:3011/4150 train_time:568415ms step_avg:188.78ms
step:3012/4150 train_time:568643ms step_avg:188.79ms
step:3013/4150 train_time:568866ms step_avg:188.80ms
step:3014/4150 train_time:569098ms step_avg:188.82ms
step:3015/4150 train_time:569323ms step_avg:188.83ms
step:3016/4150 train_time:569553ms step_avg:188.84ms
step:3017/4150 train_time:569776ms step_avg:188.86ms
step:3018/4150 train_time:570007ms step_avg:188.87ms
step:3019/4150 train_time:570231ms step_avg:188.88ms
step:3020/4150 train_time:570462ms step_avg:188.89ms
step:3021/4150 train_time:570690ms step_avg:188.91ms
step:3022/4150 train_time:570921ms step_avg:188.92ms
step:3023/4150 train_time:571142ms step_avg:188.93ms
step:3024/4150 train_time:571373ms step_avg:188.95ms
step:3025/4150 train_time:571600ms step_avg:188.96ms
step:3026/4150 train_time:571828ms step_avg:188.97ms
step:3027/4150 train_time:572050ms step_avg:188.98ms
step:3028/4150 train_time:572285ms step_avg:189.00ms
step:3029/4150 train_time:572511ms step_avg:189.01ms
step:3030/4150 train_time:572741ms step_avg:189.02ms
step:3031/4150 train_time:572966ms step_avg:189.04ms
step:3032/4150 train_time:573197ms step_avg:189.05ms
step:3033/4150 train_time:573427ms step_avg:189.06ms
step:3034/4150 train_time:573658ms step_avg:189.08ms
step:3035/4150 train_time:573881ms step_avg:189.09ms
step:3036/4150 train_time:574110ms step_avg:189.10ms
step:3037/4150 train_time:574339ms step_avg:189.11ms
step:3038/4150 train_time:574569ms step_avg:189.13ms
step:3039/4150 train_time:574794ms step_avg:189.14ms
step:3040/4150 train_time:575025ms step_avg:189.15ms
step:3041/4150 train_time:575247ms step_avg:189.16ms
step:3042/4150 train_time:575476ms step_avg:189.18ms
step:3043/4150 train_time:575703ms step_avg:189.19ms
step:3044/4150 train_time:575934ms step_avg:189.20ms
step:3045/4150 train_time:576159ms step_avg:189.21ms
step:3046/4150 train_time:576388ms step_avg:189.23ms
step:3047/4150 train_time:576614ms step_avg:189.24ms
step:3048/4150 train_time:576844ms step_avg:189.25ms
step:3049/4150 train_time:577066ms step_avg:189.26ms
step:3050/4150 train_time:577298ms step_avg:189.28ms
step:3051/4150 train_time:577525ms step_avg:189.29ms
step:3052/4150 train_time:577756ms step_avg:189.30ms
step:3053/4150 train_time:577979ms step_avg:189.31ms
step:3054/4150 train_time:578209ms step_avg:189.33ms
step:3055/4150 train_time:578434ms step_avg:189.34ms
step:3056/4150 train_time:578666ms step_avg:189.35ms
step:3057/4150 train_time:578892ms step_avg:189.37ms
step:3058/4150 train_time:579124ms step_avg:189.38ms
step:3059/4150 train_time:579349ms step_avg:189.39ms
step:3060/4150 train_time:579584ms step_avg:189.41ms
step:3061/4150 train_time:579806ms step_avg:189.42ms
step:3062/4150 train_time:580037ms step_avg:189.43ms
step:3063/4150 train_time:580261ms step_avg:189.44ms
step:3064/4150 train_time:580493ms step_avg:189.46ms
step:3065/4150 train_time:580718ms step_avg:189.47ms
step:3066/4150 train_time:580947ms step_avg:189.48ms
step:3067/4150 train_time:581171ms step_avg:189.49ms
step:3068/4150 train_time:581403ms step_avg:189.51ms
step:3069/4150 train_time:581630ms step_avg:189.52ms
step:3070/4150 train_time:581862ms step_avg:189.53ms
step:3071/4150 train_time:582089ms step_avg:189.54ms
step:3072/4150 train_time:582318ms step_avg:189.56ms
step:3073/4150 train_time:582540ms step_avg:189.57ms
step:3074/4150 train_time:582771ms step_avg:189.58ms
step:3075/4150 train_time:583000ms step_avg:189.59ms
step:3076/4150 train_time:583227ms step_avg:189.61ms
step:3077/4150 train_time:583451ms step_avg:189.62ms
step:3078/4150 train_time:583680ms step_avg:189.63ms
step:3079/4150 train_time:583909ms step_avg:189.64ms
step:3080/4150 train_time:584142ms step_avg:189.66ms
step:3081/4150 train_time:584368ms step_avg:189.67ms
step:3082/4150 train_time:584598ms step_avg:189.68ms
step:3083/4150 train_time:584825ms step_avg:189.69ms
step:3084/4150 train_time:585057ms step_avg:189.71ms
step:3085/4150 train_time:585278ms step_avg:189.72ms
step:3086/4150 train_time:585509ms step_avg:189.73ms
step:3087/4150 train_time:585733ms step_avg:189.74ms
step:3088/4150 train_time:585964ms step_avg:189.76ms
step:3089/4150 train_time:586188ms step_avg:189.77ms
step:3090/4150 train_time:586419ms step_avg:189.78ms
step:3091/4150 train_time:586643ms step_avg:189.79ms
step:3092/4150 train_time:586874ms step_avg:189.80ms
step:3093/4150 train_time:587099ms step_avg:189.82ms
step:3094/4150 train_time:587328ms step_avg:189.83ms
step:3095/4150 train_time:587551ms step_avg:189.84ms
step:3096/4150 train_time:587784ms step_avg:189.85ms
step:3097/4150 train_time:588010ms step_avg:189.86ms
step:3098/4150 train_time:588239ms step_avg:189.88ms
step:3099/4150 train_time:588465ms step_avg:189.89ms
step:3100/4150 train_time:588697ms step_avg:189.90ms
step:3101/4150 train_time:588927ms step_avg:189.92ms
step:3102/4150 train_time:589158ms step_avg:189.93ms
step:3103/4150 train_time:589381ms step_avg:189.94ms
step:3104/4150 train_time:589610ms step_avg:189.95ms
step:3105/4150 train_time:589835ms step_avg:189.96ms
step:3106/4150 train_time:590065ms step_avg:189.98ms
step:3107/4150 train_time:590291ms step_avg:189.99ms
step:3108/4150 train_time:590521ms step_avg:190.00ms
step:3109/4150 train_time:590749ms step_avg:190.01ms
step:3110/4150 train_time:590979ms step_avg:190.03ms
step:3111/4150 train_time:591206ms step_avg:190.04ms
step:3112/4150 train_time:591435ms step_avg:190.05ms
step:3113/4150 train_time:591661ms step_avg:190.06ms
step:3114/4150 train_time:591891ms step_avg:190.07ms
step:3115/4150 train_time:592116ms step_avg:190.09ms
step:3116/4150 train_time:592345ms step_avg:190.10ms
step:3117/4150 train_time:592571ms step_avg:190.11ms
step:3118/4150 train_time:592804ms step_avg:190.12ms
step:3119/4150 train_time:593028ms step_avg:190.13ms
step:3120/4150 train_time:593260ms step_avg:190.15ms
step:3121/4150 train_time:593482ms step_avg:190.16ms
step:3122/4150 train_time:593712ms step_avg:190.17ms
step:3123/4150 train_time:593937ms step_avg:190.18ms
step:3124/4150 train_time:594169ms step_avg:190.20ms
step:3125/4150 train_time:594395ms step_avg:190.21ms
step:3126/4150 train_time:594625ms step_avg:190.22ms
step:3127/4150 train_time:594850ms step_avg:190.23ms
step:3128/4150 train_time:595084ms step_avg:190.24ms
step:3129/4150 train_time:595307ms step_avg:190.25ms
step:3130/4150 train_time:595540ms step_avg:190.27ms
step:3131/4150 train_time:595762ms step_avg:190.28ms
step:3132/4150 train_time:595994ms step_avg:190.29ms
step:3133/4150 train_time:596221ms step_avg:190.30ms
step:3134/4150 train_time:596448ms step_avg:190.32ms
step:3135/4150 train_time:596675ms step_avg:190.33ms
step:3136/4150 train_time:596907ms step_avg:190.34ms
step:3137/4150 train_time:597131ms step_avg:190.35ms
step:3138/4150 train_time:597362ms step_avg:190.36ms
step:3139/4150 train_time:597586ms step_avg:190.37ms
step:3140/4150 train_time:597819ms step_avg:190.39ms
step:3141/4150 train_time:598045ms step_avg:190.40ms
step:3142/4150 train_time:598276ms step_avg:190.41ms
step:3143/4150 train_time:598504ms step_avg:190.42ms
step:3144/4150 train_time:598735ms step_avg:190.44ms
step:3145/4150 train_time:598960ms step_avg:190.45ms
step:3146/4150 train_time:599190ms step_avg:190.46ms
step:3147/4150 train_time:599417ms step_avg:190.47ms
step:3148/4150 train_time:599645ms step_avg:190.48ms
step:3149/4150 train_time:599870ms step_avg:190.50ms
step:3150/4150 train_time:600100ms step_avg:190.51ms
step:3151/4150 train_time:600328ms step_avg:190.52ms
step:3152/4150 train_time:600559ms step_avg:190.53ms
step:3153/4150 train_time:600786ms step_avg:190.54ms
step:3154/4150 train_time:601018ms step_avg:190.56ms
step:3155/4150 train_time:601244ms step_avg:190.57ms
step:3156/4150 train_time:601478ms step_avg:190.58ms
step:3157/4150 train_time:601703ms step_avg:190.59ms
step:3158/4150 train_time:601933ms step_avg:190.61ms
step:3159/4150 train_time:602158ms step_avg:190.62ms
step:3160/4150 train_time:602387ms step_avg:190.63ms
step:3161/4150 train_time:602612ms step_avg:190.64ms
step:3162/4150 train_time:602842ms step_avg:190.65ms
step:3163/4150 train_time:603067ms step_avg:190.66ms
step:3164/4150 train_time:603299ms step_avg:190.68ms
step:3165/4150 train_time:603527ms step_avg:190.69ms
step:3166/4150 train_time:603757ms step_avg:190.70ms
step:3167/4150 train_time:603983ms step_avg:190.71ms
step:3168/4150 train_time:604212ms step_avg:190.72ms
step:3169/4150 train_time:604438ms step_avg:190.73ms
step:3170/4150 train_time:604669ms step_avg:190.75ms
step:3171/4150 train_time:604895ms step_avg:190.76ms
step:3172/4150 train_time:605125ms step_avg:190.77ms
step:3173/4150 train_time:605349ms step_avg:190.78ms
step:3174/4150 train_time:605582ms step_avg:190.79ms
step:3175/4150 train_time:605806ms step_avg:190.80ms
step:3176/4150 train_time:606035ms step_avg:190.82ms
step:3177/4150 train_time:606259ms step_avg:190.83ms
step:3178/4150 train_time:606487ms step_avg:190.84ms
step:3179/4150 train_time:606716ms step_avg:190.85ms
step:3180/4150 train_time:606949ms step_avg:190.86ms
step:3181/4150 train_time:607174ms step_avg:190.88ms
step:3182/4150 train_time:607403ms step_avg:190.89ms
step:3183/4150 train_time:607628ms step_avg:190.90ms
step:3184/4150 train_time:607859ms step_avg:190.91ms
step:3185/4150 train_time:608085ms step_avg:190.92ms
step:3186/4150 train_time:608316ms step_avg:190.93ms
step:3187/4150 train_time:608544ms step_avg:190.95ms
step:3188/4150 train_time:608777ms step_avg:190.96ms
step:3189/4150 train_time:609002ms step_avg:190.97ms
step:3190/4150 train_time:609229ms step_avg:190.98ms
step:3191/4150 train_time:609455ms step_avg:190.99ms
step:3192/4150 train_time:609682ms step_avg:191.00ms
step:3193/4150 train_time:609909ms step_avg:191.01ms
step:3194/4150 train_time:610140ms step_avg:191.03ms
step:3195/4150 train_time:610365ms step_avg:191.04ms
step:3196/4150 train_time:610593ms step_avg:191.05ms
step:3197/4150 train_time:610818ms step_avg:191.06ms
step:3198/4150 train_time:611048ms step_avg:191.07ms
step:3199/4150 train_time:611276ms step_avg:191.08ms
step:3200/4150 train_time:611504ms step_avg:191.09ms
step:3201/4150 train_time:611727ms step_avg:191.10ms
step:3202/4150 train_time:611957ms step_avg:191.12ms
step:3203/4150 train_time:612183ms step_avg:191.13ms
step:3204/4150 train_time:612413ms step_avg:191.14ms
step:3205/4150 train_time:612638ms step_avg:191.15ms
step:3206/4150 train_time:612868ms step_avg:191.16ms
step:3207/4150 train_time:613089ms step_avg:191.17ms
step:3208/4150 train_time:613321ms step_avg:191.18ms
step:3209/4150 train_time:613545ms step_avg:191.19ms
step:3210/4150 train_time:613777ms step_avg:191.21ms
step:3211/4150 train_time:614002ms step_avg:191.22ms
step:3212/4150 train_time:614236ms step_avg:191.23ms
step:3213/4150 train_time:614463ms step_avg:191.24ms
step:3214/4150 train_time:614693ms step_avg:191.25ms
step:3215/4150 train_time:614915ms step_avg:191.26ms
step:3216/4150 train_time:615147ms step_avg:191.28ms
step:3217/4150 train_time:615372ms step_avg:191.29ms
step:3218/4150 train_time:615602ms step_avg:191.30ms
step:3219/4150 train_time:615826ms step_avg:191.31ms
step:3220/4150 train_time:616058ms step_avg:191.32ms
step:3221/4150 train_time:616280ms step_avg:191.33ms
step:3222/4150 train_time:616509ms step_avg:191.34ms
step:3223/4150 train_time:616732ms step_avg:191.35ms
step:3224/4150 train_time:616961ms step_avg:191.37ms
step:3225/4150 train_time:617188ms step_avg:191.38ms
step:3226/4150 train_time:617418ms step_avg:191.39ms
step:3227/4150 train_time:617644ms step_avg:191.40ms
step:3228/4150 train_time:617873ms step_avg:191.41ms
step:3229/4150 train_time:618096ms step_avg:191.42ms
step:3230/4150 train_time:618326ms step_avg:191.43ms
step:3231/4150 train_time:618551ms step_avg:191.44ms
step:3232/4150 train_time:618779ms step_avg:191.45ms
step:3233/4150 train_time:619003ms step_avg:191.46ms
step:3234/4150 train_time:619234ms step_avg:191.48ms
step:3235/4150 train_time:619457ms step_avg:191.49ms
step:3236/4150 train_time:619689ms step_avg:191.50ms
step:3237/4150 train_time:619914ms step_avg:191.51ms
step:3238/4150 train_time:620143ms step_avg:191.52ms
step:3239/4150 train_time:620367ms step_avg:191.53ms
step:3240/4150 train_time:620599ms step_avg:191.54ms
step:3241/4150 train_time:620825ms step_avg:191.55ms
step:3242/4150 train_time:621055ms step_avg:191.57ms
step:3243/4150 train_time:621280ms step_avg:191.58ms
step:3244/4150 train_time:621511ms step_avg:191.59ms
step:3245/4150 train_time:621738ms step_avg:191.60ms
step:3246/4150 train_time:621968ms step_avg:191.61ms
step:3247/4150 train_time:622196ms step_avg:191.62ms
step:3248/4150 train_time:622425ms step_avg:191.63ms
step:3249/4150 train_time:622650ms step_avg:191.64ms
step:3250/4150 train_time:622883ms step_avg:191.66ms
step:3250/4150 val_loss:3.0078 train_time:623087ms step_avg:191.72ms
step:3251/4150 train_time:623110ms step_avg:191.67ms
step:3252/4150 train_time:623338ms step_avg:191.68ms
step:3253/4150 train_time:623569ms step_avg:191.69ms
step:3254/4150 train_time:623795ms step_avg:191.70ms
step:3255/4150 train_time:624019ms step_avg:191.71ms
step:3256/4150 train_time:624251ms step_avg:191.72ms
step:3257/4150 train_time:624483ms step_avg:191.74ms
step:3258/4150 train_time:624711ms step_avg:191.75ms
step:3259/4150 train_time:624933ms step_avg:191.76ms
step:3260/4150 train_time:625168ms step_avg:191.77ms
step:3261/4150 train_time:625393ms step_avg:191.78ms
step:3262/4150 train_time:625628ms step_avg:191.79ms
step:3263/4150 train_time:625848ms step_avg:191.80ms
step:3264/4150 train_time:626079ms step_avg:191.81ms
step:3265/4150 train_time:626307ms step_avg:191.82ms
step:3266/4150 train_time:626538ms step_avg:191.84ms
step:3267/4150 train_time:626758ms step_avg:191.85ms
step:3268/4150 train_time:626988ms step_avg:191.86ms
step:3269/4150 train_time:627214ms step_avg:191.87ms
step:3270/4150 train_time:627446ms step_avg:191.88ms
step:3271/4150 train_time:627669ms step_avg:191.89ms
step:3272/4150 train_time:627898ms step_avg:191.90ms
step:3273/4150 train_time:628122ms step_avg:191.91ms
step:3274/4150 train_time:628352ms step_avg:191.92ms
step:3275/4150 train_time:628579ms step_avg:191.93ms
step:3276/4150 train_time:628810ms step_avg:191.94ms
step:3277/4150 train_time:629038ms step_avg:191.96ms
step:3278/4150 train_time:629270ms step_avg:191.97ms
step:3279/4150 train_time:629496ms step_avg:191.98ms
step:3280/4150 train_time:629725ms step_avg:191.99ms
step:3281/4150 train_time:629950ms step_avg:192.00ms
step:3282/4150 train_time:630184ms step_avg:192.01ms
step:3283/4150 train_time:630406ms step_avg:192.02ms
step:3284/4150 train_time:630638ms step_avg:192.03ms
step:3285/4150 train_time:630862ms step_avg:192.04ms
step:3286/4150 train_time:631097ms step_avg:192.06ms
step:3287/4150 train_time:631323ms step_avg:192.07ms
step:3288/4150 train_time:631551ms step_avg:192.08ms
step:3289/4150 train_time:631775ms step_avg:192.09ms
step:3290/4150 train_time:632007ms step_avg:192.10ms
step:3291/4150 train_time:632231ms step_avg:192.11ms
step:3292/4150 train_time:632464ms step_avg:192.12ms
step:3293/4150 train_time:632688ms step_avg:192.13ms
step:3294/4150 train_time:632920ms step_avg:192.14ms
step:3295/4150 train_time:633145ms step_avg:192.15ms
step:3296/4150 train_time:633377ms step_avg:192.17ms
step:3297/4150 train_time:633603ms step_avg:192.18ms
step:3298/4150 train_time:633833ms step_avg:192.19ms
step:3299/4150 train_time:634058ms step_avg:192.20ms
step:3300/4150 train_time:634287ms step_avg:192.21ms
step:3301/4150 train_time:634510ms step_avg:192.22ms
step:3302/4150 train_time:634744ms step_avg:192.23ms
step:3303/4150 train_time:634968ms step_avg:192.24ms
step:3304/4150 train_time:635198ms step_avg:192.25ms
step:3305/4150 train_time:635426ms step_avg:192.26ms
step:3306/4150 train_time:635653ms step_avg:192.27ms
step:3307/4150 train_time:635877ms step_avg:192.28ms
step:3308/4150 train_time:636108ms step_avg:192.29ms
step:3309/4150 train_time:636334ms step_avg:192.30ms
step:3310/4150 train_time:636564ms step_avg:192.32ms
step:3311/4150 train_time:636791ms step_avg:192.33ms
step:3312/4150 train_time:637024ms step_avg:192.34ms
step:3313/4150 train_time:637250ms step_avg:192.35ms
step:3314/4150 train_time:637482ms step_avg:192.36ms
step:3315/4150 train_time:637708ms step_avg:192.37ms
step:3316/4150 train_time:637940ms step_avg:192.38ms
step:3317/4150 train_time:638169ms step_avg:192.39ms
step:3318/4150 train_time:638403ms step_avg:192.41ms
step:3319/4150 train_time:638627ms step_avg:192.42ms
step:3320/4150 train_time:638857ms step_avg:192.43ms
step:3321/4150 train_time:639080ms step_avg:192.44ms
step:3322/4150 train_time:639310ms step_avg:192.45ms
step:3323/4150 train_time:639536ms step_avg:192.46ms
step:3324/4150 train_time:639767ms step_avg:192.47ms
step:3325/4150 train_time:639992ms step_avg:192.48ms
step:3326/4150 train_time:640223ms step_avg:192.49ms
step:3327/4150 train_time:640448ms step_avg:192.50ms
step:3328/4150 train_time:640676ms step_avg:192.51ms
step:3329/4150 train_time:640903ms step_avg:192.52ms
step:3330/4150 train_time:641133ms step_avg:192.53ms
step:3331/4150 train_time:641360ms step_avg:192.54ms
step:3332/4150 train_time:641591ms step_avg:192.55ms
step:3333/4150 train_time:641816ms step_avg:192.56ms
step:3334/4150 train_time:642049ms step_avg:192.58ms
step:3335/4150 train_time:642271ms step_avg:192.58ms
step:3336/4150 train_time:642504ms step_avg:192.60ms
step:3337/4150 train_time:642732ms step_avg:192.61ms
step:3338/4150 train_time:642964ms step_avg:192.62ms
step:3339/4150 train_time:643186ms step_avg:192.63ms
step:3340/4150 train_time:643416ms step_avg:192.64ms
step:3341/4150 train_time:643642ms step_avg:192.65ms
step:3342/4150 train_time:643872ms step_avg:192.66ms
step:3343/4150 train_time:644097ms step_avg:192.67ms
step:3344/4150 train_time:644327ms step_avg:192.68ms
step:3345/4150 train_time:644553ms step_avg:192.69ms
step:3346/4150 train_time:644785ms step_avg:192.70ms
step:3347/4150 train_time:645009ms step_avg:192.71ms
step:3348/4150 train_time:645240ms step_avg:192.72ms
step:3349/4150 train_time:645465ms step_avg:192.73ms
step:3350/4150 train_time:645700ms step_avg:192.75ms
step:3351/4150 train_time:645924ms step_avg:192.76ms
step:3352/4150 train_time:646160ms step_avg:192.77ms
step:3353/4150 train_time:646385ms step_avg:192.78ms
step:3354/4150 train_time:646611ms step_avg:192.79ms
step:3355/4150 train_time:646838ms step_avg:192.80ms
step:3356/4150 train_time:647068ms step_avg:192.81ms
step:3357/4150 train_time:647292ms step_avg:192.82ms
step:3358/4150 train_time:647523ms step_avg:192.83ms
step:3359/4150 train_time:647748ms step_avg:192.84ms
step:3360/4150 train_time:647981ms step_avg:192.85ms
step:3361/4150 train_time:648205ms step_avg:192.86ms
step:3362/4150 train_time:648432ms step_avg:192.87ms
step:3363/4150 train_time:648656ms step_avg:192.88ms
step:3364/4150 train_time:648890ms step_avg:192.89ms
step:3365/4150 train_time:649113ms step_avg:192.90ms
step:3366/4150 train_time:649343ms step_avg:192.91ms
step:3367/4150 train_time:649566ms step_avg:192.92ms
step:3368/4150 train_time:649799ms step_avg:192.93ms
step:3369/4150 train_time:650027ms step_avg:192.94ms
step:3370/4150 train_time:650258ms step_avg:192.95ms
step:3371/4150 train_time:650484ms step_avg:192.96ms
step:3372/4150 train_time:650716ms step_avg:192.98ms
step:3373/4150 train_time:650941ms step_avg:192.99ms
step:3374/4150 train_time:651172ms step_avg:193.00ms
step:3375/4150 train_time:651399ms step_avg:193.01ms
step:3376/4150 train_time:651628ms step_avg:193.02ms
step:3377/4150 train_time:651855ms step_avg:193.03ms
step:3378/4150 train_time:652087ms step_avg:193.04ms
step:3379/4150 train_time:652314ms step_avg:193.05ms
step:3380/4150 train_time:652544ms step_avg:193.06ms
step:3381/4150 train_time:652770ms step_avg:193.07ms
step:3382/4150 train_time:653000ms step_avg:193.08ms
step:3383/4150 train_time:653224ms step_avg:193.09ms
step:3384/4150 train_time:653454ms step_avg:193.10ms
step:3385/4150 train_time:653680ms step_avg:193.11ms
step:3386/4150 train_time:653912ms step_avg:193.12ms
step:3387/4150 train_time:654136ms step_avg:193.13ms
step:3388/4150 train_time:654366ms step_avg:193.14ms
step:3389/4150 train_time:654597ms step_avg:193.15ms
step:3390/4150 train_time:654832ms step_avg:193.17ms
step:3391/4150 train_time:655053ms step_avg:193.17ms
step:3392/4150 train_time:655284ms step_avg:193.19ms
step:3393/4150 train_time:655509ms step_avg:193.19ms
step:3394/4150 train_time:655743ms step_avg:193.21ms
step:3395/4150 train_time:655968ms step_avg:193.22ms
step:3396/4150 train_time:656200ms step_avg:193.23ms
step:3397/4150 train_time:656422ms step_avg:193.24ms
step:3398/4150 train_time:656655ms step_avg:193.25ms
step:3399/4150 train_time:656879ms step_avg:193.26ms
step:3400/4150 train_time:657107ms step_avg:193.27ms
step:3401/4150 train_time:657330ms step_avg:193.28ms
step:3402/4150 train_time:657563ms step_avg:193.29ms
step:3403/4150 train_time:657788ms step_avg:193.30ms
step:3404/4150 train_time:658018ms step_avg:193.31ms
step:3405/4150 train_time:658241ms step_avg:193.32ms
step:3406/4150 train_time:658470ms step_avg:193.33ms
step:3407/4150 train_time:658693ms step_avg:193.34ms
step:3408/4150 train_time:658925ms step_avg:193.35ms
step:3409/4150 train_time:659150ms step_avg:193.36ms
step:3410/4150 train_time:659378ms step_avg:193.37ms
step:3411/4150 train_time:659607ms step_avg:193.38ms
step:3412/4150 train_time:659838ms step_avg:193.39ms
step:3413/4150 train_time:660066ms step_avg:193.40ms
step:3414/4150 train_time:660296ms step_avg:193.41ms
step:3415/4150 train_time:660527ms step_avg:193.42ms
step:3416/4150 train_time:660759ms step_avg:193.43ms
step:3417/4150 train_time:660985ms step_avg:193.44ms
step:3418/4150 train_time:661212ms step_avg:193.45ms
step:3419/4150 train_time:661437ms step_avg:193.46ms
step:3420/4150 train_time:661670ms step_avg:193.47ms
step:3421/4150 train_time:661895ms step_avg:193.48ms
step:3422/4150 train_time:662126ms step_avg:193.49ms
step:3423/4150 train_time:662352ms step_avg:193.50ms
step:3424/4150 train_time:662585ms step_avg:193.51ms
step:3425/4150 train_time:662808ms step_avg:193.52ms
step:3426/4150 train_time:663040ms step_avg:193.53ms
step:3427/4150 train_time:663265ms step_avg:193.54ms
step:3428/4150 train_time:663496ms step_avg:193.55ms
step:3429/4150 train_time:663724ms step_avg:193.56ms
step:3430/4150 train_time:663953ms step_avg:193.57ms
step:3431/4150 train_time:664178ms step_avg:193.58ms
step:3432/4150 train_time:664406ms step_avg:193.59ms
step:3433/4150 train_time:664634ms step_avg:193.60ms
step:3434/4150 train_time:664864ms step_avg:193.61ms
step:3435/4150 train_time:665088ms step_avg:193.62ms
step:3436/4150 train_time:665318ms step_avg:193.63ms
step:3437/4150 train_time:665544ms step_avg:193.64ms
step:3438/4150 train_time:665773ms step_avg:193.65ms
step:3439/4150 train_time:666002ms step_avg:193.66ms
step:3440/4150 train_time:666230ms step_avg:193.67ms
step:3441/4150 train_time:666459ms step_avg:193.68ms
step:3442/4150 train_time:666686ms step_avg:193.69ms
step:3443/4150 train_time:666911ms step_avg:193.70ms
step:3444/4150 train_time:667143ms step_avg:193.71ms
step:3445/4150 train_time:667364ms step_avg:193.72ms
step:3446/4150 train_time:667595ms step_avg:193.73ms
step:3447/4150 train_time:667820ms step_avg:193.74ms
step:3448/4150 train_time:668052ms step_avg:193.75ms
step:3449/4150 train_time:668277ms step_avg:193.76ms
step:3450/4150 train_time:668506ms step_avg:193.77ms
step:3451/4150 train_time:668732ms step_avg:193.78ms
step:3452/4150 train_time:668965ms step_avg:193.79ms
step:3453/4150 train_time:669190ms step_avg:193.80ms
step:3454/4150 train_time:669419ms step_avg:193.81ms
step:3455/4150 train_time:669646ms step_avg:193.82ms
step:3456/4150 train_time:669882ms step_avg:193.83ms
step:3457/4150 train_time:670107ms step_avg:193.84ms
step:3458/4150 train_time:670336ms step_avg:193.85ms
step:3459/4150 train_time:670561ms step_avg:193.86ms
step:3460/4150 train_time:670791ms step_avg:193.87ms
step:3461/4150 train_time:671014ms step_avg:193.88ms
step:3462/4150 train_time:671246ms step_avg:193.89ms
step:3463/4150 train_time:671470ms step_avg:193.90ms
step:3464/4150 train_time:671699ms step_avg:193.91ms
step:3465/4150 train_time:671924ms step_avg:193.92ms
step:3466/4150 train_time:672157ms step_avg:193.93ms
step:3467/4150 train_time:672381ms step_avg:193.94ms
step:3468/4150 train_time:672610ms step_avg:193.95ms
step:3469/4150 train_time:672836ms step_avg:193.96ms
step:3470/4150 train_time:673070ms step_avg:193.97ms
step:3471/4150 train_time:673299ms step_avg:193.98ms
step:3472/4150 train_time:673527ms step_avg:193.99ms
step:3473/4150 train_time:673753ms step_avg:194.00ms
step:3474/4150 train_time:673985ms step_avg:194.01ms
step:3475/4150 train_time:674208ms step_avg:194.02ms
step:3476/4150 train_time:674442ms step_avg:194.03ms
step:3477/4150 train_time:674669ms step_avg:194.04ms
step:3478/4150 train_time:674902ms step_avg:194.05ms
step:3479/4150 train_time:675128ms step_avg:194.06ms
step:3480/4150 train_time:675358ms step_avg:194.07ms
step:3481/4150 train_time:675582ms step_avg:194.08ms
step:3482/4150 train_time:675810ms step_avg:194.09ms
step:3483/4150 train_time:676034ms step_avg:194.10ms
step:3484/4150 train_time:676267ms step_avg:194.11ms
step:3485/4150 train_time:676492ms step_avg:194.12ms
step:3486/4150 train_time:676721ms step_avg:194.13ms
step:3487/4150 train_time:676947ms step_avg:194.13ms
step:3488/4150 train_time:677177ms step_avg:194.14ms
step:3489/4150 train_time:677404ms step_avg:194.15ms
step:3490/4150 train_time:677639ms step_avg:194.17ms
step:3491/4150 train_time:677867ms step_avg:194.18ms
step:3492/4150 train_time:678094ms step_avg:194.19ms
step:3493/4150 train_time:678319ms step_avg:194.19ms
step:3494/4150 train_time:678550ms step_avg:194.20ms
step:3495/4150 train_time:678773ms step_avg:194.21ms
step:3496/4150 train_time:679004ms step_avg:194.22ms
step:3497/4150 train_time:679229ms step_avg:194.23ms
step:3498/4150 train_time:679461ms step_avg:194.24ms
step:3499/4150 train_time:679685ms step_avg:194.25ms
step:3500/4150 train_time:679914ms step_avg:194.26ms
step:3500/4150 val_loss:2.9765 train_time:680121ms step_avg:194.32ms
step:3501/4150 train_time:680147ms step_avg:194.27ms
step:3502/4150 train_time:680372ms step_avg:194.28ms
step:3503/4150 train_time:680605ms step_avg:194.29ms
step:3504/4150 train_time:680831ms step_avg:194.30ms
step:3505/4150 train_time:681055ms step_avg:194.31ms
step:3506/4150 train_time:681292ms step_avg:194.32ms
step:3507/4150 train_time:681522ms step_avg:194.33ms
step:3508/4150 train_time:681753ms step_avg:194.34ms
step:3509/4150 train_time:681974ms step_avg:194.35ms
step:3510/4150 train_time:682207ms step_avg:194.36ms
step:3511/4150 train_time:682436ms step_avg:194.37ms
step:3512/4150 train_time:682670ms step_avg:194.38ms
step:3513/4150 train_time:682892ms step_avg:194.39ms
step:3514/4150 train_time:683123ms step_avg:194.40ms
step:3515/4150 train_time:683350ms step_avg:194.41ms
step:3516/4150 train_time:683583ms step_avg:194.42ms
step:3517/4150 train_time:683806ms step_avg:194.43ms
step:3518/4150 train_time:684036ms step_avg:194.44ms
step:3519/4150 train_time:684264ms step_avg:194.45ms
step:3520/4150 train_time:684497ms step_avg:194.46ms
step:3521/4150 train_time:684725ms step_avg:194.47ms
step:3522/4150 train_time:684954ms step_avg:194.48ms
step:3523/4150 train_time:685176ms step_avg:194.49ms
step:3524/4150 train_time:685406ms step_avg:194.50ms
step:3525/4150 train_time:685632ms step_avg:194.51ms
step:3526/4150 train_time:685860ms step_avg:194.52ms
step:3527/4150 train_time:686084ms step_avg:194.52ms
step:3528/4150 train_time:686314ms step_avg:194.53ms
step:3529/4150 train_time:686539ms step_avg:194.54ms
step:3530/4150 train_time:686771ms step_avg:194.55ms
step:3531/4150 train_time:686994ms step_avg:194.56ms
step:3532/4150 train_time:687223ms step_avg:194.57ms
step:3533/4150 train_time:687451ms step_avg:194.58ms
step:3534/4150 train_time:687681ms step_avg:194.59ms
step:3535/4150 train_time:687904ms step_avg:194.60ms
step:3536/4150 train_time:688133ms step_avg:194.61ms
step:3537/4150 train_time:688358ms step_avg:194.62ms
step:3538/4150 train_time:688588ms step_avg:194.63ms
step:3539/4150 train_time:688812ms step_avg:194.63ms
step:3540/4150 train_time:689043ms step_avg:194.65ms
step:3541/4150 train_time:689273ms step_avg:194.65ms
step:3542/4150 train_time:689501ms step_avg:194.66ms
step:3543/4150 train_time:689729ms step_avg:194.67ms
step:3544/4150 train_time:689962ms step_avg:194.68ms
step:3545/4150 train_time:690186ms step_avg:194.69ms
step:3546/4150 train_time:690420ms step_avg:194.70ms
step:3547/4150 train_time:690646ms step_avg:194.71ms
step:3548/4150 train_time:690875ms step_avg:194.72ms
step:3549/4150 train_time:691102ms step_avg:194.73ms
step:3550/4150 train_time:691330ms step_avg:194.74ms
step:3551/4150 train_time:691557ms step_avg:194.75ms
step:3552/4150 train_time:691789ms step_avg:194.76ms
step:3553/4150 train_time:692015ms step_avg:194.77ms
step:3554/4150 train_time:692249ms step_avg:194.78ms
step:3555/4150 train_time:692472ms step_avg:194.79ms
step:3556/4150 train_time:692706ms step_avg:194.80ms
step:3557/4150 train_time:692931ms step_avg:194.81ms
step:3558/4150 train_time:693165ms step_avg:194.82ms
step:3559/4150 train_time:693391ms step_avg:194.83ms
step:3560/4150 train_time:693622ms step_avg:194.84ms
step:3561/4150 train_time:693847ms step_avg:194.85ms
step:3562/4150 train_time:694075ms step_avg:194.86ms
step:3563/4150 train_time:694301ms step_avg:194.86ms
step:3564/4150 train_time:694529ms step_avg:194.87ms
step:3565/4150 train_time:694753ms step_avg:194.88ms
step:3566/4150 train_time:694984ms step_avg:194.89ms
step:3567/4150 train_time:695214ms step_avg:194.90ms
step:3568/4150 train_time:695443ms step_avg:194.91ms
step:3569/4150 train_time:695671ms step_avg:194.92ms
step:3570/4150 train_time:695901ms step_avg:194.93ms
step:3571/4150 train_time:696124ms step_avg:194.94ms
step:3572/4150 train_time:696356ms step_avg:194.95ms
step:3573/4150 train_time:696584ms step_avg:194.96ms
step:3574/4150 train_time:696817ms step_avg:194.97ms
step:3575/4150 train_time:697043ms step_avg:194.98ms
step:3576/4150 train_time:697273ms step_avg:194.99ms
step:3577/4150 train_time:697498ms step_avg:195.00ms
step:3578/4150 train_time:697728ms step_avg:195.01ms
step:3579/4150 train_time:697955ms step_avg:195.01ms
step:3580/4150 train_time:698190ms step_avg:195.03ms
step:3581/4150 train_time:698415ms step_avg:195.03ms
step:3582/4150 train_time:698644ms step_avg:195.04ms
step:3583/4150 train_time:698875ms step_avg:195.05ms
step:3584/4150 train_time:699105ms step_avg:195.06ms
step:3585/4150 train_time:699328ms step_avg:195.07ms
step:3586/4150 train_time:699557ms step_avg:195.08ms
step:3587/4150 train_time:699781ms step_avg:195.09ms
step:3588/4150 train_time:700012ms step_avg:195.10ms
step:3589/4150 train_time:700234ms step_avg:195.11ms
step:3590/4150 train_time:700472ms step_avg:195.12ms
step:3591/4150 train_time:700694ms step_avg:195.13ms
step:3592/4150 train_time:700927ms step_avg:195.14ms
step:3593/4150 train_time:701153ms step_avg:195.14ms
step:3594/4150 train_time:701384ms step_avg:195.15ms
step:3595/4150 train_time:701610ms step_avg:195.16ms
step:3596/4150 train_time:701845ms step_avg:195.17ms
step:3597/4150 train_time:702072ms step_avg:195.18ms
step:3598/4150 train_time:702303ms step_avg:195.19ms
step:3599/4150 train_time:702529ms step_avg:195.20ms
step:3600/4150 train_time:702757ms step_avg:195.21ms
step:3601/4150 train_time:702984ms step_avg:195.22ms
step:3602/4150 train_time:703217ms step_avg:195.23ms
step:3603/4150 train_time:703443ms step_avg:195.24ms
step:3604/4150 train_time:703673ms step_avg:195.25ms
step:3605/4150 train_time:703895ms step_avg:195.26ms
step:3606/4150 train_time:704127ms step_avg:195.27ms
step:3607/4150 train_time:704357ms step_avg:195.27ms
step:3608/4150 train_time:704588ms step_avg:195.28ms
step:3609/4150 train_time:704813ms step_avg:195.29ms
step:3610/4150 train_time:705044ms step_avg:195.30ms
step:3611/4150 train_time:705269ms step_avg:195.31ms
step:3612/4150 train_time:705500ms step_avg:195.32ms
step:3613/4150 train_time:705726ms step_avg:195.33ms
step:3614/4150 train_time:705953ms step_avg:195.34ms
step:3615/4150 train_time:706178ms step_avg:195.35ms
step:3616/4150 train_time:706411ms step_avg:195.36ms
step:3617/4150 train_time:706637ms step_avg:195.37ms
step:3618/4150 train_time:706868ms step_avg:195.38ms
step:3619/4150 train_time:707095ms step_avg:195.38ms
step:3620/4150 train_time:707325ms step_avg:195.39ms
step:3621/4150 train_time:707554ms step_avg:195.40ms
step:3622/4150 train_time:707787ms step_avg:195.41ms
step:3623/4150 train_time:708014ms step_avg:195.42ms
step:3624/4150 train_time:708250ms step_avg:195.43ms
step:3625/4150 train_time:708473ms step_avg:195.44ms
step:3626/4150 train_time:708703ms step_avg:195.45ms
step:3627/4150 train_time:708926ms step_avg:195.46ms
step:3628/4150 train_time:709153ms step_avg:195.47ms
step:3629/4150 train_time:709377ms step_avg:195.47ms
step:3630/4150 train_time:709609ms step_avg:195.48ms
step:3631/4150 train_time:709835ms step_avg:195.49ms
step:3632/4150 train_time:710065ms step_avg:195.50ms
step:3633/4150 train_time:710290ms step_avg:195.51ms
step:3634/4150 train_time:710521ms step_avg:195.52ms
step:3635/4150 train_time:710745ms step_avg:195.53ms
step:3636/4150 train_time:710975ms step_avg:195.54ms
step:3637/4150 train_time:711201ms step_avg:195.55ms
step:3638/4150 train_time:711432ms step_avg:195.56ms
step:3639/4150 train_time:711660ms step_avg:195.56ms
step:3640/4150 train_time:711891ms step_avg:195.57ms
step:3641/4150 train_time:712114ms step_avg:195.58ms
step:3642/4150 train_time:712345ms step_avg:195.59ms
step:3643/4150 train_time:712574ms step_avg:195.60ms
step:3644/4150 train_time:712804ms step_avg:195.61ms
step:3645/4150 train_time:713033ms step_avg:195.62ms
step:3646/4150 train_time:713265ms step_avg:195.63ms
step:3647/4150 train_time:713491ms step_avg:195.64ms
step:3648/4150 train_time:713716ms step_avg:195.65ms
step:3649/4150 train_time:713941ms step_avg:195.65ms
step:3650/4150 train_time:714172ms step_avg:195.66ms
step:3651/4150 train_time:714395ms step_avg:195.67ms
step:3652/4150 train_time:714627ms step_avg:195.68ms
step:3653/4150 train_time:714853ms step_avg:195.69ms
step:3654/4150 train_time:715086ms step_avg:195.70ms
step:3655/4150 train_time:715313ms step_avg:195.71ms
step:3656/4150 train_time:715546ms step_avg:195.72ms
step:3657/4150 train_time:715769ms step_avg:195.73ms
step:3658/4150 train_time:715995ms step_avg:195.73ms
step:3659/4150 train_time:716220ms step_avg:195.74ms
step:3660/4150 train_time:716452ms step_avg:195.75ms
step:3661/4150 train_time:716676ms step_avg:195.76ms
step:3662/4150 train_time:716907ms step_avg:195.77ms
step:3663/4150 train_time:717136ms step_avg:195.78ms
step:3664/4150 train_time:717365ms step_avg:195.79ms
step:3665/4150 train_time:717589ms step_avg:195.80ms
step:3666/4150 train_time:717820ms step_avg:195.80ms
step:3667/4150 train_time:718043ms step_avg:195.81ms
step:3668/4150 train_time:718277ms step_avg:195.82ms
step:3669/4150 train_time:718502ms step_avg:195.83ms
step:3670/4150 train_time:718734ms step_avg:195.84ms
step:3671/4150 train_time:718960ms step_avg:195.85ms
step:3672/4150 train_time:719193ms step_avg:195.86ms
step:3673/4150 train_time:719418ms step_avg:195.87ms
step:3674/4150 train_time:719653ms step_avg:195.88ms
step:3675/4150 train_time:719881ms step_avg:195.89ms
step:3676/4150 train_time:720119ms step_avg:195.90ms
step:3677/4150 train_time:720342ms step_avg:195.90ms
step:3678/4150 train_time:720575ms step_avg:195.92ms
step:3679/4150 train_time:720797ms step_avg:195.92ms
step:3680/4150 train_time:721029ms step_avg:195.93ms
step:3681/4150 train_time:721256ms step_avg:195.94ms
step:3682/4150 train_time:721490ms step_avg:195.95ms
step:3683/4150 train_time:721714ms step_avg:195.96ms
step:3684/4150 train_time:721949ms step_avg:195.97ms
step:3685/4150 train_time:722181ms step_avg:195.98ms
step:3686/4150 train_time:722412ms step_avg:195.99ms
step:3687/4150 train_time:722634ms step_avg:196.00ms
step:3688/4150 train_time:722866ms step_avg:196.00ms
step:3689/4150 train_time:723092ms step_avg:196.01ms
step:3690/4150 train_time:723322ms step_avg:196.02ms
step:3691/4150 train_time:723546ms step_avg:196.03ms
step:3692/4150 train_time:723775ms step_avg:196.04ms
step:3693/4150 train_time:723998ms step_avg:196.05ms
step:3694/4150 train_time:724228ms step_avg:196.06ms
step:3695/4150 train_time:724453ms step_avg:196.06ms
step:3696/4150 train_time:724684ms step_avg:196.07ms
step:3697/4150 train_time:724907ms step_avg:196.08ms
step:3698/4150 train_time:725137ms step_avg:196.09ms
step:3699/4150 train_time:725363ms step_avg:196.10ms
step:3700/4150 train_time:725592ms step_avg:196.11ms
step:3701/4150 train_time:725819ms step_avg:196.11ms
step:3702/4150 train_time:726051ms step_avg:196.12ms
step:3703/4150 train_time:726279ms step_avg:196.13ms
step:3704/4150 train_time:726513ms step_avg:196.14ms
step:3705/4150 train_time:726739ms step_avg:196.15ms
step:3706/4150 train_time:726971ms step_avg:196.16ms
step:3707/4150 train_time:727195ms step_avg:196.17ms
step:3708/4150 train_time:727426ms step_avg:196.18ms
step:3709/4150 train_time:727651ms step_avg:196.19ms
step:3710/4150 train_time:727880ms step_avg:196.19ms
step:3711/4150 train_time:728107ms step_avg:196.20ms
step:3712/4150 train_time:728336ms step_avg:196.21ms
step:3713/4150 train_time:728563ms step_avg:196.22ms
step:3714/4150 train_time:728791ms step_avg:196.23ms
step:3715/4150 train_time:729020ms step_avg:196.24ms
step:3716/4150 train_time:729252ms step_avg:196.25ms
step:3717/4150 train_time:729477ms step_avg:196.25ms
step:3718/4150 train_time:729712ms step_avg:196.26ms
step:3719/4150 train_time:729937ms step_avg:196.27ms
step:3720/4150 train_time:730169ms step_avg:196.28ms
step:3721/4150 train_time:730390ms step_avg:196.29ms
step:3722/4150 train_time:730625ms step_avg:196.30ms
step:3723/4150 train_time:730849ms step_avg:196.31ms
step:3724/4150 train_time:731078ms step_avg:196.32ms
step:3725/4150 train_time:731300ms step_avg:196.32ms
step:3726/4150 train_time:731533ms step_avg:196.33ms
step:3727/4150 train_time:731758ms step_avg:196.34ms
step:3728/4150 train_time:731989ms step_avg:196.35ms
step:3729/4150 train_time:732215ms step_avg:196.36ms
step:3730/4150 train_time:732444ms step_avg:196.37ms
step:3731/4150 train_time:732668ms step_avg:196.37ms
step:3732/4150 train_time:732895ms step_avg:196.38ms
step:3733/4150 train_time:733121ms step_avg:196.39ms
step:3734/4150 train_time:733355ms step_avg:196.40ms
step:3735/4150 train_time:733580ms step_avg:196.41ms
step:3736/4150 train_time:733814ms step_avg:196.42ms
step:3737/4150 train_time:734037ms step_avg:196.42ms
step:3738/4150 train_time:734270ms step_avg:196.43ms
step:3739/4150 train_time:734500ms step_avg:196.44ms
step:3740/4150 train_time:734732ms step_avg:196.45ms
step:3741/4150 train_time:734957ms step_avg:196.46ms
step:3742/4150 train_time:735184ms step_avg:196.47ms
step:3743/4150 train_time:735413ms step_avg:196.48ms
step:3744/4150 train_time:735644ms step_avg:196.49ms
step:3745/4150 train_time:735870ms step_avg:196.49ms
step:3746/4150 train_time:736099ms step_avg:196.50ms
step:3747/4150 train_time:736326ms step_avg:196.51ms
step:3748/4150 train_time:736556ms step_avg:196.52ms
step:3749/4150 train_time:736782ms step_avg:196.53ms
step:3750/4150 train_time:737015ms step_avg:196.54ms
step:3750/4150 val_loss:2.9492 train_time:737218ms step_avg:196.59ms
step:3751/4150 train_time:737243ms step_avg:196.55ms
step:3752/4150 train_time:737469ms step_avg:196.55ms
step:3753/4150 train_time:737699ms step_avg:196.56ms
step:3754/4150 train_time:737923ms step_avg:196.57ms
step:3755/4150 train_time:738154ms step_avg:196.58ms
step:3756/4150 train_time:738391ms step_avg:196.59ms
step:3757/4150 train_time:738615ms step_avg:196.60ms
step:3758/4150 train_time:738844ms step_avg:196.61ms
step:3759/4150 train_time:739065ms step_avg:196.61ms
step:3760/4150 train_time:739299ms step_avg:196.62ms
step:3761/4150 train_time:739527ms step_avg:196.63ms
step:3762/4150 train_time:739756ms step_avg:196.64ms
step:3763/4150 train_time:739979ms step_avg:196.65ms
step:3764/4150 train_time:740210ms step_avg:196.66ms
step:3765/4150 train_time:740435ms step_avg:196.66ms
step:3766/4150 train_time:740667ms step_avg:196.67ms
step:3767/4150 train_time:740892ms step_avg:196.68ms
step:3768/4150 train_time:741120ms step_avg:196.69ms
step:3769/4150 train_time:741348ms step_avg:196.70ms
step:3770/4150 train_time:741575ms step_avg:196.70ms
step:3771/4150 train_time:741799ms step_avg:196.71ms
step:3772/4150 train_time:742030ms step_avg:196.72ms
step:3773/4150 train_time:742255ms step_avg:196.73ms
step:3774/4150 train_time:742488ms step_avg:196.74ms
step:3775/4150 train_time:742710ms step_avg:196.74ms
step:3776/4150 train_time:742941ms step_avg:196.75ms
step:3777/4150 train_time:743166ms step_avg:196.76ms
step:3778/4150 train_time:743396ms step_avg:196.77ms
step:3779/4150 train_time:743620ms step_avg:196.78ms
step:3780/4150 train_time:743849ms step_avg:196.79ms
step:3781/4150 train_time:744074ms step_avg:196.79ms
step:3782/4150 train_time:744306ms step_avg:196.80ms
step:3783/4150 train_time:744532ms step_avg:196.81ms
step:3784/4150 train_time:744764ms step_avg:196.82ms
step:3785/4150 train_time:744988ms step_avg:196.83ms
step:3786/4150 train_time:745216ms step_avg:196.83ms
step:3787/4150 train_time:745442ms step_avg:196.84ms
step:3788/4150 train_time:745674ms step_avg:196.85ms
step:3789/4150 train_time:745901ms step_avg:196.86ms
step:3790/4150 train_time:746131ms step_avg:196.87ms
step:3791/4150 train_time:746355ms step_avg:196.88ms
step:3792/4150 train_time:746586ms step_avg:196.88ms
step:3793/4150 train_time:746809ms step_avg:196.89ms
step:3794/4150 train_time:747040ms step_avg:196.90ms
step:3795/4150 train_time:747268ms step_avg:196.91ms
step:3796/4150 train_time:747499ms step_avg:196.92ms
step:3797/4150 train_time:747721ms step_avg:196.92ms
step:3798/4150 train_time:747949ms step_avg:196.93ms
step:3799/4150 train_time:748175ms step_avg:196.94ms
step:3800/4150 train_time:748407ms step_avg:196.95ms
step:3801/4150 train_time:748630ms step_avg:196.96ms
step:3802/4150 train_time:748861ms step_avg:196.96ms
step:3803/4150 train_time:749090ms step_avg:196.97ms
step:3804/4150 train_time:749322ms step_avg:196.98ms
step:3805/4150 train_time:749550ms step_avg:196.99ms
step:3806/4150 train_time:749779ms step_avg:197.00ms
step:3807/4150 train_time:750005ms step_avg:197.01ms
step:3808/4150 train_time:750232ms step_avg:197.01ms
step:3809/4150 train_time:750455ms step_avg:197.02ms
step:3810/4150 train_time:750688ms step_avg:197.03ms
step:3811/4150 train_time:750910ms step_avg:197.04ms
step:3812/4150 train_time:751142ms step_avg:197.05ms
step:3813/4150 train_time:751369ms step_avg:197.05ms
step:3814/4150 train_time:751601ms step_avg:197.06ms
step:3815/4150 train_time:751824ms step_avg:197.07ms
step:3816/4150 train_time:752053ms step_avg:197.08ms
step:3817/4150 train_time:752281ms step_avg:197.09ms
step:3818/4150 train_time:752511ms step_avg:197.10ms
step:3819/4150 train_time:752737ms step_avg:197.10ms
step:3820/4150 train_time:752966ms step_avg:197.11ms
step:3821/4150 train_time:753193ms step_avg:197.12ms
step:3822/4150 train_time:753425ms step_avg:197.13ms
step:3823/4150 train_time:753654ms step_avg:197.14ms
step:3824/4150 train_time:753885ms step_avg:197.15ms
step:3825/4150 train_time:754112ms step_avg:197.15ms
step:3826/4150 train_time:754345ms step_avg:197.16ms
step:3827/4150 train_time:754571ms step_avg:197.17ms
step:3828/4150 train_time:754802ms step_avg:197.18ms
step:3829/4150 train_time:755029ms step_avg:197.19ms
step:3830/4150 train_time:755260ms step_avg:197.20ms
step:3831/4150 train_time:755488ms step_avg:197.20ms
step:3832/4150 train_time:755715ms step_avg:197.21ms
step:3833/4150 train_time:755940ms step_avg:197.22ms
step:3834/4150 train_time:756172ms step_avg:197.23ms
step:3835/4150 train_time:756396ms step_avg:197.24ms
step:3836/4150 train_time:756628ms step_avg:197.24ms
step:3837/4150 train_time:756853ms step_avg:197.25ms
step:3838/4150 train_time:757084ms step_avg:197.26ms
step:3839/4150 train_time:757310ms step_avg:197.27ms
step:3840/4150 train_time:757539ms step_avg:197.28ms
step:3841/4150 train_time:757762ms step_avg:197.28ms
step:3842/4150 train_time:757993ms step_avg:197.29ms
step:3843/4150 train_time:758220ms step_avg:197.30ms
step:3844/4150 train_time:758450ms step_avg:197.31ms
step:3845/4150 train_time:758674ms step_avg:197.31ms
step:3846/4150 train_time:758907ms step_avg:197.32ms
step:3847/4150 train_time:759136ms step_avg:197.33ms
step:3848/4150 train_time:759366ms step_avg:197.34ms
step:3849/4150 train_time:759591ms step_avg:197.35ms
step:3850/4150 train_time:759821ms step_avg:197.36ms
step:3851/4150 train_time:760048ms step_avg:197.36ms
step:3852/4150 train_time:760279ms step_avg:197.37ms
step:3853/4150 train_time:760507ms step_avg:197.38ms
step:3854/4150 train_time:760740ms step_avg:197.39ms
step:3855/4150 train_time:760965ms step_avg:197.40ms
step:3856/4150 train_time:761194ms step_avg:197.41ms
step:3857/4150 train_time:761419ms step_avg:197.41ms
step:3858/4150 train_time:761650ms step_avg:197.42ms
step:3859/4150 train_time:761873ms step_avg:197.43ms
step:3860/4150 train_time:762105ms step_avg:197.44ms
step:3861/4150 train_time:762332ms step_avg:197.44ms
step:3862/4150 train_time:762565ms step_avg:197.45ms
step:3863/4150 train_time:762791ms step_avg:197.46ms
step:3864/4150 train_time:763026ms step_avg:197.47ms
step:3865/4150 train_time:763250ms step_avg:197.48ms
step:3866/4150 train_time:763484ms step_avg:197.49ms
step:3867/4150 train_time:763710ms step_avg:197.49ms
step:3868/4150 train_time:763942ms step_avg:197.50ms
step:3869/4150 train_time:764167ms step_avg:197.51ms
step:3870/4150 train_time:764399ms step_avg:197.52ms
step:3871/4150 train_time:764626ms step_avg:197.53ms
step:3872/4150 train_time:764857ms step_avg:197.54ms
step:3873/4150 train_time:765082ms step_avg:197.54ms
step:3874/4150 train_time:765311ms step_avg:197.55ms
step:3875/4150 train_time:765537ms step_avg:197.56ms
step:3876/4150 train_time:765771ms step_avg:197.57ms
step:3877/4150 train_time:765994ms step_avg:197.57ms
step:3878/4150 train_time:766226ms step_avg:197.58ms
step:3879/4150 train_time:766449ms step_avg:197.59ms
step:3880/4150 train_time:766681ms step_avg:197.60ms
step:3881/4150 train_time:766905ms step_avg:197.61ms
step:3882/4150 train_time:767135ms step_avg:197.61ms
step:3883/4150 train_time:767361ms step_avg:197.62ms
step:3884/4150 train_time:767592ms step_avg:197.63ms
step:3885/4150 train_time:767816ms step_avg:197.64ms
step:3886/4150 train_time:768047ms step_avg:197.64ms
step:3887/4150 train_time:768273ms step_avg:197.65ms
step:3888/4150 train_time:768509ms step_avg:197.66ms
step:3889/4150 train_time:768736ms step_avg:197.67ms
step:3890/4150 train_time:768966ms step_avg:197.68ms
step:3891/4150 train_time:769193ms step_avg:197.69ms
step:3892/4150 train_time:769426ms step_avg:197.69ms
step:3893/4150 train_time:769647ms step_avg:197.70ms
step:3894/4150 train_time:769881ms step_avg:197.71ms
step:3895/4150 train_time:770104ms step_avg:197.72ms
step:3896/4150 train_time:770334ms step_avg:197.72ms
step:3897/4150 train_time:770561ms step_avg:197.73ms
step:3898/4150 train_time:770789ms step_avg:197.74ms
step:3899/4150 train_time:771013ms step_avg:197.75ms
step:3900/4150 train_time:771245ms step_avg:197.76ms
step:3901/4150 train_time:771470ms step_avg:197.76ms
step:3902/4150 train_time:771699ms step_avg:197.77ms
step:3903/4150 train_time:771923ms step_avg:197.78ms
step:3904/4150 train_time:772155ms step_avg:197.79ms
step:3905/4150 train_time:772382ms step_avg:197.79ms
step:3906/4150 train_time:772611ms step_avg:197.80ms
step:3907/4150 train_time:772832ms step_avg:197.81ms
step:3908/4150 train_time:773063ms step_avg:197.82ms
step:3909/4150 train_time:773287ms step_avg:197.82ms
step:3910/4150 train_time:773519ms step_avg:197.83ms
step:3911/4150 train_time:773742ms step_avg:197.84ms
step:3912/4150 train_time:773972ms step_avg:197.85ms
step:3913/4150 train_time:774195ms step_avg:197.85ms
step:3914/4150 train_time:774428ms step_avg:197.86ms
step:3915/4150 train_time:774652ms step_avg:197.87ms
step:3916/4150 train_time:774887ms step_avg:197.88ms
step:3917/4150 train_time:775112ms step_avg:197.88ms
step:3918/4150 train_time:775345ms step_avg:197.89ms
step:3919/4150 train_time:775570ms step_avg:197.90ms
step:3920/4150 train_time:775801ms step_avg:197.91ms
step:3921/4150 train_time:776028ms step_avg:197.92ms
step:3922/4150 train_time:776260ms step_avg:197.92ms
step:3923/4150 train_time:776486ms step_avg:197.93ms
step:3924/4150 train_time:776716ms step_avg:197.94ms
step:3925/4150 train_time:776942ms step_avg:197.95ms
step:3926/4150 train_time:777171ms step_avg:197.96ms
step:3927/4150 train_time:777400ms step_avg:197.96ms
step:3928/4150 train_time:777631ms step_avg:197.97ms
step:3929/4150 train_time:777854ms step_avg:197.98ms
step:3930/4150 train_time:778085ms step_avg:197.99ms
step:3931/4150 train_time:778311ms step_avg:197.99ms
step:3932/4150 train_time:778539ms step_avg:198.00ms
step:3933/4150 train_time:778759ms step_avg:198.01ms
step:3934/4150 train_time:778991ms step_avg:198.02ms
step:3935/4150 train_time:779215ms step_avg:198.02ms
step:3936/4150 train_time:779449ms step_avg:198.03ms
step:3937/4150 train_time:779673ms step_avg:198.04ms
step:3938/4150 train_time:779904ms step_avg:198.05ms
step:3939/4150 train_time:780129ms step_avg:198.05ms
step:3940/4150 train_time:780359ms step_avg:198.06ms
step:3941/4150 train_time:780587ms step_avg:198.07ms
step:3942/4150 train_time:780817ms step_avg:198.08ms
step:3943/4150 train_time:781047ms step_avg:198.08ms
step:3944/4150 train_time:781281ms step_avg:198.09ms
step:3945/4150 train_time:781507ms step_avg:198.10ms
step:3946/4150 train_time:781735ms step_avg:198.11ms
step:3947/4150 train_time:781961ms step_avg:198.12ms
step:3948/4150 train_time:782191ms step_avg:198.12ms
step:3949/4150 train_time:782417ms step_avg:198.13ms
step:3950/4150 train_time:782646ms step_avg:198.14ms
step:3951/4150 train_time:782867ms step_avg:198.14ms
step:3952/4150 train_time:783098ms step_avg:198.15ms
step:3953/4150 train_time:783321ms step_avg:198.16ms
step:3954/4150 train_time:783552ms step_avg:198.17ms
step:3955/4150 train_time:783775ms step_avg:198.17ms
step:3956/4150 train_time:784009ms step_avg:198.18ms
step:3957/4150 train_time:784235ms step_avg:198.19ms
step:3958/4150 train_time:784465ms step_avg:198.20ms
step:3959/4150 train_time:784692ms step_avg:198.20ms
step:3960/4150 train_time:784923ms step_avg:198.21ms
step:3961/4150 train_time:785153ms step_avg:198.22ms
step:3962/4150 train_time:785387ms step_avg:198.23ms
step:3963/4150 train_time:785612ms step_avg:198.24ms
step:3964/4150 train_time:785842ms step_avg:198.24ms
step:3965/4150 train_time:786066ms step_avg:198.25ms
step:3966/4150 train_time:786299ms step_avg:198.26ms
step:3967/4150 train_time:786522ms step_avg:198.27ms
step:3968/4150 train_time:786753ms step_avg:198.27ms
step:3969/4150 train_time:786983ms step_avg:198.28ms
step:3970/4150 train_time:787211ms step_avg:198.29ms
step:3971/4150 train_time:787435ms step_avg:198.30ms
step:3972/4150 train_time:787668ms step_avg:198.31ms
step:3973/4150 train_time:787895ms step_avg:198.31ms
step:3974/4150 train_time:788124ms step_avg:198.32ms
step:3975/4150 train_time:788348ms step_avg:198.33ms
step:3976/4150 train_time:788580ms step_avg:198.34ms
step:3977/4150 train_time:788805ms step_avg:198.34ms
step:3978/4150 train_time:789035ms step_avg:198.35ms
step:3979/4150 train_time:789260ms step_avg:198.36ms
step:3980/4150 train_time:789489ms step_avg:198.36ms
step:3981/4150 train_time:789712ms step_avg:198.37ms
step:3982/4150 train_time:789942ms step_avg:198.38ms
step:3983/4150 train_time:790169ms step_avg:198.39ms
step:3984/4150 train_time:790399ms step_avg:198.39ms
step:3985/4150 train_time:790625ms step_avg:198.40ms
step:3986/4150 train_time:790856ms step_avg:198.41ms
step:3987/4150 train_time:791081ms step_avg:198.42ms
step:3988/4150 train_time:791310ms step_avg:198.42ms
step:3989/4150 train_time:791534ms step_avg:198.43ms
step:3990/4150 train_time:791765ms step_avg:198.44ms
step:3991/4150 train_time:791992ms step_avg:198.44ms
step:3992/4150 train_time:792222ms step_avg:198.45ms
step:3993/4150 train_time:792449ms step_avg:198.46ms
step:3994/4150 train_time:792681ms step_avg:198.47ms
step:3995/4150 train_time:792904ms step_avg:198.47ms
step:3996/4150 train_time:793136ms step_avg:198.48ms
step:3997/4150 train_time:793362ms step_avg:198.49ms
step:3998/4150 train_time:793591ms step_avg:198.50ms
step:3999/4150 train_time:793818ms step_avg:198.50ms
step:4000/4150 train_time:794049ms step_avg:198.51ms
step:4000/4150 val_loss:2.9262 train_time:794257ms step_avg:198.56ms
step:4001/4150 train_time:794280ms step_avg:198.52ms
step:4002/4150 train_time:794506ms step_avg:198.53ms
step:4003/4150 train_time:794736ms step_avg:198.54ms
step:4004/4150 train_time:794967ms step_avg:198.54ms
step:4005/4150 train_time:795189ms step_avg:198.55ms
step:4006/4150 train_time:795423ms step_avg:198.56ms
step:4007/4150 train_time:795654ms step_avg:198.57ms
step:4008/4150 train_time:795886ms step_avg:198.57ms
step:4009/4150 train_time:796106ms step_avg:198.58ms
step:4010/4150 train_time:796340ms step_avg:198.59ms
step:4011/4150 train_time:796570ms step_avg:198.60ms
step:4012/4150 train_time:796799ms step_avg:198.60ms
step:4013/4150 train_time:797026ms step_avg:198.61ms
step:4014/4150 train_time:797256ms step_avg:198.62ms
step:4015/4150 train_time:797483ms step_avg:198.63ms
step:4016/4150 train_time:797718ms step_avg:198.63ms
step:4017/4150 train_time:797942ms step_avg:198.64ms
step:4018/4150 train_time:798175ms step_avg:198.65ms
step:4019/4150 train_time:798399ms step_avg:198.66ms
step:4020/4150 train_time:798627ms step_avg:198.66ms
step:4021/4150 train_time:798852ms step_avg:198.67ms
step:4022/4150 train_time:799083ms step_avg:198.68ms
step:4023/4150 train_time:799312ms step_avg:198.69ms
step:4024/4150 train_time:799543ms step_avg:198.69ms
step:4025/4150 train_time:799772ms step_avg:198.70ms
step:4026/4150 train_time:800000ms step_avg:198.71ms
step:4027/4150 train_time:800225ms step_avg:198.71ms
step:4028/4150 train_time:800455ms step_avg:198.72ms
step:4029/4150 train_time:800685ms step_avg:198.73ms
step:4030/4150 train_time:800915ms step_avg:198.74ms
step:4031/4150 train_time:801142ms step_avg:198.75ms
step:4032/4150 train_time:801375ms step_avg:198.75ms
step:4033/4150 train_time:801600ms step_avg:198.76ms
step:4034/4150 train_time:801829ms step_avg:198.77ms
step:4035/4150 train_time:802054ms step_avg:198.77ms
step:4036/4150 train_time:802281ms step_avg:198.78ms
step:4037/4150 train_time:802508ms step_avg:198.79ms
step:4038/4150 train_time:802738ms step_avg:198.80ms
step:4039/4150 train_time:802966ms step_avg:198.80ms
step:4040/4150 train_time:803196ms step_avg:198.81ms
step:4041/4150 train_time:803424ms step_avg:198.82ms
step:4042/4150 train_time:803654ms step_avg:198.83ms
step:4043/4150 train_time:803881ms step_avg:198.83ms
step:4044/4150 train_time:804109ms step_avg:198.84ms
step:4045/4150 train_time:804338ms step_avg:198.85ms
step:4046/4150 train_time:804566ms step_avg:198.85ms
step:4047/4150 train_time:804794ms step_avg:198.86ms
step:4048/4150 train_time:805023ms step_avg:198.87ms
step:4049/4150 train_time:805248ms step_avg:198.88ms
step:4050/4150 train_time:805479ms step_avg:198.88ms
step:4051/4150 train_time:805704ms step_avg:198.89ms
step:4052/4150 train_time:805934ms step_avg:198.90ms
step:4053/4150 train_time:806157ms step_avg:198.90ms
step:4054/4150 train_time:806384ms step_avg:198.91ms
step:4055/4150 train_time:806609ms step_avg:198.92ms
step:4056/4150 train_time:806843ms step_avg:198.93ms
step:4057/4150 train_time:807065ms step_avg:198.93ms
step:4058/4150 train_time:807299ms step_avg:198.94ms
step:4059/4150 train_time:807521ms step_avg:198.95ms
step:4060/4150 train_time:807753ms step_avg:198.95ms
step:4061/4150 train_time:807977ms step_avg:198.96ms
step:4062/4150 train_time:808208ms step_avg:198.97ms
step:4063/4150 train_time:808431ms step_avg:198.97ms
step:4064/4150 train_time:808663ms step_avg:198.98ms
step:4065/4150 train_time:808889ms step_avg:198.99ms
step:4066/4150 train_time:809122ms step_avg:199.00ms
step:4067/4150 train_time:809351ms step_avg:199.00ms
step:4068/4150 train_time:809583ms step_avg:199.01ms
step:4069/4150 train_time:809806ms step_avg:199.02ms
step:4070/4150 train_time:810036ms step_avg:199.03ms
step:4071/4150 train_time:810260ms step_avg:199.03ms
step:4072/4150 train_time:810489ms step_avg:199.04ms
step:4073/4150 train_time:810715ms step_avg:199.05ms
step:4074/4150 train_time:810947ms step_avg:199.05ms
step:4075/4150 train_time:811175ms step_avg:199.06ms
step:4076/4150 train_time:811408ms step_avg:199.07ms
step:4077/4150 train_time:811629ms step_avg:199.08ms
step:4078/4150 train_time:811861ms step_avg:199.08ms
step:4079/4150 train_time:812086ms step_avg:199.09ms
step:4080/4150 train_time:812317ms step_avg:199.10ms
step:4081/4150 train_time:812543ms step_avg:199.10ms
step:4082/4150 train_time:812772ms step_avg:199.11ms
step:4083/4150 train_time:813001ms step_avg:199.12ms
step:4084/4150 train_time:813234ms step_avg:199.13ms
step:4085/4150 train_time:813457ms step_avg:199.13ms
step:4086/4150 train_time:813686ms step_avg:199.14ms
step:4087/4150 train_time:813910ms step_avg:199.15ms
step:4088/4150 train_time:814142ms step_avg:199.15ms
step:4089/4150 train_time:814369ms step_avg:199.16ms
step:4090/4150 train_time:814599ms step_avg:199.17ms
step:4091/4150 train_time:814822ms step_avg:199.17ms
step:4092/4150 train_time:815053ms step_avg:199.18ms
step:4093/4150 train_time:815282ms step_avg:199.19ms
step:4094/4150 train_time:815515ms step_avg:199.20ms
step:4095/4150 train_time:815740ms step_avg:199.20ms
step:4096/4150 train_time:815968ms step_avg:199.21ms
step:4097/4150 train_time:816196ms step_avg:199.22ms
step:4098/4150 train_time:816426ms step_avg:199.23ms
step:4099/4150 train_time:816649ms step_avg:199.23ms
step:4100/4150 train_time:816879ms step_avg:199.24ms
step:4101/4150 train_time:817105ms step_avg:199.25ms
step:4102/4150 train_time:817339ms step_avg:199.25ms
step:4103/4150 train_time:817566ms step_avg:199.26ms
step:4104/4150 train_time:817795ms step_avg:199.27ms
step:4105/4150 train_time:818021ms step_avg:199.27ms
step:4106/4150 train_time:818251ms step_avg:199.28ms
step:4107/4150 train_time:818475ms step_avg:199.29ms
step:4108/4150 train_time:818708ms step_avg:199.30ms
step:4109/4150 train_time:818932ms step_avg:199.30ms
step:4110/4150 train_time:819164ms step_avg:199.31ms
step:4111/4150 train_time:819390ms step_avg:199.32ms
step:4112/4150 train_time:819626ms step_avg:199.33ms
step:4113/4150 train_time:819848ms step_avg:199.33ms
step:4114/4150 train_time:820081ms step_avg:199.34ms
step:4115/4150 train_time:820308ms step_avg:199.35ms
step:4116/4150 train_time:820538ms step_avg:199.35ms
step:4117/4150 train_time:820763ms step_avg:199.36ms
step:4118/4150 train_time:820994ms step_avg:199.37ms
step:4119/4150 train_time:821220ms step_avg:199.37ms
step:4120/4150 train_time:821448ms step_avg:199.38ms
step:4121/4150 train_time:821673ms step_avg:199.39ms
step:4122/4150 train_time:821905ms step_avg:199.39ms
step:4123/4150 train_time:822129ms step_avg:199.40ms
step:4124/4150 train_time:822361ms step_avg:199.41ms
step:4125/4150 train_time:822585ms step_avg:199.41ms
step:4126/4150 train_time:822818ms step_avg:199.42ms
step:4127/4150 train_time:823042ms step_avg:199.43ms
step:4128/4150 train_time:823274ms step_avg:199.44ms
step:4129/4150 train_time:823503ms step_avg:199.44ms
step:4130/4150 train_time:823734ms step_avg:199.45ms
step:4131/4150 train_time:823961ms step_avg:199.46ms
step:4132/4150 train_time:824189ms step_avg:199.46ms
Exception in thread Thread-27 (_load):
Exception in thread Thread-27 (_load):
Traceback (most recent call last):
  File "/usr/lib/python3.10/threading.py", line 1016, in _bootstrap_inner
step:4133/4150 train_time:824413ms step_avg:199.47ms
Exception in thread Thread-27 (_load):
Traceback (most recent call last):
Exception in thread Thread-27 (_load):
Traceback (most recent call last):
  File "/usr/lib/python3.10/threading.py", line 1016, in _bootstrap_inner
Exception in thread Thread-27 (_load):
Traceback (most recent call last):
  File "/usr/lib/python3.10/threading.py", line 1016, in _bootstrap_inner
    self.run()    Exception in thread 
self.run()  File "/usr/lib/python3.10/threading.py", line 953, in run

Thread-27 (_load)  File "/usr/lib/python3.10/threading.py", line 953, in run
Exception in thread Thread-27 (_load):
Traceback (most recent call last):
      File "/usr/lib/python3.10/threading.py", line 1016, in _bootstrap_inner
    self._target(*self._args, **self._kwargs)
  File "/root/modded-nanogpt-private/train_gpt_medium.py", line 1648, in _load
self._target(*self._args, **self._kwargs)
  File "/root/modded-nanogpt-private/train_gpt_medium.py", line 1648, in _load
Traceback (most recent call last):
  File "/usr/lib/python3.10/threading.py", line 1016, in _bootstrap_inner
    tokens = _load_data_shard(next(self.file_iter))
    StopIterationself.run()
  File "/usr/lib/python3.10/threading.py", line 953, in run
Exception in thread Thread-27 (_load):

Traceback (most recent call last):
      File "/usr/lib/python3.10/threading.py", line 1016, in _bootstrap_inner
tokens = _load_data_shard(next(self.file_iter))
    self._target(*self._args, **self._kwargs)
  File "/root/modded-nanogpt-private/train_gpt_medium.py", line 1648, in _load
StopIteration
    self.run()
  File "/usr/lib/python3.10/threading.py", line 953, in run
    :
self._target(*self._args, **self._kwargs)
    Traceback (most recent call last):
  File "/root/modded-nanogpt-private/train_gpt_medium.py", line 1648, in _load
  File "/usr/lib/python3.10/threading.py", line 1016, in _bootstrap_inner
tokens = _load_data_shard(next(self.file_iter))
    StopIteration
self.run()
  File "/usr/lib/python3.10/threading.py", line 953, in run
  File "/usr/lib/python3.10/threading.py", line 1016, in _bootstrap_inner
    self._target(*self._args, **self._kwargs)
  File "/root/modded-nanogpt-private/train_gpt_medium.py", line 1648, in _load
    tokens = _load_data_shard(next(self.file_iter))    
    self.run()StopIteration    self.run()

tokens = _load_data_shard(next(self.file_iter))
  File "/usr/lib/python3.10/threading.py", line 953, in run

  File "/usr/lib/python3.10/threading.py", line 953, in run
StopIteration
    self.run()
  File "/usr/lib/python3.10/threading.py", line 953, in run
    self._target(*self._args, **self._kwargs)    
  File "/root/modded-nanogpt-private/train_gpt_medium.py", line 1648, in _load
self._target(*self._args, **self._kwargs)
  File "/root/modded-nanogpt-private/train_gpt_medium.py", line 1648, in _load
    self._target(*self._args, **self._kwargs)
  File "/root/modded-nanogpt-private/train_gpt_medium.py", line 1648, in _load
    tokens = _load_data_shard(next(self.file_iter))
    StopIteration
tokens = _load_data_shard(next(self.file_iter))
StopIteration    
tokens = _load_data_shard(next(self.file_iter))
StopIteration
step:4134/4150 train_time:824643ms step_avg:199.48ms
step:4135/4150 train_time:824866ms step_avg:199.48ms
step:4136/4150 train_time:825098ms step_avg:199.49ms
step:4137/4150 train_time:825322ms step_avg:199.50ms
step:4138/4150 train_time:825555ms step_avg:199.51ms
step:4139/4150 train_time:825783ms step_avg:199.51ms
step:4140/4150 train_time:826015ms step_avg:199.52ms
step:4141/4150 train_time:826238ms step_avg:199.53ms
step:4142/4150 train_time:826467ms step_avg:199.53ms
step:4143/4150 train_time:826694ms step_avg:199.54ms
step:4144/4150 train_time:826925ms step_avg:199.55ms
step:4145/4150 train_time:827146ms step_avg:199.55ms
step:4146/4150 train_time:827377ms step_avg:199.56ms
step:4147/4150 train_time:827603ms step_avg:199.57ms
step:4148/4150 train_time:827834ms step_avg:199.57ms
step:4149/4150 train_time:828059ms step_avg:199.58ms
step:4150/4150 train_time:828288ms step_avg:199.59ms
step:4150/4150 val_loss:2.9150 train_time:828495ms step_avg:199.64ms
peak memory allocated: 60002 MiB reserved: 61022 MiB
