W0503 02:21:10.816000 77457 torch/distributed/run.py:852] 
W0503 02:21:10.816000 77457 torch/distributed/run.py:852] *****************************************
W0503 02:21:10.816000 77457 torch/distributed/run.py:852] Setting OMP_NUM_THREADS environment variable for each process to be 1 in default, to avoid your system being overloaded, please further tune the variable for optimal performance in your application as needed. 
W0503 02:21:10.816000 77457 torch/distributed/run.py:852] *****************************************
Warning: You are sending unauthenticated requests to the HF Hub. Please set a HF_TOKEN to enable higher rate limits and faster downloads.
Warning: You are sending unauthenticated requests to the HF Hub. Please set a HF_TOKEN to enable higher rate limits and faster downloads.
Fetching 4 files:   0%|          | 0/4 [00:00<?, ?it/s]Fetching 4 files: 100%|██████████| 4/4 [00:00<00:00, 94786.53it/s]
Fetching 4 files:   0%|          | 0/4 [00:00<?, ?it/s]Fetching 4 files: 100%|██████████| 4/4 [00:00<00:00, 84733.41it/s]
Fetching 4 files:   0%|          | 0/4 [00:00<?, ?it/s]Fetching 4 files: 100%|██████████| 4/4 [00:00<00:00, 88301.14it/s]
Warning: You are sending unauthenticated requests to the HF Hub. Please set a HF_TOKEN to enable higher rate limits and faster downloads.
Warning: You are sending unauthenticated requests to the HF Hub. Please set a HF_TOKEN to enable higher rate limits and faster downloads.
Fetching 4 files:   0%|          | 0/4 [00:00<?, ?it/s]Fetching 4 files: 100%|██████████| 4/4 [00:00<00:00, 95325.09it/s]
Fetching 4 files:   0%|          | 0/4 [00:00<?, ?it/s]Fetching 4 files: 100%|██████████| 4/4 [00:00<00:00, 91678.78it/s]
Fetching 4 files:   0%|          | 0/4 [00:00<?, ?it/s]Fetching 4 files: 100%|██████████| 4/4 [00:00<00:00, 96420.78it/s]
Warning: You are sending unauthenticated requests to the HF Hub. Please set a HF_TOKEN to enable higher rate limits and faster downloads.
Fetching 4 files:   0%|          | 0/4 [00:00<?, ?it/s]Fetching 4 files: 100%|██████████| 4/4 [00:00<00:00, 93727.46it/s]
Fetching 4 files:   0%|          | 0/4 [00:00<?, ?it/s]Fetching 4 files: 100%|██████████| 4/4 [00:00<00:00, 86480.49it/s]
[Gloo] Rank [Gloo] Rank [Gloo] Rank 546 is connected to  is connected to  is connected to 777 peer ranks.  peer ranks.  peer ranks. Expected number of connected peer ranks is : Expected number of connected peer ranks is : Expected number of connected peer ranks is : 777


[Gloo] Rank 0 is connected to 7 peer ranks. Expected number of connected peer ranks is : 7
[Gloo] Rank 2 is connected to 7 peer ranks. Expected number of connected peer ranks is : [Gloo] Rank 7
1 is connected to 7 peer ranks. Expected number of connected peer ranks is : 7
[Gloo] Rank 3 is connected to 7 peer ranks. Expected number of connected peer ranks is : 7
[Gloo] Rank 7 is connected to 7 peer ranks. Expected number of connected peer ranks is : 7
logs/medium_runs/token_strided_conv_w8_e32_right_20260503_022103.txt
Compiling model and warming up kernels (~7 minutes on first execution)
Sampling steps [0, 1, 343, 344, 345, 687, 688, 689, 1031, 1032, 1033, 1374, 1375, 1376, 1718, 1719, 1720, 2062, 2063, 2064, 2406, 2407, 2408, 2749, 2750, 2751] for warmup
Resetting Model
step:0/4150 val_loss:10.8342 train_time:0ms step_avg:0.03ms
step:1/4150 train_time:77ms step_avg:77.23ms
step:2/4150 train_time:123ms step_avg:61.73ms
step:3/4150 train_time:185ms step_avg:61.78ms
step:4/4150 train_time:247ms step_avg:61.78ms
step:5/4150 train_time:311ms step_avg:62.21ms
step:6/4150 train_time:372ms step_avg:62.02ms
step:7/4150 train_time:436ms step_avg:62.23ms
step:8/4150 train_time:497ms step_avg:62.09ms
step:9/4150 train_time:560ms step_avg:62.24ms
step:10/4150 train_time:621ms step_avg:62.12ms
step:11/4150 train_time:686ms step_avg:62.32ms
step:12/4150 train_time:748ms step_avg:62.30ms
step:13/4150 train_time:812ms step_avg:62.46ms
step:14/4150 train_time:873ms step_avg:62.36ms
step:15/4150 train_time:937ms step_avg:62.47ms
step:16/4150 train_time:1002ms step_avg:62.64ms
step:17/4150 train_time:1073ms step_avg:63.11ms
step:18/4150 train_time:1136ms step_avg:63.14ms
step:19/4150 train_time:1202ms step_avg:63.29ms
step:20/4150 train_time:1265ms step_avg:63.26ms
step:21/4150 train_time:1331ms step_avg:63.37ms
step:22/4150 train_time:1393ms step_avg:63.31ms
step:23/4150 train_time:1457ms step_avg:63.34ms
step:24/4150 train_time:1518ms step_avg:63.27ms
step:25/4150 train_time:1583ms step_avg:63.32ms
step:26/4150 train_time:1645ms step_avg:63.26ms
step:27/4150 train_time:1709ms step_avg:63.29ms
step:28/4150 train_time:1770ms step_avg:63.22ms
step:29/4150 train_time:1834ms step_avg:63.25ms
step:30/4150 train_time:1897ms step_avg:63.23ms
step:31/4150 train_time:1963ms step_avg:63.32ms
step:32/4150 train_time:2026ms step_avg:63.33ms
step:33/4150 train_time:2093ms step_avg:63.43ms
step:34/4150 train_time:2156ms step_avg:63.42ms
step:35/4150 train_time:2222ms step_avg:63.47ms
step:36/4150 train_time:2285ms step_avg:63.46ms
step:37/4150 train_time:2350ms step_avg:63.51ms
step:38/4150 train_time:2412ms step_avg:63.47ms
step:39/4150 train_time:2477ms step_avg:63.51ms
step:40/4150 train_time:2541ms step_avg:63.52ms
step:41/4150 train_time:2606ms step_avg:63.56ms
step:42/4150 train_time:2668ms step_avg:63.51ms
step:43/4150 train_time:2732ms step_avg:63.54ms
step:44/4150 train_time:2794ms step_avg:63.50ms
step:45/4150 train_time:2858ms step_avg:63.52ms
step:46/4150 train_time:2920ms step_avg:63.48ms
step:47/4150 train_time:2986ms step_avg:63.53ms
step:48/4150 train_time:3049ms step_avg:63.52ms
step:49/4150 train_time:3116ms step_avg:63.60ms
step:50/4150 train_time:3179ms step_avg:63.58ms
step:51/4150 train_time:3245ms step_avg:63.64ms
step:52/4150 train_time:3308ms step_avg:63.62ms
step:53/4150 train_time:3374ms step_avg:63.65ms
step:54/4150 train_time:3436ms step_avg:63.63ms
step:55/4150 train_time:3502ms step_avg:63.66ms
step:56/4150 train_time:3564ms step_avg:63.64ms
step:57/4150 train_time:3629ms step_avg:63.66ms
step:58/4150 train_time:3692ms step_avg:63.65ms
step:59/4150 train_time:3756ms step_avg:63.66ms
step:60/4150 train_time:3817ms step_avg:63.62ms
step:61/4150 train_time:3882ms step_avg:63.64ms
step:62/4150 train_time:3944ms step_avg:63.62ms
step:63/4150 train_time:4009ms step_avg:63.64ms
step:64/4150 train_time:4073ms step_avg:63.64ms
step:65/4150 train_time:4139ms step_avg:63.68ms
step:66/4150 train_time:4202ms step_avg:63.67ms
step:67/4150 train_time:4268ms step_avg:63.70ms
step:68/4150 train_time:4330ms step_avg:63.68ms
step:69/4150 train_time:4395ms step_avg:63.70ms
step:70/4150 train_time:4456ms step_avg:63.66ms
step:71/4150 train_time:4521ms step_avg:63.67ms
step:72/4150 train_time:4583ms step_avg:63.66ms
step:73/4150 train_time:4649ms step_avg:63.68ms
step:74/4150 train_time:4711ms step_avg:63.66ms
step:75/4150 train_time:4775ms step_avg:63.67ms
step:76/4150 train_time:4839ms step_avg:63.67ms
step:77/4150 train_time:4905ms step_avg:63.70ms
step:78/4150 train_time:4967ms step_avg:63.67ms
step:79/4150 train_time:5031ms step_avg:63.69ms
step:80/4150 train_time:5093ms step_avg:63.67ms
step:81/4150 train_time:5158ms step_avg:63.68ms
step:82/4150 train_time:5220ms step_avg:63.66ms
step:83/4150 train_time:5285ms step_avg:63.68ms
step:84/4150 train_time:5349ms step_avg:63.67ms
step:85/4150 train_time:5414ms step_avg:63.69ms
step:86/4150 train_time:5476ms step_avg:63.67ms
step:87/4150 train_time:5540ms step_avg:63.68ms
step:88/4150 train_time:5603ms step_avg:63.67ms
step:89/4150 train_time:5668ms step_avg:63.68ms
step:90/4150 train_time:5729ms step_avg:63.66ms
step:91/4150 train_time:5794ms step_avg:63.68ms
step:92/4150 train_time:5857ms step_avg:63.67ms
step:93/4150 train_time:5923ms step_avg:63.68ms
step:94/4150 train_time:5985ms step_avg:63.67ms
step:95/4150 train_time:6051ms step_avg:63.69ms
step:96/4150 train_time:6113ms step_avg:63.68ms
step:97/4150 train_time:6178ms step_avg:63.70ms
step:98/4150 train_time:6242ms step_avg:63.69ms
step:99/4150 train_time:6308ms step_avg:63.72ms
step:100/4150 train_time:6371ms step_avg:63.71ms
step:101/4150 train_time:6436ms step_avg:63.72ms
step:102/4150 train_time:6498ms step_avg:63.70ms
step:103/4150 train_time:6563ms step_avg:63.72ms
step:104/4150 train_time:6626ms step_avg:63.71ms
step:105/4150 train_time:6692ms step_avg:63.73ms
step:106/4150 train_time:6754ms step_avg:63.72ms
step:107/4150 train_time:6819ms step_avg:63.73ms
step:108/4150 train_time:6881ms step_avg:63.72ms
step:109/4150 train_time:6947ms step_avg:63.74ms
step:110/4150 train_time:7009ms step_avg:63.72ms
step:111/4150 train_time:7075ms step_avg:63.73ms
step:112/4150 train_time:7139ms step_avg:63.74ms
step:113/4150 train_time:7204ms step_avg:63.75ms
step:114/4150 train_time:7267ms step_avg:63.74ms
step:115/4150 train_time:7333ms step_avg:63.76ms
step:116/4150 train_time:7395ms step_avg:63.75ms
step:117/4150 train_time:7459ms step_avg:63.75ms
step:118/4150 train_time:7521ms step_avg:63.74ms
step:119/4150 train_time:7587ms step_avg:63.76ms
step:120/4150 train_time:7651ms step_avg:63.76ms
step:121/4150 train_time:7717ms step_avg:63.77ms
step:122/4150 train_time:7778ms step_avg:63.76ms
step:123/4150 train_time:7843ms step_avg:63.76ms
step:124/4150 train_time:7906ms step_avg:63.76ms
step:125/4150 train_time:7971ms step_avg:63.77ms
step:126/4150 train_time:8033ms step_avg:63.76ms
step:127/4150 train_time:8099ms step_avg:63.77ms
step:128/4150 train_time:8160ms step_avg:63.75ms
step:129/4150 train_time:8225ms step_avg:63.76ms
step:130/4150 train_time:8288ms step_avg:63.75ms
step:131/4150 train_time:8354ms step_avg:63.77ms
step:132/4150 train_time:8415ms step_avg:63.75ms
step:133/4150 train_time:8481ms step_avg:63.77ms
step:134/4150 train_time:8544ms step_avg:63.76ms
step:135/4150 train_time:8609ms step_avg:63.77ms
step:136/4150 train_time:8672ms step_avg:63.77ms
step:137/4150 train_time:8737ms step_avg:63.77ms
step:138/4150 train_time:8799ms step_avg:63.76ms
step:139/4150 train_time:8864ms step_avg:63.77ms
step:140/4150 train_time:8927ms step_avg:63.76ms
step:141/4150 train_time:8992ms step_avg:63.77ms
step:142/4150 train_time:9054ms step_avg:63.76ms
step:143/4150 train_time:9118ms step_avg:63.77ms
step:144/4150 train_time:9180ms step_avg:63.75ms
step:145/4150 train_time:9246ms step_avg:63.76ms
step:146/4150 train_time:9307ms step_avg:63.75ms
step:147/4150 train_time:9371ms step_avg:63.75ms
step:148/4150 train_time:9434ms step_avg:63.74ms
step:149/4150 train_time:9499ms step_avg:63.75ms
step:150/4150 train_time:9561ms step_avg:63.74ms
step:151/4150 train_time:9626ms step_avg:63.75ms
step:152/4150 train_time:9689ms step_avg:63.74ms
step:153/4150 train_time:9754ms step_avg:63.75ms
step:154/4150 train_time:9817ms step_avg:63.75ms
step:155/4150 train_time:9881ms step_avg:63.75ms
step:156/4150 train_time:9943ms step_avg:63.74ms
step:157/4150 train_time:10008ms step_avg:63.74ms
step:158/4150 train_time:10071ms step_avg:63.74ms
step:159/4150 train_time:10136ms step_avg:63.75ms
step:160/4150 train_time:10200ms step_avg:63.75ms
step:161/4150 train_time:10265ms step_avg:63.76ms
step:162/4150 train_time:10328ms step_avg:63.75ms
step:163/4150 train_time:10393ms step_avg:63.76ms
step:164/4150 train_time:10456ms step_avg:63.75ms
step:165/4150 train_time:10519ms step_avg:63.75ms
step:166/4150 train_time:10582ms step_avg:63.74ms
step:167/4150 train_time:10646ms step_avg:63.75ms
step:168/4150 train_time:10708ms step_avg:63.74ms
step:169/4150 train_time:10774ms step_avg:63.75ms
step:170/4150 train_time:10838ms step_avg:63.75ms
step:171/4150 train_time:10902ms step_avg:63.76ms
step:172/4150 train_time:10964ms step_avg:63.74ms
step:173/4150 train_time:11029ms step_avg:63.75ms
step:174/4150 train_time:11092ms step_avg:63.75ms
step:175/4150 train_time:11156ms step_avg:63.75ms
step:176/4150 train_time:11219ms step_avg:63.74ms
step:177/4150 train_time:11284ms step_avg:63.75ms
step:178/4150 train_time:11346ms step_avg:63.74ms
step:179/4150 train_time:11411ms step_avg:63.75ms
step:180/4150 train_time:11473ms step_avg:63.74ms
step:181/4150 train_time:11537ms step_avg:63.74ms
step:182/4150 train_time:11599ms step_avg:63.73ms
step:183/4150 train_time:11664ms step_avg:63.74ms
step:184/4150 train_time:11726ms step_avg:63.73ms
step:185/4150 train_time:11791ms step_avg:63.73ms
step:186/4150 train_time:11853ms step_avg:63.73ms
step:187/4150 train_time:11917ms step_avg:63.73ms
step:188/4150 train_time:11979ms step_avg:63.72ms
step:189/4150 train_time:12044ms step_avg:63.73ms
step:190/4150 train_time:12107ms step_avg:63.72ms
step:191/4150 train_time:12172ms step_avg:63.73ms
step:192/4150 train_time:12234ms step_avg:63.72ms
step:193/4150 train_time:12298ms step_avg:63.72ms
step:194/4150 train_time:12360ms step_avg:63.71ms
step:195/4150 train_time:12426ms step_avg:63.72ms
step:196/4150 train_time:12488ms step_avg:63.72ms
step:197/4150 train_time:12553ms step_avg:63.72ms
step:198/4150 train_time:12615ms step_avg:63.71ms
step:199/4150 train_time:12680ms step_avg:63.72ms
step:200/4150 train_time:12742ms step_avg:63.71ms
step:201/4150 train_time:12806ms step_avg:63.71ms
step:202/4150 train_time:12868ms step_avg:63.70ms
step:203/4150 train_time:12933ms step_avg:63.71ms
step:204/4150 train_time:12995ms step_avg:63.70ms
step:205/4150 train_time:13059ms step_avg:63.70ms
step:206/4150 train_time:13121ms step_avg:63.69ms
step:207/4150 train_time:13186ms step_avg:63.70ms
step:208/4150 train_time:13249ms step_avg:63.70ms
step:209/4150 train_time:13313ms step_avg:63.70ms
step:210/4150 train_time:13376ms step_avg:63.69ms
step:211/4150 train_time:13441ms step_avg:63.70ms
step:212/4150 train_time:13504ms step_avg:63.70ms
step:213/4150 train_time:13569ms step_avg:63.70ms
step:214/4150 train_time:13631ms step_avg:63.70ms
step:215/4150 train_time:13695ms step_avg:63.70ms
step:216/4150 train_time:13756ms step_avg:63.69ms
step:217/4150 train_time:13821ms step_avg:63.69ms
step:218/4150 train_time:13883ms step_avg:63.68ms
step:219/4150 train_time:13948ms step_avg:63.69ms
step:220/4150 train_time:14010ms step_avg:63.68ms
step:221/4150 train_time:14075ms step_avg:63.69ms
step:222/4150 train_time:14137ms step_avg:63.68ms
step:223/4150 train_time:14201ms step_avg:63.68ms
step:224/4150 train_time:14263ms step_avg:63.68ms
step:225/4150 train_time:14328ms step_avg:63.68ms
step:226/4150 train_time:14390ms step_avg:63.67ms
step:227/4150 train_time:14455ms step_avg:63.68ms
step:228/4150 train_time:14517ms step_avg:63.67ms
step:229/4150 train_time:14583ms step_avg:63.68ms
step:230/4150 train_time:14645ms step_avg:63.67ms
step:231/4150 train_time:14710ms step_avg:63.68ms
step:232/4150 train_time:14772ms step_avg:63.67ms
step:233/4150 train_time:14837ms step_avg:63.68ms
step:234/4150 train_time:14898ms step_avg:63.66ms
step:235/4150 train_time:14962ms step_avg:63.67ms
step:236/4150 train_time:15024ms step_avg:63.66ms
step:237/4150 train_time:15089ms step_avg:63.67ms
step:238/4150 train_time:15151ms step_avg:63.66ms
step:239/4150 train_time:15215ms step_avg:63.66ms
step:240/4150 train_time:15276ms step_avg:63.65ms
step:241/4150 train_time:15341ms step_avg:63.66ms
step:242/4150 train_time:15403ms step_avg:63.65ms
step:243/4150 train_time:15467ms step_avg:63.65ms
step:244/4150 train_time:15529ms step_avg:63.64ms
step:245/4150 train_time:15595ms step_avg:63.65ms
step:246/4150 train_time:15656ms step_avg:63.64ms
step:247/4150 train_time:15720ms step_avg:63.65ms
step:248/4150 train_time:15783ms step_avg:63.64ms
step:249/4150 train_time:15848ms step_avg:63.65ms
step:250/4150 train_time:15911ms step_avg:63.64ms
step:250/4150 val_loss:4.4626 train_time:15971ms step_avg:63.88ms
step:251/4150 train_time:15991ms step_avg:63.71ms
step:252/4150 train_time:16039ms step_avg:63.65ms
step:253/4150 train_time:16102ms step_avg:63.64ms
step:254/4150 train_time:16164ms step_avg:63.64ms
step:255/4150 train_time:16228ms step_avg:63.64ms
step:256/4150 train_time:16293ms step_avg:63.64ms
step:257/4150 train_time:16361ms step_avg:63.66ms
step:258/4150 train_time:16424ms step_avg:63.66ms
step:259/4150 train_time:16488ms step_avg:63.66ms
step:260/4150 train_time:16550ms step_avg:63.66ms
step:261/4150 train_time:16615ms step_avg:63.66ms
step:262/4150 train_time:16677ms step_avg:63.65ms
step:263/4150 train_time:16740ms step_avg:63.65ms
step:264/4150 train_time:16802ms step_avg:63.64ms
step:265/4150 train_time:16866ms step_avg:63.64ms
step:266/4150 train_time:16929ms step_avg:63.64ms
step:267/4150 train_time:16994ms step_avg:63.65ms
step:268/4150 train_time:17056ms step_avg:63.64ms
step:269/4150 train_time:17121ms step_avg:63.65ms
step:270/4150 train_time:17183ms step_avg:63.64ms
step:271/4150 train_time:17249ms step_avg:63.65ms
step:272/4150 train_time:17312ms step_avg:63.65ms
step:273/4150 train_time:17378ms step_avg:63.65ms
step:274/4150 train_time:17439ms step_avg:63.65ms
step:275/4150 train_time:17504ms step_avg:63.65ms
step:276/4150 train_time:17566ms step_avg:63.64ms
step:277/4150 train_time:17630ms step_avg:63.65ms
step:278/4150 train_time:17691ms step_avg:63.64ms
step:279/4150 train_time:17755ms step_avg:63.64ms
step:280/4150 train_time:17817ms step_avg:63.63ms
step:281/4150 train_time:17882ms step_avg:63.64ms
step:282/4150 train_time:17945ms step_avg:63.63ms
step:283/4150 train_time:18009ms step_avg:63.64ms
step:284/4150 train_time:18072ms step_avg:63.63ms
step:285/4150 train_time:18136ms step_avg:63.63ms
step:286/4150 train_time:18199ms step_avg:63.63ms
step:287/4150 train_time:18264ms step_avg:63.64ms
step:288/4150 train_time:18326ms step_avg:63.63ms
step:289/4150 train_time:18390ms step_avg:63.63ms
step:290/4150 train_time:18452ms step_avg:63.63ms
step:291/4150 train_time:18518ms step_avg:63.64ms
step:292/4150 train_time:18580ms step_avg:63.63ms
step:293/4150 train_time:18645ms step_avg:63.64ms
step:294/4150 train_time:18706ms step_avg:63.63ms
step:295/4150 train_time:18770ms step_avg:63.63ms
step:296/4150 train_time:18832ms step_avg:63.62ms
step:297/4150 train_time:18897ms step_avg:63.63ms
step:298/4150 train_time:18959ms step_avg:63.62ms
step:299/4150 train_time:19024ms step_avg:63.63ms
step:300/4150 train_time:19086ms step_avg:63.62ms
step:301/4150 train_time:19150ms step_avg:63.62ms
step:302/4150 train_time:19212ms step_avg:63.62ms
step:303/4150 train_time:19277ms step_avg:63.62ms
step:304/4150 train_time:19340ms step_avg:63.62ms
step:305/4150 train_time:19406ms step_avg:63.62ms
step:306/4150 train_time:19467ms step_avg:63.62ms
step:307/4150 train_time:19531ms step_avg:63.62ms
step:308/4150 train_time:19593ms step_avg:63.61ms
step:309/4150 train_time:19658ms step_avg:63.62ms
step:310/4150 train_time:19720ms step_avg:63.61ms
step:311/4150 train_time:19784ms step_avg:63.61ms
step:312/4150 train_time:19845ms step_avg:63.61ms
step:313/4150 train_time:19910ms step_avg:63.61ms
step:314/4150 train_time:19971ms step_avg:63.60ms
step:315/4150 train_time:20036ms step_avg:63.61ms
step:316/4150 train_time:20098ms step_avg:63.60ms
step:317/4150 train_time:20164ms step_avg:63.61ms
step:318/4150 train_time:20226ms step_avg:63.60ms
step:319/4150 train_time:20290ms step_avg:63.60ms
step:320/4150 train_time:20352ms step_avg:63.60ms
step:321/4150 train_time:20417ms step_avg:63.60ms
step:322/4150 train_time:20479ms step_avg:63.60ms
step:323/4150 train_time:20543ms step_avg:63.60ms
step:324/4150 train_time:20605ms step_avg:63.60ms
step:325/4150 train_time:20670ms step_avg:63.60ms
step:326/4150 train_time:20731ms step_avg:63.59ms
step:327/4150 train_time:20795ms step_avg:63.59ms
step:328/4150 train_time:20856ms step_avg:63.59ms
step:329/4150 train_time:20921ms step_avg:63.59ms
step:330/4150 train_time:20983ms step_avg:63.59ms
step:331/4150 train_time:21048ms step_avg:63.59ms
step:332/4150 train_time:21109ms step_avg:63.58ms
step:333/4150 train_time:21175ms step_avg:63.59ms
step:334/4150 train_time:21237ms step_avg:63.58ms
step:335/4150 train_time:21303ms step_avg:63.59ms
step:336/4150 train_time:21365ms step_avg:63.59ms
step:337/4150 train_time:21429ms step_avg:63.59ms
step:338/4150 train_time:21491ms step_avg:63.58ms
step:339/4150 train_time:21556ms step_avg:63.59ms
step:340/4150 train_time:21619ms step_avg:63.59ms
step:341/4150 train_time:21684ms step_avg:63.59ms
step:342/4150 train_time:21745ms step_avg:63.58ms
step:343/4150 train_time:21810ms step_avg:63.58ms
step:344/4150 train_time:21871ms step_avg:63.58ms
step:345/4150 train_time:21941ms step_avg:63.60ms
step:346/4150 train_time:22057ms step_avg:63.75ms
step:347/4150 train_time:22173ms step_avg:63.90ms
step:348/4150 train_time:22289ms step_avg:64.05ms
step:349/4150 train_time:22405ms step_avg:64.20ms
step:350/4150 train_time:22520ms step_avg:64.34ms
step:351/4150 train_time:22635ms step_avg:64.49ms
step:352/4150 train_time:22752ms step_avg:64.64ms
step:353/4150 train_time:22867ms step_avg:64.78ms
step:354/4150 train_time:22981ms step_avg:64.92ms
step:355/4150 train_time:23098ms step_avg:65.06ms
step:356/4150 train_time:23214ms step_avg:65.21ms
step:357/4150 train_time:23329ms step_avg:65.35ms
step:358/4150 train_time:23445ms step_avg:65.49ms
step:359/4150 train_time:23561ms step_avg:65.63ms
step:360/4150 train_time:23677ms step_avg:65.77ms
step:361/4150 train_time:23794ms step_avg:65.91ms
step:362/4150 train_time:23908ms step_avg:66.05ms
step:363/4150 train_time:24024ms step_avg:66.18ms
step:364/4150 train_time:24139ms step_avg:66.32ms
step:365/4150 train_time:24256ms step_avg:66.46ms
step:366/4150 train_time:24374ms step_avg:66.59ms
step:367/4150 train_time:24490ms step_avg:66.73ms
step:368/4150 train_time:24605ms step_avg:66.86ms
step:369/4150 train_time:24722ms step_avg:67.00ms
step:370/4150 train_time:24837ms step_avg:67.13ms
step:371/4150 train_time:24954ms step_avg:67.26ms
step:372/4150 train_time:25069ms step_avg:67.39ms
step:373/4150 train_time:25185ms step_avg:67.52ms
step:374/4150 train_time:25300ms step_avg:67.65ms
step:375/4150 train_time:25416ms step_avg:67.78ms
step:376/4150 train_time:25531ms step_avg:67.90ms
step:377/4150 train_time:25647ms step_avg:68.03ms
step:378/4150 train_time:25761ms step_avg:68.15ms
step:379/4150 train_time:25878ms step_avg:68.28ms
step:380/4150 train_time:25994ms step_avg:68.41ms
step:381/4150 train_time:26111ms step_avg:68.53ms
step:382/4150 train_time:26225ms step_avg:68.65ms
step:383/4150 train_time:26342ms step_avg:68.78ms
step:384/4150 train_time:26458ms step_avg:68.90ms
step:385/4150 train_time:26574ms step_avg:69.02ms
step:386/4150 train_time:26689ms step_avg:69.14ms
step:387/4150 train_time:26805ms step_avg:69.26ms
step:388/4150 train_time:26921ms step_avg:69.38ms
step:389/4150 train_time:27037ms step_avg:69.50ms
step:390/4150 train_time:27152ms step_avg:69.62ms
step:391/4150 train_time:27267ms step_avg:69.74ms
step:392/4150 train_time:27382ms step_avg:69.85ms
step:393/4150 train_time:27498ms step_avg:69.97ms
step:394/4150 train_time:27614ms step_avg:70.09ms
step:395/4150 train_time:27729ms step_avg:70.20ms
step:396/4150 train_time:27847ms step_avg:70.32ms
step:397/4150 train_time:27963ms step_avg:70.43ms
step:398/4150 train_time:28078ms step_avg:70.55ms
step:399/4150 train_time:28193ms step_avg:70.66ms
step:400/4150 train_time:28309ms step_avg:70.77ms
step:401/4150 train_time:28425ms step_avg:70.89ms
step:402/4150 train_time:28542ms step_avg:71.00ms
step:403/4150 train_time:28657ms step_avg:71.11ms
step:404/4150 train_time:28773ms step_avg:71.22ms
step:405/4150 train_time:28889ms step_avg:71.33ms
step:406/4150 train_time:29005ms step_avg:71.44ms
step:407/4150 train_time:29121ms step_avg:71.55ms
step:408/4150 train_time:29237ms step_avg:71.66ms
step:409/4150 train_time:29352ms step_avg:71.77ms
step:410/4150 train_time:29467ms step_avg:71.87ms
step:411/4150 train_time:29583ms step_avg:71.98ms
step:412/4150 train_time:29698ms step_avg:72.08ms
step:413/4150 train_time:29815ms step_avg:72.19ms
step:414/4150 train_time:29930ms step_avg:72.30ms
step:415/4150 train_time:30046ms step_avg:72.40ms
step:416/4150 train_time:30162ms step_avg:72.50ms
step:417/4150 train_time:30277ms step_avg:72.61ms
step:418/4150 train_time:30393ms step_avg:72.71ms
step:419/4150 train_time:30509ms step_avg:72.81ms
step:420/4150 train_time:30623ms step_avg:72.91ms
step:421/4150 train_time:30738ms step_avg:73.01ms
step:422/4150 train_time:30853ms step_avg:73.11ms
step:423/4150 train_time:30970ms step_avg:73.21ms
step:424/4150 train_time:31085ms step_avg:73.31ms
step:425/4150 train_time:31203ms step_avg:73.42ms
step:426/4150 train_time:31318ms step_avg:73.52ms
step:427/4150 train_time:31434ms step_avg:73.62ms
step:428/4150 train_time:31548ms step_avg:73.71ms
step:429/4150 train_time:31665ms step_avg:73.81ms
step:430/4150 train_time:31780ms step_avg:73.91ms
step:431/4150 train_time:31895ms step_avg:74.00ms
step:432/4150 train_time:32012ms step_avg:74.10ms
step:433/4150 train_time:32126ms step_avg:74.19ms
step:434/4150 train_time:32243ms step_avg:74.29ms
step:435/4150 train_time:32359ms step_avg:74.39ms
step:436/4150 train_time:32474ms step_avg:74.48ms
step:437/4150 train_time:32590ms step_avg:74.58ms
step:438/4150 train_time:32706ms step_avg:74.67ms
step:439/4150 train_time:32821ms step_avg:74.76ms
step:440/4150 train_time:32937ms step_avg:74.86ms
step:441/4150 train_time:33053ms step_avg:74.95ms
step:442/4150 train_time:33167ms step_avg:75.04ms
step:443/4150 train_time:33283ms step_avg:75.13ms
step:444/4150 train_time:33398ms step_avg:75.22ms
step:445/4150 train_time:33515ms step_avg:75.31ms
step:446/4150 train_time:33631ms step_avg:75.40ms
step:447/4150 train_time:33746ms step_avg:75.49ms
step:448/4150 train_time:33861ms step_avg:75.58ms
step:449/4150 train_time:33977ms step_avg:75.67ms
step:450/4150 train_time:34092ms step_avg:75.76ms
step:451/4150 train_time:34209ms step_avg:75.85ms
step:452/4150 train_time:34323ms step_avg:75.94ms
step:453/4150 train_time:34439ms step_avg:76.02ms
step:454/4150 train_time:34555ms step_avg:76.11ms
step:455/4150 train_time:34670ms step_avg:76.20ms
step:456/4150 train_time:34785ms step_avg:76.28ms
step:457/4150 train_time:34902ms step_avg:76.37ms
step:458/4150 train_time:35017ms step_avg:76.46ms
step:459/4150 train_time:35134ms step_avg:76.54ms
step:460/4150 train_time:35249ms step_avg:76.63ms
step:461/4150 train_time:35364ms step_avg:76.71ms
step:462/4150 train_time:35480ms step_avg:76.80ms
step:463/4150 train_time:35596ms step_avg:76.88ms
step:464/4150 train_time:35711ms step_avg:76.96ms
step:465/4150 train_time:35827ms step_avg:77.05ms
step:466/4150 train_time:35943ms step_avg:77.13ms
step:467/4150 train_time:36060ms step_avg:77.22ms
step:468/4150 train_time:36176ms step_avg:77.30ms
step:469/4150 train_time:36293ms step_avg:77.38ms
step:470/4150 train_time:36409ms step_avg:77.47ms
step:471/4150 train_time:36525ms step_avg:77.55ms
step:472/4150 train_time:36640ms step_avg:77.63ms
step:473/4150 train_time:36756ms step_avg:77.71ms
step:474/4150 train_time:36870ms step_avg:77.78ms
step:475/4150 train_time:36987ms step_avg:77.87ms
step:476/4150 train_time:37101ms step_avg:77.94ms
step:477/4150 train_time:37219ms step_avg:78.03ms
step:478/4150 train_time:37336ms step_avg:78.11ms
step:479/4150 train_time:37452ms step_avg:78.19ms
step:480/4150 train_time:37567ms step_avg:78.26ms
step:481/4150 train_time:37682ms step_avg:78.34ms
step:482/4150 train_time:37798ms step_avg:78.42ms
step:483/4150 train_time:37914ms step_avg:78.50ms
step:484/4150 train_time:38028ms step_avg:78.57ms
step:485/4150 train_time:38145ms step_avg:78.65ms
step:486/4150 train_time:38261ms step_avg:78.73ms
step:487/4150 train_time:38377ms step_avg:78.80ms
step:488/4150 train_time:38494ms step_avg:78.88ms
step:489/4150 train_time:38609ms step_avg:78.96ms
step:490/4150 train_time:38725ms step_avg:79.03ms
step:491/4150 train_time:38842ms step_avg:79.11ms
step:492/4150 train_time:38957ms step_avg:79.18ms
step:493/4150 train_time:39073ms step_avg:79.26ms
step:494/4150 train_time:39188ms step_avg:79.33ms
step:495/4150 train_time:39305ms step_avg:79.40ms
step:496/4150 train_time:39421ms step_avg:79.48ms
step:497/4150 train_time:39536ms step_avg:79.55ms
step:498/4150 train_time:39651ms step_avg:79.62ms
step:499/4150 train_time:39768ms step_avg:79.69ms
step:500/4150 train_time:39884ms step_avg:79.77ms
step:500/4150 val_loss:3.9016 train_time:39990ms step_avg:79.98ms
step:501/4150 train_time:40010ms step_avg:79.86ms
step:502/4150 train_time:40113ms step_avg:79.91ms
step:503/4150 train_time:40230ms step_avg:79.98ms
step:504/4150 train_time:40350ms step_avg:80.06ms
step:505/4150 train_time:40469ms step_avg:80.14ms
step:506/4150 train_time:40584ms step_avg:80.21ms
step:507/4150 train_time:40697ms step_avg:80.27ms
step:508/4150 train_time:40811ms step_avg:80.34ms
step:509/4150 train_time:40929ms step_avg:80.41ms
step:510/4150 train_time:41047ms step_avg:80.49ms
step:511/4150 train_time:41162ms step_avg:80.55ms
step:512/4150 train_time:41278ms step_avg:80.62ms
step:513/4150 train_time:41396ms step_avg:80.69ms
step:514/4150 train_time:41512ms step_avg:80.76ms
step:515/4150 train_time:41627ms step_avg:80.83ms
step:516/4150 train_time:41741ms step_avg:80.89ms
step:517/4150 train_time:41856ms step_avg:80.96ms
step:518/4150 train_time:41971ms step_avg:81.02ms
step:519/4150 train_time:42086ms step_avg:81.09ms
step:520/4150 train_time:42202ms step_avg:81.16ms
step:521/4150 train_time:42318ms step_avg:81.22ms
step:522/4150 train_time:42435ms step_avg:81.29ms
step:523/4150 train_time:42551ms step_avg:81.36ms
step:524/4150 train_time:42667ms step_avg:81.42ms
step:525/4150 train_time:42782ms step_avg:81.49ms
step:526/4150 train_time:42897ms step_avg:81.55ms
step:527/4150 train_time:43012ms step_avg:81.62ms
step:528/4150 train_time:43127ms step_avg:81.68ms
step:529/4150 train_time:43244ms step_avg:81.75ms
step:530/4150 train_time:43360ms step_avg:81.81ms
step:531/4150 train_time:43476ms step_avg:81.88ms
step:532/4150 train_time:43591ms step_avg:81.94ms
step:533/4150 train_time:43707ms step_avg:82.00ms
step:534/4150 train_time:43822ms step_avg:82.06ms
step:535/4150 train_time:43938ms step_avg:82.13ms
step:536/4150 train_time:44055ms step_avg:82.19ms
step:537/4150 train_time:44170ms step_avg:82.25ms
step:538/4150 train_time:44286ms step_avg:82.32ms
step:539/4150 train_time:44402ms step_avg:82.38ms
step:540/4150 train_time:44518ms step_avg:82.44ms
step:541/4150 train_time:44634ms step_avg:82.50ms
step:542/4150 train_time:44749ms step_avg:82.56ms
step:543/4150 train_time:44865ms step_avg:82.62ms
step:544/4150 train_time:44981ms step_avg:82.69ms
step:545/4150 train_time:45097ms step_avg:82.75ms
step:546/4150 train_time:45213ms step_avg:82.81ms
step:547/4150 train_time:45330ms step_avg:82.87ms
step:548/4150 train_time:45445ms step_avg:82.93ms
step:549/4150 train_time:45563ms step_avg:82.99ms
step:550/4150 train_time:45678ms step_avg:83.05ms
step:551/4150 train_time:45795ms step_avg:83.11ms
step:552/4150 train_time:45911ms step_avg:83.17ms
step:553/4150 train_time:46027ms step_avg:83.23ms
step:554/4150 train_time:46142ms step_avg:83.29ms
step:555/4150 train_time:46258ms step_avg:83.35ms
step:556/4150 train_time:46372ms step_avg:83.40ms
step:557/4150 train_time:46489ms step_avg:83.46ms
step:558/4150 train_time:46606ms step_avg:83.52ms
step:559/4150 train_time:46721ms step_avg:83.58ms
step:560/4150 train_time:46838ms step_avg:83.64ms
step:561/4150 train_time:46954ms step_avg:83.70ms
step:562/4150 train_time:47070ms step_avg:83.76ms
step:563/4150 train_time:47187ms step_avg:83.81ms
step:564/4150 train_time:47301ms step_avg:83.87ms
step:565/4150 train_time:47417ms step_avg:83.92ms
step:566/4150 train_time:47533ms step_avg:83.98ms
step:567/4150 train_time:47648ms step_avg:84.03ms
step:568/4150 train_time:47764ms step_avg:84.09ms
step:569/4150 train_time:47879ms step_avg:84.15ms
step:570/4150 train_time:47995ms step_avg:84.20ms
step:571/4150 train_time:48111ms step_avg:84.26ms
step:572/4150 train_time:48226ms step_avg:84.31ms
step:573/4150 train_time:48343ms step_avg:84.37ms
step:574/4150 train_time:48458ms step_avg:84.42ms
step:575/4150 train_time:48576ms step_avg:84.48ms
step:576/4150 train_time:48691ms step_avg:84.53ms
step:577/4150 train_time:48807ms step_avg:84.59ms
step:578/4150 train_time:48923ms step_avg:84.64ms
step:579/4150 train_time:49039ms step_avg:84.70ms
step:580/4150 train_time:49155ms step_avg:84.75ms
step:581/4150 train_time:49272ms step_avg:84.80ms
step:582/4150 train_time:49387ms step_avg:84.86ms
step:583/4150 train_time:49504ms step_avg:84.91ms
step:584/4150 train_time:49620ms step_avg:84.97ms
step:585/4150 train_time:49736ms step_avg:85.02ms
step:586/4150 train_time:49851ms step_avg:85.07ms
step:587/4150 train_time:49968ms step_avg:85.12ms
step:588/4150 train_time:50084ms step_avg:85.18ms
step:589/4150 train_time:50201ms step_avg:85.23ms
step:590/4150 train_time:50317ms step_avg:85.28ms
step:591/4150 train_time:50434ms step_avg:85.34ms
step:592/4150 train_time:50548ms step_avg:85.39ms
step:593/4150 train_time:50666ms step_avg:85.44ms
step:594/4150 train_time:50781ms step_avg:85.49ms
step:595/4150 train_time:50898ms step_avg:85.54ms
step:596/4150 train_time:51013ms step_avg:85.59ms
step:597/4150 train_time:51131ms step_avg:85.65ms
step:598/4150 train_time:51248ms step_avg:85.70ms
step:599/4150 train_time:51364ms step_avg:85.75ms
step:600/4150 train_time:51479ms step_avg:85.80ms
step:601/4150 train_time:51596ms step_avg:85.85ms
step:602/4150 train_time:51711ms step_avg:85.90ms
step:603/4150 train_time:51827ms step_avg:85.95ms
step:604/4150 train_time:51943ms step_avg:86.00ms
step:605/4150 train_time:52059ms step_avg:86.05ms
step:606/4150 train_time:52175ms step_avg:86.10ms
step:607/4150 train_time:52291ms step_avg:86.15ms
step:608/4150 train_time:52407ms step_avg:86.20ms
step:609/4150 train_time:52524ms step_avg:86.25ms
step:610/4150 train_time:52639ms step_avg:86.29ms
step:611/4150 train_time:52755ms step_avg:86.34ms
step:612/4150 train_time:52871ms step_avg:86.39ms
step:613/4150 train_time:52987ms step_avg:86.44ms
step:614/4150 train_time:53103ms step_avg:86.49ms
step:615/4150 train_time:53220ms step_avg:86.54ms
step:616/4150 train_time:53335ms step_avg:86.58ms
step:617/4150 train_time:53451ms step_avg:86.63ms
step:618/4150 train_time:53567ms step_avg:86.68ms
step:619/4150 train_time:53684ms step_avg:86.73ms
step:620/4150 train_time:53800ms step_avg:86.77ms
step:621/4150 train_time:53916ms step_avg:86.82ms
step:622/4150 train_time:54031ms step_avg:86.87ms
step:623/4150 train_time:54147ms step_avg:86.91ms
step:624/4150 train_time:54262ms step_avg:86.96ms
step:625/4150 train_time:54379ms step_avg:87.01ms
step:626/4150 train_time:54495ms step_avg:87.05ms
step:627/4150 train_time:54611ms step_avg:87.10ms
step:628/4150 train_time:54729ms step_avg:87.15ms
step:629/4150 train_time:54845ms step_avg:87.19ms
step:630/4150 train_time:54961ms step_avg:87.24ms
step:631/4150 train_time:55077ms step_avg:87.28ms
step:632/4150 train_time:55192ms step_avg:87.33ms
step:633/4150 train_time:55308ms step_avg:87.37ms
step:634/4150 train_time:55423ms step_avg:87.42ms
step:635/4150 train_time:55540ms step_avg:87.46ms
step:636/4150 train_time:55655ms step_avg:87.51ms
step:637/4150 train_time:55772ms step_avg:87.55ms
step:638/4150 train_time:55889ms step_avg:87.60ms
step:639/4150 train_time:56005ms step_avg:87.65ms
step:640/4150 train_time:56121ms step_avg:87.69ms
step:641/4150 train_time:56237ms step_avg:87.73ms
step:642/4150 train_time:56352ms step_avg:87.78ms
step:643/4150 train_time:56467ms step_avg:87.82ms
step:644/4150 train_time:56583ms step_avg:87.86ms
step:645/4150 train_time:56699ms step_avg:87.90ms
step:646/4150 train_time:56814ms step_avg:87.95ms
step:647/4150 train_time:56931ms step_avg:87.99ms
step:648/4150 train_time:57046ms step_avg:88.03ms
step:649/4150 train_time:57162ms step_avg:88.08ms
step:650/4150 train_time:57278ms step_avg:88.12ms
step:651/4150 train_time:57394ms step_avg:88.16ms
step:652/4150 train_time:57509ms step_avg:88.20ms
step:653/4150 train_time:57626ms step_avg:88.25ms
step:654/4150 train_time:57742ms step_avg:88.29ms
step:655/4150 train_time:57858ms step_avg:88.33ms
step:656/4150 train_time:57973ms step_avg:88.37ms
step:657/4150 train_time:58091ms step_avg:88.42ms
step:658/4150 train_time:58208ms step_avg:88.46ms
step:659/4150 train_time:58324ms step_avg:88.50ms
step:660/4150 train_time:58437ms step_avg:88.54ms
step:661/4150 train_time:58554ms step_avg:88.58ms
step:662/4150 train_time:58668ms step_avg:88.62ms
step:663/4150 train_time:58785ms step_avg:88.67ms
step:664/4150 train_time:58901ms step_avg:88.71ms
step:665/4150 train_time:59018ms step_avg:88.75ms
step:666/4150 train_time:59132ms step_avg:88.79ms
step:667/4150 train_time:59249ms step_avg:88.83ms
step:668/4150 train_time:59365ms step_avg:88.87ms
step:669/4150 train_time:59484ms step_avg:88.91ms
step:670/4150 train_time:59598ms step_avg:88.95ms
step:671/4150 train_time:59714ms step_avg:88.99ms
step:672/4150 train_time:59831ms step_avg:89.03ms
step:673/4150 train_time:59947ms step_avg:89.07ms
step:674/4150 train_time:60063ms step_avg:89.11ms
step:675/4150 train_time:60179ms step_avg:89.15ms
step:676/4150 train_time:60295ms step_avg:89.19ms
step:677/4150 train_time:60411ms step_avg:89.23ms
step:678/4150 train_time:60526ms step_avg:89.27ms
step:679/4150 train_time:60642ms step_avg:89.31ms
step:680/4150 train_time:60757ms step_avg:89.35ms
step:681/4150 train_time:60874ms step_avg:89.39ms
step:682/4150 train_time:60990ms step_avg:89.43ms
step:683/4150 train_time:61105ms step_avg:89.47ms
step:684/4150 train_time:61222ms step_avg:89.51ms
step:685/4150 train_time:61337ms step_avg:89.54ms
step:686/4150 train_time:61452ms step_avg:89.58ms
step:687/4150 train_time:61569ms step_avg:89.62ms
step:688/4150 train_time:61684ms step_avg:89.66ms
step:689/4150 train_time:61805ms step_avg:89.70ms
step:690/4150 train_time:61978ms step_avg:89.82ms
step:691/4150 train_time:62149ms step_avg:89.94ms
step:692/4150 train_time:62320ms step_avg:90.06ms
step:693/4150 train_time:62490ms step_avg:90.17ms
step:694/4150 train_time:62661ms step_avg:90.29ms
step:695/4150 train_time:62832ms step_avg:90.41ms
step:696/4150 train_time:63004ms step_avg:90.52ms
step:697/4150 train_time:63176ms step_avg:90.64ms
step:698/4150 train_time:63348ms step_avg:90.76ms
step:699/4150 train_time:63519ms step_avg:90.87ms
step:700/4150 train_time:63689ms step_avg:90.98ms
step:701/4150 train_time:63861ms step_avg:91.10ms
step:702/4150 train_time:64032ms step_avg:91.21ms
step:703/4150 train_time:64203ms step_avg:91.33ms
step:704/4150 train_time:64376ms step_avg:91.44ms
step:705/4150 train_time:64546ms step_avg:91.55ms
step:706/4150 train_time:64717ms step_avg:91.67ms
step:707/4150 train_time:64887ms step_avg:91.78ms
step:708/4150 train_time:65059ms step_avg:91.89ms
step:709/4150 train_time:65230ms step_avg:92.00ms
step:710/4150 train_time:65403ms step_avg:92.12ms
step:711/4150 train_time:65574ms step_avg:92.23ms
step:712/4150 train_time:65746ms step_avg:92.34ms
step:713/4150 train_time:65917ms step_avg:92.45ms
step:714/4150 train_time:66090ms step_avg:92.56ms
step:715/4150 train_time:66260ms step_avg:92.67ms
step:716/4150 train_time:66430ms step_avg:92.78ms
step:717/4150 train_time:66601ms step_avg:92.89ms
step:718/4150 train_time:66772ms step_avg:93.00ms
step:719/4150 train_time:66942ms step_avg:93.10ms
step:720/4150 train_time:67116ms step_avg:93.22ms
step:721/4150 train_time:67287ms step_avg:93.32ms
step:722/4150 train_time:67459ms step_avg:93.43ms
step:723/4150 train_time:67631ms step_avg:93.54ms
step:724/4150 train_time:67804ms step_avg:93.65ms
step:725/4150 train_time:67974ms step_avg:93.76ms
step:726/4150 train_time:68147ms step_avg:93.87ms
step:727/4150 train_time:68319ms step_avg:93.97ms
step:728/4150 train_time:68491ms step_avg:94.08ms
step:729/4150 train_time:68661ms step_avg:94.19ms
step:730/4150 train_time:68835ms step_avg:94.29ms
step:731/4150 train_time:69004ms step_avg:94.40ms
step:732/4150 train_time:69176ms step_avg:94.50ms
step:733/4150 train_time:69349ms step_avg:94.61ms
step:734/4150 train_time:69520ms step_avg:94.71ms
step:735/4150 train_time:69692ms step_avg:94.82ms
step:736/4150 train_time:69866ms step_avg:94.93ms
step:737/4150 train_time:70036ms step_avg:95.03ms
step:738/4150 train_time:70209ms step_avg:95.13ms
step:739/4150 train_time:70380ms step_avg:95.24ms
step:740/4150 train_time:70551ms step_avg:95.34ms
step:741/4150 train_time:70724ms step_avg:95.44ms
step:742/4150 train_time:70894ms step_avg:95.54ms
step:743/4150 train_time:71064ms step_avg:95.64ms
step:744/4150 train_time:71236ms step_avg:95.75ms
step:745/4150 train_time:71410ms step_avg:95.85ms
step:746/4150 train_time:71580ms step_avg:95.95ms
step:747/4150 train_time:71752ms step_avg:96.05ms
step:748/4150 train_time:71923ms step_avg:96.15ms
step:749/4150 train_time:72093ms step_avg:96.25ms
step:750/4150 train_time:72269ms step_avg:96.36ms
step:750/4150 val_loss:3.5515 train_time:72425ms step_avg:96.57ms
step:751/4150 train_time:72446ms step_avg:96.47ms
step:752/4150 train_time:72611ms step_avg:96.56ms
step:753/4150 train_time:72790ms step_avg:96.67ms
step:754/4150 train_time:72964ms step_avg:96.77ms
step:755/4150 train_time:73132ms step_avg:96.86ms
step:756/4150 train_time:73301ms step_avg:96.96ms
step:757/4150 train_time:73478ms step_avg:97.06ms
step:758/4150 train_time:73651ms step_avg:97.16ms
step:759/4150 train_time:73824ms step_avg:97.26ms
step:760/4150 train_time:73996ms step_avg:97.36ms
step:761/4150 train_time:74164ms step_avg:97.46ms
step:762/4150 train_time:74335ms step_avg:97.55ms
step:763/4150 train_time:74510ms step_avg:97.65ms
step:764/4150 train_time:74682ms step_avg:97.75ms
step:765/4150 train_time:74856ms step_avg:97.85ms
step:766/4150 train_time:75026ms step_avg:97.95ms
step:767/4150 train_time:75194ms step_avg:98.04ms
step:768/4150 train_time:75367ms step_avg:98.13ms
step:769/4150 train_time:75538ms step_avg:98.23ms
step:770/4150 train_time:75711ms step_avg:98.33ms
step:771/4150 train_time:75883ms step_avg:98.42ms
step:772/4150 train_time:76054ms step_avg:98.52ms
step:773/4150 train_time:76224ms step_avg:98.61ms
step:774/4150 train_time:76396ms step_avg:98.70ms
step:775/4150 train_time:76569ms step_avg:98.80ms
step:776/4150 train_time:76742ms step_avg:98.89ms
step:777/4150 train_time:76913ms step_avg:98.99ms
step:778/4150 train_time:77084ms step_avg:99.08ms
step:779/4150 train_time:77255ms step_avg:99.17ms
step:780/4150 train_time:77426ms step_avg:99.26ms
step:781/4150 train_time:77598ms step_avg:99.36ms
step:782/4150 train_time:77771ms step_avg:99.45ms
step:783/4150 train_time:77943ms step_avg:99.54ms
step:784/4150 train_time:78113ms step_avg:99.63ms
step:785/4150 train_time:78284ms step_avg:99.72ms
step:786/4150 train_time:78455ms step_avg:99.82ms
step:787/4150 train_time:78626ms step_avg:99.91ms
step:788/4150 train_time:78801ms step_avg:100.00ms
step:789/4150 train_time:78971ms step_avg:100.09ms
step:790/4150 train_time:79143ms step_avg:100.18ms
step:791/4150 train_time:79313ms step_avg:100.27ms
step:792/4150 train_time:79485ms step_avg:100.36ms
step:793/4150 train_time:79656ms step_avg:100.45ms
step:794/4150 train_time:79828ms step_avg:100.54ms
step:795/4150 train_time:80000ms step_avg:100.63ms
step:796/4150 train_time:80171ms step_avg:100.72ms
step:797/4150 train_time:80342ms step_avg:100.81ms
step:798/4150 train_time:80513ms step_avg:100.89ms
step:799/4150 train_time:80685ms step_avg:100.98ms
step:800/4150 train_time:80858ms step_avg:101.07ms
step:801/4150 train_time:81030ms step_avg:101.16ms
step:802/4150 train_time:81203ms step_avg:101.25ms
step:803/4150 train_time:81374ms step_avg:101.34ms
step:804/4150 train_time:81547ms step_avg:101.43ms
step:805/4150 train_time:81718ms step_avg:101.51ms
step:806/4150 train_time:81890ms step_avg:101.60ms
step:807/4150 train_time:82061ms step_avg:101.69ms
step:808/4150 train_time:82232ms step_avg:101.77ms
step:809/4150 train_time:82403ms step_avg:101.86ms
step:810/4150 train_time:82576ms step_avg:101.95ms
step:811/4150 train_time:82746ms step_avg:102.03ms
step:812/4150 train_time:82919ms step_avg:102.12ms
step:813/4150 train_time:83090ms step_avg:102.20ms
step:814/4150 train_time:83264ms step_avg:102.29ms
step:815/4150 train_time:83433ms step_avg:102.37ms
step:816/4150 train_time:83606ms step_avg:102.46ms
step:817/4150 train_time:83777ms step_avg:102.54ms
step:818/4150 train_time:83950ms step_avg:102.63ms
step:819/4150 train_time:84121ms step_avg:102.71ms
step:820/4150 train_time:84294ms step_avg:102.80ms
step:821/4150 train_time:84464ms step_avg:102.88ms
step:822/4150 train_time:84635ms step_avg:102.96ms
step:823/4150 train_time:84808ms step_avg:103.05ms
step:824/4150 train_time:84980ms step_avg:103.13ms
step:825/4150 train_time:85150ms step_avg:103.21ms
step:826/4150 train_time:85322ms step_avg:103.30ms
step:827/4150 train_time:85492ms step_avg:103.38ms
step:828/4150 train_time:85666ms step_avg:103.46ms
step:829/4150 train_time:85835ms step_avg:103.54ms
step:830/4150 train_time:86009ms step_avg:103.62ms
step:831/4150 train_time:86179ms step_avg:103.71ms
step:832/4150 train_time:86352ms step_avg:103.79ms
step:833/4150 train_time:86523ms step_avg:103.87ms
step:834/4150 train_time:86697ms step_avg:103.95ms
step:835/4150 train_time:86867ms step_avg:104.03ms
step:836/4150 train_time:87039ms step_avg:104.11ms
step:837/4150 train_time:87209ms step_avg:104.19ms
step:838/4150 train_time:87382ms step_avg:104.27ms
step:839/4150 train_time:87551ms step_avg:104.35ms
step:840/4150 train_time:87724ms step_avg:104.43ms
step:841/4150 train_time:87894ms step_avg:104.51ms
step:842/4150 train_time:88068ms step_avg:104.59ms
step:843/4150 train_time:88238ms step_avg:104.67ms
step:844/4150 train_time:88411ms step_avg:104.75ms
step:845/4150 train_time:88582ms step_avg:104.83ms
step:846/4150 train_time:88754ms step_avg:104.91ms
step:847/4150 train_time:88925ms step_avg:104.99ms
step:848/4150 train_time:89098ms step_avg:105.07ms
step:849/4150 train_time:89271ms step_avg:105.15ms
step:850/4150 train_time:89444ms step_avg:105.23ms
step:851/4150 train_time:89615ms step_avg:105.31ms
step:852/4150 train_time:89787ms step_avg:105.38ms
step:853/4150 train_time:89958ms step_avg:105.46ms
step:854/4150 train_time:90132ms step_avg:105.54ms
step:855/4150 train_time:90302ms step_avg:105.62ms
step:856/4150 train_time:90474ms step_avg:105.69ms
step:857/4150 train_time:90646ms step_avg:105.77ms
step:858/4150 train_time:90820ms step_avg:105.85ms
step:859/4150 train_time:90989ms step_avg:105.92ms
step:860/4150 train_time:91162ms step_avg:106.00ms
step:861/4150 train_time:91334ms step_avg:106.08ms
step:862/4150 train_time:91508ms step_avg:106.16ms
step:863/4150 train_time:91679ms step_avg:106.23ms
step:864/4150 train_time:91850ms step_avg:106.31ms
step:865/4150 train_time:92022ms step_avg:106.38ms
step:866/4150 train_time:92195ms step_avg:106.46ms
step:867/4150 train_time:92366ms step_avg:106.53ms
step:868/4150 train_time:92538ms step_avg:106.61ms
step:869/4150 train_time:92709ms step_avg:106.68ms
step:870/4150 train_time:92882ms step_avg:106.76ms
step:871/4150 train_time:93051ms step_avg:106.83ms
step:872/4150 train_time:93224ms step_avg:106.91ms
step:873/4150 train_time:93394ms step_avg:106.98ms
step:874/4150 train_time:93569ms step_avg:107.06ms
step:875/4150 train_time:93742ms step_avg:107.13ms
step:876/4150 train_time:93913ms step_avg:107.21ms
step:877/4150 train_time:94082ms step_avg:107.28ms
step:878/4150 train_time:94254ms step_avg:107.35ms
step:879/4150 train_time:94426ms step_avg:107.42ms
step:880/4150 train_time:94600ms step_avg:107.50ms
step:881/4150 train_time:94770ms step_avg:107.57ms
step:882/4150 train_time:94943ms step_avg:107.64ms
step:883/4150 train_time:95112ms step_avg:107.71ms
step:884/4150 train_time:95286ms step_avg:107.79ms
step:885/4150 train_time:95457ms step_avg:107.86ms
step:886/4150 train_time:95629ms step_avg:107.93ms
step:887/4150 train_time:95801ms step_avg:108.01ms
step:888/4150 train_time:95973ms step_avg:108.08ms
step:889/4150 train_time:96143ms step_avg:108.15ms
step:890/4150 train_time:96316ms step_avg:108.22ms
step:891/4150 train_time:96487ms step_avg:108.29ms
step:892/4150 train_time:96659ms step_avg:108.36ms
step:893/4150 train_time:96830ms step_avg:108.43ms
step:894/4150 train_time:97002ms step_avg:108.50ms
step:895/4150 train_time:97171ms step_avg:108.57ms
step:896/4150 train_time:97345ms step_avg:108.64ms
step:897/4150 train_time:97515ms step_avg:108.71ms
step:898/4150 train_time:97689ms step_avg:108.79ms
step:899/4150 train_time:97862ms step_avg:108.86ms
step:900/4150 train_time:98033ms step_avg:108.93ms
step:901/4150 train_time:98206ms step_avg:109.00ms
step:902/4150 train_time:98379ms step_avg:109.07ms
step:903/4150 train_time:98551ms step_avg:109.14ms
step:904/4150 train_time:98723ms step_avg:109.21ms
step:905/4150 train_time:98893ms step_avg:109.27ms
step:906/4150 train_time:99066ms step_avg:109.34ms
step:907/4150 train_time:99235ms step_avg:109.41ms
step:908/4150 train_time:99409ms step_avg:109.48ms
step:909/4150 train_time:99580ms step_avg:109.55ms
step:910/4150 train_time:99754ms step_avg:109.62ms
step:911/4150 train_time:99923ms step_avg:109.68ms
step:912/4150 train_time:100094ms step_avg:109.75ms
step:913/4150 train_time:100266ms step_avg:109.82ms
step:914/4150 train_time:100439ms step_avg:109.89ms
step:915/4150 train_time:100611ms step_avg:109.96ms
step:916/4150 train_time:100783ms step_avg:110.03ms
step:917/4150 train_time:100953ms step_avg:110.09ms
step:918/4150 train_time:101124ms step_avg:110.16ms
step:919/4150 train_time:101295ms step_avg:110.22ms
step:920/4150 train_time:101468ms step_avg:110.29ms
step:921/4150 train_time:101640ms step_avg:110.36ms
step:922/4150 train_time:101812ms step_avg:110.43ms
step:923/4150 train_time:101984ms step_avg:110.49ms
step:924/4150 train_time:102155ms step_avg:110.56ms
step:925/4150 train_time:102327ms step_avg:110.62ms
step:926/4150 train_time:102501ms step_avg:110.69ms
step:927/4150 train_time:102672ms step_avg:110.76ms
step:928/4150 train_time:102845ms step_avg:110.82ms
step:929/4150 train_time:103016ms step_avg:110.89ms
step:930/4150 train_time:103190ms step_avg:110.96ms
step:931/4150 train_time:103361ms step_avg:111.02ms
step:932/4150 train_time:103533ms step_avg:111.09ms
step:933/4150 train_time:103705ms step_avg:111.15ms
step:934/4150 train_time:103878ms step_avg:111.22ms
step:935/4150 train_time:104048ms step_avg:111.28ms
step:936/4150 train_time:104220ms step_avg:111.35ms
step:937/4150 train_time:104392ms step_avg:111.41ms
step:938/4150 train_time:104565ms step_avg:111.48ms
step:939/4150 train_time:104736ms step_avg:111.54ms
step:940/4150 train_time:104909ms step_avg:111.61ms
step:941/4150 train_time:105081ms step_avg:111.67ms
step:942/4150 train_time:105254ms step_avg:111.73ms
step:943/4150 train_time:105426ms step_avg:111.80ms
step:944/4150 train_time:105598ms step_avg:111.86ms
step:945/4150 train_time:105769ms step_avg:111.92ms
step:946/4150 train_time:105941ms step_avg:111.99ms
step:947/4150 train_time:106111ms step_avg:112.05ms
step:948/4150 train_time:106285ms step_avg:112.11ms
step:949/4150 train_time:106456ms step_avg:112.18ms
step:950/4150 train_time:106628ms step_avg:112.24ms
step:951/4150 train_time:106801ms step_avg:112.30ms
step:952/4150 train_time:106972ms step_avg:112.37ms
step:953/4150 train_time:107143ms step_avg:112.43ms
step:954/4150 train_time:107314ms step_avg:112.49ms
step:955/4150 train_time:107487ms step_avg:112.55ms
step:956/4150 train_time:107659ms step_avg:112.61ms
step:957/4150 train_time:107830ms step_avg:112.68ms
step:958/4150 train_time:108003ms step_avg:112.74ms
step:959/4150 train_time:108173ms step_avg:112.80ms
step:960/4150 train_time:108346ms step_avg:112.86ms
step:961/4150 train_time:108517ms step_avg:112.92ms
step:962/4150 train_time:108691ms step_avg:112.98ms
step:963/4150 train_time:108864ms step_avg:113.05ms
step:964/4150 train_time:109035ms step_avg:113.11ms
step:965/4150 train_time:109206ms step_avg:113.17ms
step:966/4150 train_time:109378ms step_avg:113.23ms
step:967/4150 train_time:109549ms step_avg:113.29ms
step:968/4150 train_time:109722ms step_avg:113.35ms
step:969/4150 train_time:109893ms step_avg:113.41ms
step:970/4150 train_time:110065ms step_avg:113.47ms
step:971/4150 train_time:110235ms step_avg:113.53ms
step:972/4150 train_time:110409ms step_avg:113.59ms
step:973/4150 train_time:110581ms step_avg:113.65ms
step:974/4150 train_time:110755ms step_avg:113.71ms
step:975/4150 train_time:110926ms step_avg:113.77ms
step:976/4150 train_time:111100ms step_avg:113.83ms
step:977/4150 train_time:111270ms step_avg:113.89ms
step:978/4150 train_time:111442ms step_avg:113.95ms
step:979/4150 train_time:111612ms step_avg:114.01ms
step:980/4150 train_time:111785ms step_avg:114.07ms
step:981/4150 train_time:111956ms step_avg:114.12ms
step:982/4150 train_time:112128ms step_avg:114.18ms
step:983/4150 train_time:112300ms step_avg:114.24ms
step:984/4150 train_time:112474ms step_avg:114.30ms
step:985/4150 train_time:112646ms step_avg:114.36ms
step:986/4150 train_time:112820ms step_avg:114.42ms
step:987/4150 train_time:112992ms step_avg:114.48ms
step:988/4150 train_time:113166ms step_avg:114.54ms
step:989/4150 train_time:113337ms step_avg:114.60ms
step:990/4150 train_time:113510ms step_avg:114.66ms
step:991/4150 train_time:113681ms step_avg:114.71ms
step:992/4150 train_time:113855ms step_avg:114.77ms
step:993/4150 train_time:114024ms step_avg:114.83ms
step:994/4150 train_time:114197ms step_avg:114.89ms
step:995/4150 train_time:114368ms step_avg:114.94ms
step:996/4150 train_time:114541ms step_avg:115.00ms
step:997/4150 train_time:114714ms step_avg:115.06ms
step:998/4150 train_time:114887ms step_avg:115.12ms
step:999/4150 train_time:115057ms step_avg:115.17ms
step:1000/4150 train_time:115229ms step_avg:115.23ms
step:1000/4150 val_loss:3.4468 train_time:115386ms step_avg:115.39ms
step:1001/4150 train_time:115407ms step_avg:115.29ms
step:1002/4150 train_time:115573ms step_avg:115.34ms
step:1003/4150 train_time:115751ms step_avg:115.40ms
step:1004/4150 train_time:115924ms step_avg:115.46ms
step:1005/4150 train_time:116090ms step_avg:115.51ms
step:1006/4150 train_time:116260ms step_avg:115.57ms
step:1007/4150 train_time:116436ms step_avg:115.63ms
step:1008/4150 train_time:116611ms step_avg:115.69ms
step:1009/4150 train_time:116782ms step_avg:115.74ms
step:1010/4150 train_time:116955ms step_avg:115.80ms
step:1011/4150 train_time:117123ms step_avg:115.85ms
step:1012/4150 train_time:117297ms step_avg:115.91ms
step:1013/4150 train_time:117470ms step_avg:115.96ms
step:1014/4150 train_time:117643ms step_avg:116.02ms
step:1015/4150 train_time:117814ms step_avg:116.07ms
step:1016/4150 train_time:117985ms step_avg:116.13ms
step:1017/4150 train_time:118152ms step_avg:116.18ms
step:1018/4150 train_time:118324ms step_avg:116.23ms
step:1019/4150 train_time:118495ms step_avg:116.29ms
step:1020/4150 train_time:118669ms step_avg:116.34ms
step:1021/4150 train_time:118841ms step_avg:116.40ms
step:1022/4150 train_time:119013ms step_avg:116.45ms
step:1023/4150 train_time:119181ms step_avg:116.50ms
step:1024/4150 train_time:119353ms step_avg:116.56ms
step:1025/4150 train_time:119527ms step_avg:116.61ms
step:1026/4150 train_time:119699ms step_avg:116.67ms
step:1027/4150 train_time:119871ms step_avg:116.72ms
step:1028/4150 train_time:120043ms step_avg:116.77ms
step:1029/4150 train_time:120213ms step_avg:116.82ms
step:1030/4150 train_time:120384ms step_avg:116.88ms
step:1031/4150 train_time:120555ms step_avg:116.93ms
step:1032/4150 train_time:120729ms step_avg:116.99ms
step:1033/4150 train_time:120904ms step_avg:117.04ms
step:1034/4150 train_time:121130ms step_avg:117.15ms
step:1035/4150 train_time:121352ms step_avg:117.25ms
step:1036/4150 train_time:121581ms step_avg:117.36ms
step:1037/4150 train_time:121807ms step_avg:117.46ms
step:1038/4150 train_time:122032ms step_avg:117.56ms
step:1039/4150 train_time:122252ms step_avg:117.66ms
step:1040/4150 train_time:122480ms step_avg:117.77ms
step:1041/4150 train_time:122704ms step_avg:117.87ms
step:1042/4150 train_time:122931ms step_avg:117.98ms
step:1043/4150 train_time:123152ms step_avg:118.07ms
step:1044/4150 train_time:123378ms step_avg:118.18ms
step:1045/4150 train_time:123601ms step_avg:118.28ms
step:1046/4150 train_time:123829ms step_avg:118.38ms
step:1047/4150 train_time:124050ms step_avg:118.48ms
step:1048/4150 train_time:124275ms step_avg:118.58ms
step:1049/4150 train_time:124498ms step_avg:118.68ms
step:1050/4150 train_time:124726ms step_avg:118.79ms
step:1051/4150 train_time:124946ms step_avg:118.88ms
step:1052/4150 train_time:125174ms step_avg:118.99ms
step:1053/4150 train_time:125394ms step_avg:119.08ms
step:1054/4150 train_time:125624ms step_avg:119.19ms
step:1055/4150 train_time:125844ms step_avg:119.28ms
step:1056/4150 train_time:126071ms step_avg:119.39ms
step:1057/4150 train_time:126292ms step_avg:119.48ms
step:1058/4150 train_time:126521ms step_avg:119.58ms
step:1059/4150 train_time:126743ms step_avg:119.68ms
step:1060/4150 train_time:126970ms step_avg:119.78ms
step:1061/4150 train_time:127192ms step_avg:119.88ms
step:1062/4150 train_time:127419ms step_avg:119.98ms
step:1063/4150 train_time:127642ms step_avg:120.08ms
step:1064/4150 train_time:127870ms step_avg:120.18ms
step:1065/4150 train_time:128090ms step_avg:120.27ms
step:1066/4150 train_time:128320ms step_avg:120.38ms
step:1067/4150 train_time:128541ms step_avg:120.47ms
step:1068/4150 train_time:128768ms step_avg:120.57ms
step:1069/4150 train_time:128991ms step_avg:120.66ms
step:1070/4150 train_time:129218ms step_avg:120.76ms
step:1071/4150 train_time:129439ms step_avg:120.86ms
step:1072/4150 train_time:129664ms step_avg:120.95ms
step:1073/4150 train_time:129884ms step_avg:121.05ms
step:1074/4150 train_time:130111ms step_avg:121.15ms
step:1075/4150 train_time:130333ms step_avg:121.24ms
step:1076/4150 train_time:130561ms step_avg:121.34ms
step:1077/4150 train_time:130783ms step_avg:121.43ms
step:1078/4150 train_time:131012ms step_avg:121.53ms
step:1079/4150 train_time:131235ms step_avg:121.63ms
step:1080/4150 train_time:131462ms step_avg:121.72ms
step:1081/4150 train_time:131683ms step_avg:121.82ms
step:1082/4150 train_time:131912ms step_avg:121.92ms
step:1083/4150 train_time:132133ms step_avg:122.01ms
step:1084/4150 train_time:132361ms step_avg:122.10ms
step:1085/4150 train_time:132583ms step_avg:122.20ms
step:1086/4150 train_time:132811ms step_avg:122.29ms
step:1087/4150 train_time:133031ms step_avg:122.38ms
step:1088/4150 train_time:133258ms step_avg:122.48ms
step:1089/4150 train_time:133481ms step_avg:122.57ms
step:1090/4150 train_time:133709ms step_avg:122.67ms
step:1091/4150 train_time:133930ms step_avg:122.76ms
step:1092/4150 train_time:134158ms step_avg:122.86ms
step:1093/4150 train_time:134382ms step_avg:122.95ms
step:1094/4150 train_time:134608ms step_avg:123.04ms
step:1095/4150 train_time:134830ms step_avg:123.13ms
step:1096/4150 train_time:135055ms step_avg:123.23ms
step:1097/4150 train_time:135275ms step_avg:123.31ms
step:1098/4150 train_time:135501ms step_avg:123.41ms
step:1099/4150 train_time:135725ms step_avg:123.50ms
step:1100/4150 train_time:135954ms step_avg:123.59ms
step:1101/4150 train_time:136174ms step_avg:123.68ms
step:1102/4150 train_time:136401ms step_avg:123.78ms
step:1103/4150 train_time:136622ms step_avg:123.86ms
step:1104/4150 train_time:136851ms step_avg:123.96ms
step:1105/4150 train_time:137073ms step_avg:124.05ms
step:1106/4150 train_time:137299ms step_avg:124.14ms
step:1107/4150 train_time:137521ms step_avg:124.23ms
step:1108/4150 train_time:137749ms step_avg:124.32ms
step:1109/4150 train_time:137971ms step_avg:124.41ms
step:1110/4150 train_time:138198ms step_avg:124.50ms
step:1111/4150 train_time:138421ms step_avg:124.59ms
step:1112/4150 train_time:138647ms step_avg:124.68ms
step:1113/4150 train_time:138870ms step_avg:124.77ms
step:1114/4150 train_time:139099ms step_avg:124.86ms
step:1115/4150 train_time:139322ms step_avg:124.95ms
step:1116/4150 train_time:139549ms step_avg:125.04ms
step:1117/4150 train_time:139770ms step_avg:125.13ms
step:1118/4150 train_time:139996ms step_avg:125.22ms
step:1119/4150 train_time:140219ms step_avg:125.31ms
step:1120/4150 train_time:140444ms step_avg:125.40ms
step:1121/4150 train_time:140665ms step_avg:125.48ms
step:1122/4150 train_time:140892ms step_avg:125.57ms
step:1123/4150 train_time:141117ms step_avg:125.66ms
step:1124/4150 train_time:141344ms step_avg:125.75ms
step:1125/4150 train_time:141565ms step_avg:125.84ms
step:1126/4150 train_time:141794ms step_avg:125.93ms
step:1127/4150 train_time:142016ms step_avg:126.01ms
step:1128/4150 train_time:142243ms step_avg:126.10ms
step:1129/4150 train_time:142464ms step_avg:126.19ms
step:1130/4150 train_time:142692ms step_avg:126.28ms
step:1131/4150 train_time:142914ms step_avg:126.36ms
step:1132/4150 train_time:143142ms step_avg:126.45ms
step:1133/4150 train_time:143365ms step_avg:126.54ms
step:1134/4150 train_time:143591ms step_avg:126.62ms
step:1135/4150 train_time:143814ms step_avg:126.71ms
step:1136/4150 train_time:144040ms step_avg:126.80ms
step:1137/4150 train_time:144261ms step_avg:126.88ms
step:1138/4150 train_time:144488ms step_avg:126.97ms
step:1139/4150 train_time:144714ms step_avg:127.05ms
step:1140/4150 train_time:144939ms step_avg:127.14ms
step:1141/4150 train_time:145160ms step_avg:127.22ms
step:1142/4150 train_time:145388ms step_avg:127.31ms
step:1143/4150 train_time:145612ms step_avg:127.39ms
step:1144/4150 train_time:145839ms step_avg:127.48ms
step:1145/4150 train_time:146061ms step_avg:127.56ms
step:1146/4150 train_time:146285ms step_avg:127.65ms
step:1147/4150 train_time:146508ms step_avg:127.73ms
step:1148/4150 train_time:146735ms step_avg:127.82ms
step:1149/4150 train_time:146959ms step_avg:127.90ms
step:1150/4150 train_time:147186ms step_avg:127.99ms
step:1151/4150 train_time:147411ms step_avg:128.07ms
step:1152/4150 train_time:147636ms step_avg:128.16ms
step:1153/4150 train_time:147859ms step_avg:128.24ms
step:1154/4150 train_time:148084ms step_avg:128.32ms
step:1155/4150 train_time:148305ms step_avg:128.40ms
step:1156/4150 train_time:148531ms step_avg:128.49ms
step:1157/4150 train_time:148753ms step_avg:128.57ms
step:1158/4150 train_time:148981ms step_avg:128.65ms
step:1159/4150 train_time:149201ms step_avg:128.73ms
step:1160/4150 train_time:149429ms step_avg:128.82ms
step:1161/4150 train_time:149650ms step_avg:128.90ms
step:1162/4150 train_time:149877ms step_avg:128.98ms
step:1163/4150 train_time:150098ms step_avg:129.06ms
step:1164/4150 train_time:150325ms step_avg:129.14ms
step:1165/4150 train_time:150545ms step_avg:129.22ms
step:1166/4150 train_time:150773ms step_avg:129.31ms
step:1167/4150 train_time:150992ms step_avg:129.38ms
step:1168/4150 train_time:151221ms step_avg:129.47ms
step:1169/4150 train_time:151444ms step_avg:129.55ms
step:1170/4150 train_time:151673ms step_avg:129.63ms
step:1171/4150 train_time:151893ms step_avg:129.71ms
step:1172/4150 train_time:152123ms step_avg:129.80ms
step:1173/4150 train_time:152344ms step_avg:129.88ms
step:1174/4150 train_time:152572ms step_avg:129.96ms
step:1175/4150 train_time:152793ms step_avg:130.04ms
step:1176/4150 train_time:153022ms step_avg:130.12ms
step:1177/4150 train_time:153243ms step_avg:130.20ms
step:1178/4150 train_time:153472ms step_avg:130.28ms
step:1179/4150 train_time:153694ms step_avg:130.36ms
step:1180/4150 train_time:153921ms step_avg:130.44ms
step:1181/4150 train_time:154141ms step_avg:130.52ms
step:1182/4150 train_time:154370ms step_avg:130.60ms
step:1183/4150 train_time:154592ms step_avg:130.68ms
step:1184/4150 train_time:154820ms step_avg:130.76ms
step:1185/4150 train_time:155040ms step_avg:130.84ms
step:1186/4150 train_time:155266ms step_avg:130.92ms
step:1187/4150 train_time:155487ms step_avg:130.99ms
step:1188/4150 train_time:155714ms step_avg:131.07ms
step:1189/4150 train_time:155934ms step_avg:131.15ms
step:1190/4150 train_time:156164ms step_avg:131.23ms
step:1191/4150 train_time:156385ms step_avg:131.31ms
step:1192/4150 train_time:156612ms step_avg:131.39ms
step:1193/4150 train_time:156832ms step_avg:131.46ms
step:1194/4150 train_time:157062ms step_avg:131.54ms
step:1195/4150 train_time:157283ms step_avg:131.62ms
step:1196/4150 train_time:157512ms step_avg:131.70ms
step:1197/4150 train_time:157732ms step_avg:131.77ms
step:1198/4150 train_time:157961ms step_avg:131.85ms
step:1199/4150 train_time:158183ms step_avg:131.93ms
step:1200/4150 train_time:158410ms step_avg:132.01ms
step:1201/4150 train_time:158633ms step_avg:132.08ms
step:1202/4150 train_time:158861ms step_avg:132.16ms
step:1203/4150 train_time:159081ms step_avg:132.24ms
step:1204/4150 train_time:159309ms step_avg:132.32ms
step:1205/4150 train_time:159530ms step_avg:132.39ms
step:1206/4150 train_time:159757ms step_avg:132.47ms
step:1207/4150 train_time:159981ms step_avg:132.54ms
step:1208/4150 train_time:160209ms step_avg:132.62ms
step:1209/4150 train_time:160430ms step_avg:132.70ms
step:1210/4150 train_time:160657ms step_avg:132.77ms
step:1211/4150 train_time:160880ms step_avg:132.85ms
step:1212/4150 train_time:161105ms step_avg:132.93ms
step:1213/4150 train_time:161325ms step_avg:133.00ms
step:1214/4150 train_time:161553ms step_avg:133.08ms
step:1215/4150 train_time:161775ms step_avg:133.15ms
step:1216/4150 train_time:162001ms step_avg:133.22ms
step:1217/4150 train_time:162224ms step_avg:133.30ms
step:1218/4150 train_time:162450ms step_avg:133.37ms
step:1219/4150 train_time:162672ms step_avg:133.45ms
step:1220/4150 train_time:162900ms step_avg:133.52ms
step:1221/4150 train_time:163123ms step_avg:133.60ms
step:1222/4150 train_time:163351ms step_avg:133.68ms
step:1223/4150 train_time:163577ms step_avg:133.75ms
step:1224/4150 train_time:163804ms step_avg:133.83ms
step:1225/4150 train_time:164025ms step_avg:133.90ms
step:1226/4150 train_time:164251ms step_avg:133.97ms
step:1227/4150 train_time:164473ms step_avg:134.05ms
step:1228/4150 train_time:164702ms step_avg:134.12ms
step:1229/4150 train_time:164925ms step_avg:134.19ms
step:1230/4150 train_time:165151ms step_avg:134.27ms
step:1231/4150 train_time:165374ms step_avg:134.34ms
step:1232/4150 train_time:165601ms step_avg:134.42ms
step:1233/4150 train_time:165824ms step_avg:134.49ms
step:1234/4150 train_time:166051ms step_avg:134.56ms
step:1235/4150 train_time:166274ms step_avg:134.64ms
step:1236/4150 train_time:166504ms step_avg:134.71ms
step:1237/4150 train_time:166725ms step_avg:134.78ms
step:1238/4150 train_time:166951ms step_avg:134.86ms
step:1239/4150 train_time:167173ms step_avg:134.93ms
step:1240/4150 train_time:167400ms step_avg:135.00ms
step:1241/4150 train_time:167624ms step_avg:135.07ms
step:1242/4150 train_time:167852ms step_avg:135.15ms
step:1243/4150 train_time:168074ms step_avg:135.22ms
step:1244/4150 train_time:168300ms step_avg:135.29ms
step:1245/4150 train_time:168521ms step_avg:135.36ms
step:1246/4150 train_time:168749ms step_avg:135.43ms
step:1247/4150 train_time:168971ms step_avg:135.50ms
step:1248/4150 train_time:169196ms step_avg:135.57ms
step:1249/4150 train_time:169420ms step_avg:135.64ms
step:1250/4150 train_time:169645ms step_avg:135.72ms
step:1250/4150 val_loss:3.3532 train_time:169847ms step_avg:135.88ms
step:1251/4150 train_time:169869ms step_avg:135.79ms
step:1252/4150 train_time:170095ms step_avg:135.86ms
step:1253/4150 train_time:170322ms step_avg:135.93ms
step:1254/4150 train_time:170546ms step_avg:136.00ms
step:1255/4150 train_time:170769ms step_avg:136.07ms
step:1256/4150 train_time:170999ms step_avg:136.15ms
step:1257/4150 train_time:171223ms step_avg:136.22ms
step:1258/4150 train_time:171449ms step_avg:136.29ms
step:1259/4150 train_time:171669ms step_avg:136.35ms
step:1260/4150 train_time:171897ms step_avg:136.43ms
step:1261/4150 train_time:172122ms step_avg:136.50ms
step:1262/4150 train_time:172350ms step_avg:136.57ms
step:1263/4150 train_time:172570ms step_avg:136.64ms
step:1264/4150 train_time:172797ms step_avg:136.71ms
step:1265/4150 train_time:173020ms step_avg:136.77ms
step:1266/4150 train_time:173249ms step_avg:136.85ms
step:1267/4150 train_time:173470ms step_avg:136.91ms
step:1268/4150 train_time:173695ms step_avg:136.98ms
step:1269/4150 train_time:173918ms step_avg:137.05ms
step:1270/4150 train_time:174146ms step_avg:137.12ms
step:1271/4150 train_time:174369ms step_avg:137.19ms
step:1272/4150 train_time:174594ms step_avg:137.26ms
step:1273/4150 train_time:174814ms step_avg:137.32ms
step:1274/4150 train_time:175041ms step_avg:137.39ms
step:1275/4150 train_time:175263ms step_avg:137.46ms
step:1276/4150 train_time:175490ms step_avg:137.53ms
step:1277/4150 train_time:175711ms step_avg:137.60ms
step:1278/4150 train_time:175938ms step_avg:137.67ms
step:1279/4150 train_time:176161ms step_avg:137.73ms
step:1280/4150 train_time:176387ms step_avg:137.80ms
step:1281/4150 train_time:176608ms step_avg:137.87ms
step:1282/4150 train_time:176836ms step_avg:137.94ms
step:1283/4150 train_time:177057ms step_avg:138.00ms
step:1284/4150 train_time:177287ms step_avg:138.07ms
step:1285/4150 train_time:177511ms step_avg:138.14ms
step:1286/4150 train_time:177740ms step_avg:138.21ms
step:1287/4150 train_time:177961ms step_avg:138.28ms
step:1288/4150 train_time:178187ms step_avg:138.34ms
step:1289/4150 train_time:178408ms step_avg:138.41ms
step:1290/4150 train_time:178636ms step_avg:138.48ms
step:1291/4150 train_time:178859ms step_avg:138.54ms
step:1292/4150 train_time:179085ms step_avg:138.61ms
step:1293/4150 train_time:179309ms step_avg:138.68ms
step:1294/4150 train_time:179537ms step_avg:138.75ms
step:1295/4150 train_time:179758ms step_avg:138.81ms
step:1296/4150 train_time:179987ms step_avg:138.88ms
step:1297/4150 train_time:180210ms step_avg:138.94ms
step:1298/4150 train_time:180438ms step_avg:139.01ms
step:1299/4150 train_time:180658ms step_avg:139.07ms
step:1300/4150 train_time:180885ms step_avg:139.14ms
step:1301/4150 train_time:181108ms step_avg:139.21ms
step:1302/4150 train_time:181334ms step_avg:139.27ms
step:1303/4150 train_time:181556ms step_avg:139.34ms
step:1304/4150 train_time:181783ms step_avg:139.40ms
step:1305/4150 train_time:182003ms step_avg:139.47ms
step:1306/4150 train_time:182230ms step_avg:139.53ms
step:1307/4150 train_time:182452ms step_avg:139.60ms
step:1308/4150 train_time:182677ms step_avg:139.66ms
step:1309/4150 train_time:182898ms step_avg:139.72ms
step:1310/4150 train_time:183128ms step_avg:139.79ms
step:1311/4150 train_time:183349ms step_avg:139.85ms
step:1312/4150 train_time:183580ms step_avg:139.92ms
step:1313/4150 train_time:183798ms step_avg:139.98ms
step:1314/4150 train_time:184028ms step_avg:140.05ms
step:1315/4150 train_time:184247ms step_avg:140.11ms
step:1316/4150 train_time:184474ms step_avg:140.18ms
step:1317/4150 train_time:184698ms step_avg:140.24ms
step:1318/4150 train_time:184924ms step_avg:140.31ms
step:1319/4150 train_time:185147ms step_avg:140.37ms
step:1320/4150 train_time:185376ms step_avg:140.44ms
step:1321/4150 train_time:185596ms step_avg:140.50ms
step:1322/4150 train_time:185821ms step_avg:140.56ms
step:1323/4150 train_time:186043ms step_avg:140.62ms
step:1324/4150 train_time:186272ms step_avg:140.69ms
step:1325/4150 train_time:186494ms step_avg:140.75ms
step:1326/4150 train_time:186719ms step_avg:140.81ms
step:1327/4150 train_time:186939ms step_avg:140.87ms
step:1328/4150 train_time:187166ms step_avg:140.94ms
step:1329/4150 train_time:187387ms step_avg:141.00ms
step:1330/4150 train_time:187614ms step_avg:141.06ms
step:1331/4150 train_time:187838ms step_avg:141.13ms
step:1332/4150 train_time:188066ms step_avg:141.19ms
step:1333/4150 train_time:188287ms step_avg:141.25ms
step:1334/4150 train_time:188516ms step_avg:141.32ms
step:1335/4150 train_time:188740ms step_avg:141.38ms
step:1336/4150 train_time:188965ms step_avg:141.44ms
step:1337/4150 train_time:189188ms step_avg:141.50ms
step:1338/4150 train_time:189416ms step_avg:141.57ms
step:1339/4150 train_time:189635ms step_avg:141.62ms
step:1340/4150 train_time:189862ms step_avg:141.69ms
step:1341/4150 train_time:190082ms step_avg:141.75ms
step:1342/4150 train_time:190309ms step_avg:141.81ms
step:1343/4150 train_time:190530ms step_avg:141.87ms
step:1344/4150 train_time:190755ms step_avg:141.93ms
step:1345/4150 train_time:190979ms step_avg:141.99ms
step:1346/4150 train_time:191208ms step_avg:142.06ms
step:1347/4150 train_time:191429ms step_avg:142.12ms
step:1348/4150 train_time:191660ms step_avg:142.18ms
step:1349/4150 train_time:191879ms step_avg:142.24ms
step:1350/4150 train_time:192105ms step_avg:142.30ms
step:1351/4150 train_time:192326ms step_avg:142.36ms
step:1352/4150 train_time:192554ms step_avg:142.42ms
step:1353/4150 train_time:192775ms step_avg:142.48ms
step:1354/4150 train_time:193001ms step_avg:142.54ms
step:1355/4150 train_time:193224ms step_avg:142.60ms
step:1356/4150 train_time:193450ms step_avg:142.66ms
step:1357/4150 train_time:193670ms step_avg:142.72ms
step:1358/4150 train_time:193898ms step_avg:142.78ms
step:1359/4150 train_time:194118ms step_avg:142.84ms
step:1360/4150 train_time:194348ms step_avg:142.90ms
step:1361/4150 train_time:194568ms step_avg:142.96ms
step:1362/4150 train_time:194795ms step_avg:143.02ms
step:1363/4150 train_time:195018ms step_avg:143.08ms
step:1364/4150 train_time:195245ms step_avg:143.14ms
step:1365/4150 train_time:195466ms step_avg:143.20ms
step:1366/4150 train_time:195695ms step_avg:143.26ms
step:1367/4150 train_time:195917ms step_avg:143.32ms
step:1368/4150 train_time:196145ms step_avg:143.38ms
step:1369/4150 train_time:196369ms step_avg:143.44ms
step:1370/4150 train_time:196597ms step_avg:143.50ms
step:1371/4150 train_time:196819ms step_avg:143.56ms
step:1372/4150 train_time:197047ms step_avg:143.62ms
step:1373/4150 train_time:197270ms step_avg:143.68ms
step:1374/4150 train_time:197496ms step_avg:143.74ms
step:1375/4150 train_time:197721ms step_avg:143.80ms
step:1376/4150 train_time:197946ms step_avg:143.86ms
step:1377/4150 train_time:198168ms step_avg:143.91ms
step:1378/4150 train_time:198396ms step_avg:143.97ms
step:1379/4150 train_time:198620ms step_avg:144.03ms
step:1380/4150 train_time:198848ms step_avg:144.09ms
step:1381/4150 train_time:199070ms step_avg:144.15ms
step:1382/4150 train_time:199298ms step_avg:144.21ms
step:1383/4150 train_time:199520ms step_avg:144.27ms
step:1384/4150 train_time:199746ms step_avg:144.33ms
step:1385/4150 train_time:199968ms step_avg:144.38ms
step:1386/4150 train_time:200195ms step_avg:144.44ms
step:1387/4150 train_time:200417ms step_avg:144.50ms
step:1388/4150 train_time:200646ms step_avg:144.56ms
step:1389/4150 train_time:200868ms step_avg:144.61ms
step:1390/4150 train_time:201095ms step_avg:144.67ms
step:1391/4150 train_time:201318ms step_avg:144.73ms
step:1392/4150 train_time:201548ms step_avg:144.79ms
step:1393/4150 train_time:201772ms step_avg:144.85ms
step:1394/4150 train_time:202000ms step_avg:144.91ms
step:1395/4150 train_time:202225ms step_avg:144.96ms
step:1396/4150 train_time:202453ms step_avg:145.02ms
step:1397/4150 train_time:202677ms step_avg:145.08ms
step:1398/4150 train_time:202905ms step_avg:145.14ms
step:1399/4150 train_time:203130ms step_avg:145.20ms
step:1400/4150 train_time:203358ms step_avg:145.26ms
step:1401/4150 train_time:203580ms step_avg:145.31ms
step:1402/4150 train_time:203810ms step_avg:145.37ms
step:1403/4150 train_time:204032ms step_avg:145.43ms
step:1404/4150 train_time:204260ms step_avg:145.48ms
step:1405/4150 train_time:204481ms step_avg:145.54ms
step:1406/4150 train_time:204708ms step_avg:145.60ms
step:1407/4150 train_time:204930ms step_avg:145.65ms
step:1408/4150 train_time:205156ms step_avg:145.71ms
step:1409/4150 train_time:205379ms step_avg:145.76ms
step:1410/4150 train_time:205608ms step_avg:145.82ms
step:1411/4150 train_time:205830ms step_avg:145.88ms
step:1412/4150 train_time:206059ms step_avg:145.93ms
step:1413/4150 train_time:206282ms step_avg:145.99ms
step:1414/4150 train_time:206509ms step_avg:146.05ms
step:1415/4150 train_time:206731ms step_avg:146.10ms
step:1416/4150 train_time:206960ms step_avg:146.16ms
step:1417/4150 train_time:207181ms step_avg:146.21ms
step:1418/4150 train_time:207408ms step_avg:146.27ms
step:1419/4150 train_time:207629ms step_avg:146.32ms
step:1420/4150 train_time:207856ms step_avg:146.38ms
step:1421/4150 train_time:208079ms step_avg:146.43ms
step:1422/4150 train_time:208308ms step_avg:146.49ms
step:1423/4150 train_time:208530ms step_avg:146.54ms
step:1424/4150 train_time:208757ms step_avg:146.60ms
step:1425/4150 train_time:208980ms step_avg:146.65ms
step:1426/4150 train_time:209209ms step_avg:146.71ms
step:1427/4150 train_time:209433ms step_avg:146.76ms
step:1428/4150 train_time:209660ms step_avg:146.82ms
step:1429/4150 train_time:209881ms step_avg:146.87ms
step:1430/4150 train_time:210107ms step_avg:146.93ms
step:1431/4150 train_time:210329ms step_avg:146.98ms
step:1432/4150 train_time:210557ms step_avg:147.04ms
step:1433/4150 train_time:210780ms step_avg:147.09ms
step:1434/4150 train_time:211007ms step_avg:147.15ms
step:1435/4150 train_time:211229ms step_avg:147.20ms
step:1436/4150 train_time:211456ms step_avg:147.25ms
step:1437/4150 train_time:211679ms step_avg:147.31ms
step:1438/4150 train_time:211907ms step_avg:147.36ms
step:1439/4150 train_time:212130ms step_avg:147.41ms
step:1440/4150 train_time:212358ms step_avg:147.47ms
step:1441/4150 train_time:212581ms step_avg:147.52ms
step:1442/4150 train_time:212808ms step_avg:147.58ms
step:1443/4150 train_time:213029ms step_avg:147.63ms
step:1444/4150 train_time:213258ms step_avg:147.69ms
step:1445/4150 train_time:213480ms step_avg:147.74ms
step:1446/4150 train_time:213710ms step_avg:147.79ms
step:1447/4150 train_time:213933ms step_avg:147.85ms
step:1448/4150 train_time:214161ms step_avg:147.90ms
step:1449/4150 train_time:214381ms step_avg:147.95ms
step:1450/4150 train_time:214608ms step_avg:148.01ms
step:1451/4150 train_time:214831ms step_avg:148.06ms
step:1452/4150 train_time:215059ms step_avg:148.11ms
step:1453/4150 train_time:215282ms step_avg:148.16ms
step:1454/4150 train_time:215509ms step_avg:148.22ms
step:1455/4150 train_time:215733ms step_avg:148.27ms
step:1456/4150 train_time:215961ms step_avg:148.32ms
step:1457/4150 train_time:216181ms step_avg:148.37ms
step:1458/4150 train_time:216409ms step_avg:148.43ms
step:1459/4150 train_time:216631ms step_avg:148.48ms
step:1460/4150 train_time:216861ms step_avg:148.54ms
step:1461/4150 train_time:217082ms step_avg:148.58ms
step:1462/4150 train_time:217308ms step_avg:148.64ms
step:1463/4150 train_time:217532ms step_avg:148.69ms
step:1464/4150 train_time:217761ms step_avg:148.74ms
step:1465/4150 train_time:217986ms step_avg:148.80ms
step:1466/4150 train_time:218214ms step_avg:148.85ms
step:1467/4150 train_time:218436ms step_avg:148.90ms
step:1468/4150 train_time:218663ms step_avg:148.95ms
step:1469/4150 train_time:218890ms step_avg:149.01ms
step:1470/4150 train_time:219116ms step_avg:149.06ms
step:1471/4150 train_time:219338ms step_avg:149.11ms
step:1472/4150 train_time:219567ms step_avg:149.16ms
step:1473/4150 train_time:219790ms step_avg:149.21ms
step:1474/4150 train_time:220017ms step_avg:149.27ms
step:1475/4150 train_time:220241ms step_avg:149.32ms
step:1476/4150 train_time:220469ms step_avg:149.37ms
step:1477/4150 train_time:220690ms step_avg:149.42ms
step:1478/4150 train_time:220920ms step_avg:149.47ms
step:1479/4150 train_time:221140ms step_avg:149.52ms
step:1480/4150 train_time:221371ms step_avg:149.57ms
step:1481/4150 train_time:221594ms step_avg:149.62ms
step:1482/4150 train_time:221822ms step_avg:149.68ms
step:1483/4150 train_time:222048ms step_avg:149.73ms
step:1484/4150 train_time:222276ms step_avg:149.78ms
step:1485/4150 train_time:222496ms step_avg:149.83ms
step:1486/4150 train_time:222726ms step_avg:149.88ms
step:1487/4150 train_time:222947ms step_avg:149.93ms
step:1488/4150 train_time:223177ms step_avg:149.98ms
step:1489/4150 train_time:223397ms step_avg:150.03ms
step:1490/4150 train_time:223626ms step_avg:150.08ms
step:1491/4150 train_time:223849ms step_avg:150.13ms
step:1492/4150 train_time:224080ms step_avg:150.19ms
step:1493/4150 train_time:224301ms step_avg:150.23ms
step:1494/4150 train_time:224526ms step_avg:150.28ms
step:1495/4150 train_time:224750ms step_avg:150.33ms
step:1496/4150 train_time:224981ms step_avg:150.39ms
step:1497/4150 train_time:225204ms step_avg:150.44ms
step:1498/4150 train_time:225433ms step_avg:150.49ms
step:1499/4150 train_time:225654ms step_avg:150.54ms
step:1500/4150 train_time:225884ms step_avg:150.59ms
step:1500/4150 val_loss:3.2877 train_time:226089ms step_avg:150.73ms
step:1501/4150 train_time:226111ms step_avg:150.64ms
step:1502/4150 train_time:226336ms step_avg:150.69ms
step:1503/4150 train_time:226565ms step_avg:150.74ms
step:1504/4150 train_time:226790ms step_avg:150.79ms
step:1505/4150 train_time:227011ms step_avg:150.84ms
step:1506/4150 train_time:227241ms step_avg:150.89ms
step:1507/4150 train_time:227468ms step_avg:150.94ms
step:1508/4150 train_time:227696ms step_avg:150.99ms
step:1509/4150 train_time:227917ms step_avg:151.04ms
step:1510/4150 train_time:228146ms step_avg:151.09ms
step:1511/4150 train_time:228369ms step_avg:151.14ms
step:1512/4150 train_time:228599ms step_avg:151.19ms
step:1513/4150 train_time:228820ms step_avg:151.24ms
step:1514/4150 train_time:229044ms step_avg:151.28ms
step:1515/4150 train_time:229268ms step_avg:151.33ms
step:1516/4150 train_time:229496ms step_avg:151.38ms
step:1517/4150 train_time:229718ms step_avg:151.43ms
step:1518/4150 train_time:229942ms step_avg:151.48ms
step:1519/4150 train_time:230164ms step_avg:151.52ms
step:1520/4150 train_time:230394ms step_avg:151.57ms
step:1521/4150 train_time:230616ms step_avg:151.62ms
step:1522/4150 train_time:230844ms step_avg:151.67ms
step:1523/4150 train_time:231065ms step_avg:151.72ms
step:1524/4150 train_time:231291ms step_avg:151.77ms
step:1525/4150 train_time:231515ms step_avg:151.81ms
step:1526/4150 train_time:231742ms step_avg:151.86ms
step:1527/4150 train_time:231964ms step_avg:151.91ms
step:1528/4150 train_time:232194ms step_avg:151.96ms
step:1529/4150 train_time:232416ms step_avg:152.01ms
step:1530/4150 train_time:232643ms step_avg:152.05ms
step:1531/4150 train_time:232867ms step_avg:152.10ms
step:1532/4150 train_time:233094ms step_avg:152.15ms
step:1533/4150 train_time:233318ms step_avg:152.20ms
step:1534/4150 train_time:233547ms step_avg:152.25ms
step:1535/4150 train_time:233768ms step_avg:152.29ms
step:1536/4150 train_time:233994ms step_avg:152.34ms
step:1537/4150 train_time:234217ms step_avg:152.39ms
step:1538/4150 train_time:234443ms step_avg:152.43ms
step:1539/4150 train_time:234665ms step_avg:152.48ms
step:1540/4150 train_time:234893ms step_avg:152.53ms
step:1541/4150 train_time:235117ms step_avg:152.57ms
step:1542/4150 train_time:235344ms step_avg:152.62ms
step:1543/4150 train_time:235567ms step_avg:152.67ms
step:1544/4150 train_time:235795ms step_avg:152.72ms
step:1545/4150 train_time:236019ms step_avg:152.76ms
step:1546/4150 train_time:236244ms step_avg:152.81ms
step:1547/4150 train_time:236465ms step_avg:152.85ms
step:1548/4150 train_time:236694ms step_avg:152.90ms
step:1549/4150 train_time:236916ms step_avg:152.95ms
step:1550/4150 train_time:237142ms step_avg:152.99ms
step:1551/4150 train_time:237364ms step_avg:153.04ms
step:1552/4150 train_time:237595ms step_avg:153.09ms
step:1553/4150 train_time:237817ms step_avg:153.13ms
step:1554/4150 train_time:238042ms step_avg:153.18ms
step:1555/4150 train_time:238266ms step_avg:153.23ms
step:1556/4150 train_time:238495ms step_avg:153.27ms
step:1557/4150 train_time:238718ms step_avg:153.32ms
step:1558/4150 train_time:238944ms step_avg:153.37ms
step:1559/4150 train_time:239167ms step_avg:153.41ms
step:1560/4150 train_time:239393ms step_avg:153.46ms
step:1561/4150 train_time:239617ms step_avg:153.50ms
step:1562/4150 train_time:239843ms step_avg:153.55ms
step:1563/4150 train_time:240066ms step_avg:153.59ms
step:1564/4150 train_time:240295ms step_avg:153.64ms
step:1565/4150 train_time:240519ms step_avg:153.69ms
step:1566/4150 train_time:240746ms step_avg:153.73ms
step:1567/4150 train_time:240968ms step_avg:153.78ms
step:1568/4150 train_time:241198ms step_avg:153.83ms
step:1569/4150 train_time:241420ms step_avg:153.87ms
step:1570/4150 train_time:241647ms step_avg:153.92ms
step:1571/4150 train_time:241871ms step_avg:153.96ms
step:1572/4150 train_time:242098ms step_avg:154.01ms
step:1573/4150 train_time:242321ms step_avg:154.05ms
step:1574/4150 train_time:242548ms step_avg:154.10ms
step:1575/4150 train_time:242772ms step_avg:154.14ms
step:1576/4150 train_time:242998ms step_avg:154.19ms
step:1577/4150 train_time:243221ms step_avg:154.23ms
step:1578/4150 train_time:243448ms step_avg:154.28ms
step:1579/4150 train_time:243665ms step_avg:154.32ms
step:1580/4150 train_time:243893ms step_avg:154.36ms
step:1581/4150 train_time:244115ms step_avg:154.41ms
step:1582/4150 train_time:244342ms step_avg:154.45ms
step:1583/4150 train_time:244566ms step_avg:154.50ms
step:1584/4150 train_time:244794ms step_avg:154.54ms
step:1585/4150 train_time:245016ms step_avg:154.58ms
step:1586/4150 train_time:245243ms step_avg:154.63ms
step:1587/4150 train_time:245465ms step_avg:154.67ms
step:1588/4150 train_time:245694ms step_avg:154.72ms
step:1589/4150 train_time:245917ms step_avg:154.76ms
step:1590/4150 train_time:246142ms step_avg:154.81ms
step:1591/4150 train_time:246368ms step_avg:154.85ms
step:1592/4150 train_time:246596ms step_avg:154.90ms
step:1593/4150 train_time:246819ms step_avg:154.94ms
step:1594/4150 train_time:247047ms step_avg:154.99ms
step:1595/4150 train_time:247271ms step_avg:155.03ms
step:1596/4150 train_time:247498ms step_avg:155.07ms
step:1597/4150 train_time:247719ms step_avg:155.12ms
step:1598/4150 train_time:247946ms step_avg:155.16ms
step:1599/4150 train_time:248167ms step_avg:155.20ms
step:1600/4150 train_time:248395ms step_avg:155.25ms
step:1601/4150 train_time:248619ms step_avg:155.29ms
step:1602/4150 train_time:248844ms step_avg:155.33ms
step:1603/4150 train_time:249066ms step_avg:155.38ms
step:1604/4150 train_time:249294ms step_avg:155.42ms
step:1605/4150 train_time:249517ms step_avg:155.46ms
step:1606/4150 train_time:249745ms step_avg:155.51ms
step:1607/4150 train_time:249967ms step_avg:155.55ms
step:1608/4150 train_time:250192ms step_avg:155.59ms
step:1609/4150 train_time:250415ms step_avg:155.63ms
step:1610/4150 train_time:250643ms step_avg:155.68ms
step:1611/4150 train_time:250868ms step_avg:155.72ms
step:1612/4150 train_time:251094ms step_avg:155.77ms
step:1613/4150 train_time:251319ms step_avg:155.81ms
step:1614/4150 train_time:251546ms step_avg:155.85ms
step:1615/4150 train_time:251768ms step_avg:155.89ms
step:1616/4150 train_time:251994ms step_avg:155.94ms
step:1617/4150 train_time:252216ms step_avg:155.98ms
step:1618/4150 train_time:252442ms step_avg:156.02ms
step:1619/4150 train_time:252664ms step_avg:156.06ms
step:1620/4150 train_time:252891ms step_avg:156.11ms
step:1621/4150 train_time:253112ms step_avg:156.15ms
step:1622/4150 train_time:253340ms step_avg:156.19ms
step:1623/4150 train_time:253564ms step_avg:156.23ms
step:1624/4150 train_time:253792ms step_avg:156.28ms
step:1625/4150 train_time:254016ms step_avg:156.32ms
step:1626/4150 train_time:254242ms step_avg:156.36ms
step:1627/4150 train_time:254465ms step_avg:156.40ms
step:1628/4150 train_time:254694ms step_avg:156.45ms
step:1629/4150 train_time:254917ms step_avg:156.49ms
step:1630/4150 train_time:255143ms step_avg:156.53ms
step:1631/4150 train_time:255365ms step_avg:156.57ms
step:1632/4150 train_time:255593ms step_avg:156.61ms
step:1633/4150 train_time:255817ms step_avg:156.65ms
step:1634/4150 train_time:256043ms step_avg:156.70ms
step:1635/4150 train_time:256266ms step_avg:156.74ms
step:1636/4150 train_time:256494ms step_avg:156.78ms
step:1637/4150 train_time:256715ms step_avg:156.82ms
step:1638/4150 train_time:256942ms step_avg:156.86ms
step:1639/4150 train_time:257166ms step_avg:156.90ms
step:1640/4150 train_time:257394ms step_avg:156.95ms
step:1641/4150 train_time:257619ms step_avg:156.99ms
step:1642/4150 train_time:257845ms step_avg:157.03ms
step:1643/4150 train_time:258068ms step_avg:157.07ms
step:1644/4150 train_time:258297ms step_avg:157.12ms
step:1645/4150 train_time:258521ms step_avg:157.16ms
step:1646/4150 train_time:258748ms step_avg:157.20ms
step:1647/4150 train_time:258971ms step_avg:157.24ms
step:1648/4150 train_time:259196ms step_avg:157.28ms
step:1649/4150 train_time:259422ms step_avg:157.32ms
step:1650/4150 train_time:259647ms step_avg:157.36ms
step:1651/4150 train_time:259868ms step_avg:157.40ms
step:1652/4150 train_time:260094ms step_avg:157.44ms
step:1653/4150 train_time:260317ms step_avg:157.48ms
step:1654/4150 train_time:260543ms step_avg:157.52ms
step:1655/4150 train_time:260767ms step_avg:157.56ms
step:1656/4150 train_time:260995ms step_avg:157.61ms
step:1657/4150 train_time:261218ms step_avg:157.64ms
step:1658/4150 train_time:261444ms step_avg:157.69ms
step:1659/4150 train_time:261668ms step_avg:157.73ms
step:1660/4150 train_time:261896ms step_avg:157.77ms
step:1661/4150 train_time:262118ms step_avg:157.81ms
step:1662/4150 train_time:262346ms step_avg:157.85ms
step:1663/4150 train_time:262568ms step_avg:157.89ms
step:1664/4150 train_time:262793ms step_avg:157.93ms
step:1665/4150 train_time:263017ms step_avg:157.97ms
step:1666/4150 train_time:263244ms step_avg:158.01ms
step:1667/4150 train_time:263467ms step_avg:158.05ms
step:1668/4150 train_time:263694ms step_avg:158.09ms
step:1669/4150 train_time:263917ms step_avg:158.13ms
step:1670/4150 train_time:264142ms step_avg:158.17ms
step:1671/4150 train_time:264366ms step_avg:158.21ms
step:1672/4150 train_time:264594ms step_avg:158.25ms
step:1673/4150 train_time:264814ms step_avg:158.29ms
step:1674/4150 train_time:265043ms step_avg:158.33ms
step:1675/4150 train_time:265265ms step_avg:158.37ms
step:1676/4150 train_time:265494ms step_avg:158.41ms
step:1677/4150 train_time:265718ms step_avg:158.45ms
step:1678/4150 train_time:265945ms step_avg:158.49ms
step:1679/4150 train_time:266168ms step_avg:158.53ms
step:1680/4150 train_time:266395ms step_avg:158.57ms
step:1681/4150 train_time:266619ms step_avg:158.61ms
step:1682/4150 train_time:266846ms step_avg:158.65ms
step:1683/4150 train_time:267069ms step_avg:158.69ms
step:1684/4150 train_time:267297ms step_avg:158.73ms
step:1685/4150 train_time:267518ms step_avg:158.76ms
step:1686/4150 train_time:267746ms step_avg:158.81ms
step:1687/4150 train_time:267969ms step_avg:158.84ms
step:1688/4150 train_time:268199ms step_avg:158.89ms
step:1689/4150 train_time:268423ms step_avg:158.92ms
step:1690/4150 train_time:268651ms step_avg:158.96ms
step:1691/4150 train_time:268875ms step_avg:159.00ms
step:1692/4150 train_time:269104ms step_avg:159.04ms
step:1693/4150 train_time:269328ms step_avg:159.08ms
step:1694/4150 train_time:269553ms step_avg:159.12ms
step:1695/4150 train_time:269776ms step_avg:159.16ms
step:1696/4150 train_time:270003ms step_avg:159.20ms
step:1697/4150 train_time:270228ms step_avg:159.24ms
step:1698/4150 train_time:270455ms step_avg:159.28ms
step:1699/4150 train_time:270676ms step_avg:159.32ms
step:1700/4150 train_time:270905ms step_avg:159.36ms
step:1701/4150 train_time:271129ms step_avg:159.39ms
step:1702/4150 train_time:271356ms step_avg:159.43ms
step:1703/4150 train_time:271579ms step_avg:159.47ms
step:1704/4150 train_time:271805ms step_avg:159.51ms
step:1705/4150 train_time:272026ms step_avg:159.55ms
step:1706/4150 train_time:272257ms step_avg:159.59ms
step:1707/4150 train_time:272477ms step_avg:159.62ms
step:1708/4150 train_time:272705ms step_avg:159.66ms
step:1709/4150 train_time:272928ms step_avg:159.70ms
step:1710/4150 train_time:273156ms step_avg:159.74ms
step:1711/4150 train_time:273381ms step_avg:159.78ms
step:1712/4150 train_time:273609ms step_avg:159.82ms
step:1713/4150 train_time:273831ms step_avg:159.85ms
step:1714/4150 train_time:274059ms step_avg:159.89ms
step:1715/4150 train_time:274283ms step_avg:159.93ms
step:1716/4150 train_time:274511ms step_avg:159.97ms
step:1717/4150 train_time:274734ms step_avg:160.01ms
step:1718/4150 train_time:274962ms step_avg:160.05ms
step:1719/4150 train_time:275187ms step_avg:160.09ms
step:1720/4150 train_time:275414ms step_avg:160.12ms
step:1721/4150 train_time:275637ms step_avg:160.16ms
step:1722/4150 train_time:275866ms step_avg:160.20ms
step:1723/4150 train_time:276088ms step_avg:160.24ms
step:1724/4150 train_time:276316ms step_avg:160.28ms
step:1725/4150 train_time:276537ms step_avg:160.31ms
step:1726/4150 train_time:276765ms step_avg:160.35ms
step:1727/4150 train_time:276989ms step_avg:160.39ms
step:1728/4150 train_time:277219ms step_avg:160.43ms
step:1729/4150 train_time:277442ms step_avg:160.46ms
step:1730/4150 train_time:277670ms step_avg:160.50ms
step:1731/4150 train_time:277893ms step_avg:160.54ms
step:1732/4150 train_time:278124ms step_avg:160.58ms
step:1733/4150 train_time:278346ms step_avg:160.62ms
step:1734/4150 train_time:278575ms step_avg:160.65ms
step:1735/4150 train_time:278796ms step_avg:160.69ms
step:1736/4150 train_time:279026ms step_avg:160.73ms
step:1737/4150 train_time:279254ms step_avg:160.77ms
step:1738/4150 train_time:279485ms step_avg:160.81ms
step:1739/4150 train_time:279710ms step_avg:160.85ms
step:1740/4150 train_time:279939ms step_avg:160.88ms
step:1741/4150 train_time:280164ms step_avg:160.92ms
step:1742/4150 train_time:280393ms step_avg:160.96ms
step:1743/4150 train_time:280617ms step_avg:161.00ms
step:1744/4150 train_time:280845ms step_avg:161.03ms
step:1745/4150 train_time:281068ms step_avg:161.07ms
step:1746/4150 train_time:281295ms step_avg:161.11ms
step:1747/4150 train_time:281521ms step_avg:161.15ms
step:1748/4150 train_time:281748ms step_avg:161.18ms
step:1749/4150 train_time:281974ms step_avg:161.22ms
step:1750/4150 train_time:282199ms step_avg:161.26ms
step:1750/4150 val_loss:3.2232 train_time:282406ms step_avg:161.37ms
step:1751/4150 train_time:282428ms step_avg:161.30ms
step:1752/4150 train_time:282656ms step_avg:161.33ms
step:1753/4150 train_time:282883ms step_avg:161.37ms
step:1754/4150 train_time:283109ms step_avg:161.41ms
step:1755/4150 train_time:283329ms step_avg:161.44ms
step:1756/4150 train_time:283562ms step_avg:161.48ms
step:1757/4150 train_time:283787ms step_avg:161.52ms
step:1758/4150 train_time:284016ms step_avg:161.56ms
step:1759/4150 train_time:284233ms step_avg:161.59ms
step:1760/4150 train_time:284466ms step_avg:161.63ms
step:1761/4150 train_time:284689ms step_avg:161.66ms
step:1762/4150 train_time:284918ms step_avg:161.70ms
step:1763/4150 train_time:285140ms step_avg:161.74ms
step:1764/4150 train_time:285366ms step_avg:161.77ms
step:1765/4150 train_time:285590ms step_avg:161.81ms
step:1766/4150 train_time:285820ms step_avg:161.85ms
step:1767/4150 train_time:286043ms step_avg:161.88ms
step:1768/4150 train_time:286274ms step_avg:161.92ms
step:1769/4150 train_time:286496ms step_avg:161.95ms
step:1770/4150 train_time:286728ms step_avg:161.99ms
step:1771/4150 train_time:286953ms step_avg:162.03ms
step:1772/4150 train_time:287182ms step_avg:162.07ms
step:1773/4150 train_time:287405ms step_avg:162.10ms
step:1774/4150 train_time:287632ms step_avg:162.14ms
step:1775/4150 train_time:287856ms step_avg:162.17ms
step:1776/4150 train_time:288086ms step_avg:162.21ms
step:1777/4150 train_time:288310ms step_avg:162.25ms
step:1778/4150 train_time:288538ms step_avg:162.28ms
step:1779/4150 train_time:288764ms step_avg:162.32ms
step:1780/4150 train_time:288992ms step_avg:162.35ms
step:1781/4150 train_time:289216ms step_avg:162.39ms
step:1782/4150 train_time:289445ms step_avg:162.43ms
step:1783/4150 train_time:289669ms step_avg:162.46ms
step:1784/4150 train_time:289898ms step_avg:162.50ms
step:1785/4150 train_time:290123ms step_avg:162.53ms
step:1786/4150 train_time:290351ms step_avg:162.57ms
step:1787/4150 train_time:290574ms step_avg:162.60ms
step:1788/4150 train_time:290805ms step_avg:162.64ms
step:1789/4150 train_time:291027ms step_avg:162.68ms
step:1790/4150 train_time:291254ms step_avg:162.71ms
step:1791/4150 train_time:291480ms step_avg:162.75ms
step:1792/4150 train_time:291707ms step_avg:162.78ms
step:1793/4150 train_time:291933ms step_avg:162.82ms
step:1794/4150 train_time:292162ms step_avg:162.85ms
step:1795/4150 train_time:292384ms step_avg:162.89ms
step:1796/4150 train_time:292612ms step_avg:162.92ms
step:1797/4150 train_time:292834ms step_avg:162.96ms
step:1798/4150 train_time:293062ms step_avg:162.99ms
step:1799/4150 train_time:293285ms step_avg:163.03ms
step:1800/4150 train_time:293515ms step_avg:163.06ms
step:1801/4150 train_time:293737ms step_avg:163.10ms
step:1802/4150 train_time:293966ms step_avg:163.13ms
step:1803/4150 train_time:294185ms step_avg:163.16ms
step:1804/4150 train_time:294415ms step_avg:163.20ms
step:1805/4150 train_time:294637ms step_avg:163.23ms
step:1806/4150 train_time:294866ms step_avg:163.27ms
step:1807/4150 train_time:295089ms step_avg:163.30ms
step:1808/4150 train_time:295318ms step_avg:163.34ms
step:1809/4150 train_time:295542ms step_avg:163.37ms
step:1810/4150 train_time:295774ms step_avg:163.41ms
step:1811/4150 train_time:295996ms step_avg:163.44ms
step:1812/4150 train_time:296223ms step_avg:163.48ms
step:1813/4150 train_time:296449ms step_avg:163.51ms
step:1814/4150 train_time:296678ms step_avg:163.55ms
step:1815/4150 train_time:296902ms step_avg:163.58ms
step:1816/4150 train_time:297132ms step_avg:163.62ms
step:1817/4150 train_time:297355ms step_avg:163.65ms
step:1818/4150 train_time:297585ms step_avg:163.69ms
step:1819/4150 train_time:297808ms step_avg:163.72ms
step:1820/4150 train_time:298033ms step_avg:163.75ms
step:1821/4150 train_time:298257ms step_avg:163.79ms
step:1822/4150 train_time:298486ms step_avg:163.82ms
step:1823/4150 train_time:298712ms step_avg:163.86ms
step:1824/4150 train_time:298939ms step_avg:163.89ms
step:1825/4150 train_time:299163ms step_avg:163.92ms
step:1826/4150 train_time:299391ms step_avg:163.96ms
step:1827/4150 train_time:299615ms step_avg:163.99ms
step:1828/4150 train_time:299843ms step_avg:164.03ms
step:1829/4150 train_time:300065ms step_avg:164.06ms
step:1830/4150 train_time:300294ms step_avg:164.09ms
step:1831/4150 train_time:300519ms step_avg:164.13ms
step:1832/4150 train_time:300749ms step_avg:164.16ms
step:1833/4150 train_time:300975ms step_avg:164.20ms
step:1834/4150 train_time:301201ms step_avg:164.23ms
step:1835/4150 train_time:301425ms step_avg:164.26ms
step:1836/4150 train_time:301655ms step_avg:164.30ms
step:1837/4150 train_time:301877ms step_avg:164.33ms
step:1838/4150 train_time:302105ms step_avg:164.37ms
step:1839/4150 train_time:302329ms step_avg:164.40ms
step:1840/4150 train_time:302559ms step_avg:164.43ms
step:1841/4150 train_time:302781ms step_avg:164.47ms
step:1842/4150 train_time:303010ms step_avg:164.50ms
step:1843/4150 train_time:303233ms step_avg:164.53ms
step:1844/4150 train_time:303464ms step_avg:164.57ms
step:1845/4150 train_time:303686ms step_avg:164.60ms
step:1846/4150 train_time:303915ms step_avg:164.63ms
step:1847/4150 train_time:304135ms step_avg:164.66ms
step:1848/4150 train_time:304365ms step_avg:164.70ms
step:1849/4150 train_time:304587ms step_avg:164.73ms
step:1850/4150 train_time:304817ms step_avg:164.77ms
step:1851/4150 train_time:305036ms step_avg:164.80ms
step:1852/4150 train_time:305267ms step_avg:164.83ms
step:1853/4150 train_time:305491ms step_avg:164.86ms
step:1854/4150 train_time:305720ms step_avg:164.90ms
step:1855/4150 train_time:305943ms step_avg:164.93ms
step:1856/4150 train_time:306170ms step_avg:164.96ms
step:1857/4150 train_time:306391ms step_avg:164.99ms
step:1858/4150 train_time:306623ms step_avg:165.03ms
step:1859/4150 train_time:306846ms step_avg:165.06ms
step:1860/4150 train_time:307076ms step_avg:165.09ms
step:1861/4150 train_time:307300ms step_avg:165.13ms
step:1862/4150 train_time:307529ms step_avg:165.16ms
step:1863/4150 train_time:307755ms step_avg:165.19ms
step:1864/4150 train_time:307985ms step_avg:165.23ms
step:1865/4150 train_time:308212ms step_avg:165.26ms
step:1866/4150 train_time:308440ms step_avg:165.29ms
step:1867/4150 train_time:308664ms step_avg:165.33ms
step:1868/4150 train_time:308892ms step_avg:165.36ms
step:1869/4150 train_time:309115ms step_avg:165.39ms
step:1870/4150 train_time:309344ms step_avg:165.42ms
step:1871/4150 train_time:309569ms step_avg:165.46ms
step:1872/4150 train_time:309798ms step_avg:165.49ms
step:1873/4150 train_time:310024ms step_avg:165.52ms
step:1874/4150 train_time:310255ms step_avg:165.56ms
step:1875/4150 train_time:310476ms step_avg:165.59ms
step:1876/4150 train_time:310705ms step_avg:165.62ms
step:1877/4150 train_time:310929ms step_avg:165.65ms
step:1878/4150 train_time:311157ms step_avg:165.69ms
step:1879/4150 train_time:311378ms step_avg:165.71ms
step:1880/4150 train_time:311607ms step_avg:165.75ms
step:1881/4150 train_time:311829ms step_avg:165.78ms
step:1882/4150 train_time:312060ms step_avg:165.81ms
step:1883/4150 train_time:312284ms step_avg:165.84ms
step:1884/4150 train_time:312518ms step_avg:165.88ms
step:1885/4150 train_time:312738ms step_avg:165.91ms
step:1886/4150 train_time:312967ms step_avg:165.94ms
step:1887/4150 train_time:313190ms step_avg:165.97ms
step:1888/4150 train_time:313421ms step_avg:166.01ms
step:1889/4150 train_time:313642ms step_avg:166.04ms
step:1890/4150 train_time:313870ms step_avg:166.07ms
step:1891/4150 train_time:314094ms step_avg:166.10ms
step:1892/4150 train_time:314323ms step_avg:166.13ms
step:1893/4150 train_time:314548ms step_avg:166.16ms
step:1894/4150 train_time:314774ms step_avg:166.20ms
step:1895/4150 train_time:314996ms step_avg:166.22ms
step:1896/4150 train_time:315227ms step_avg:166.26ms
step:1897/4150 train_time:315451ms step_avg:166.29ms
step:1898/4150 train_time:315679ms step_avg:166.32ms
step:1899/4150 train_time:315906ms step_avg:166.35ms
step:1900/4150 train_time:316133ms step_avg:166.39ms
step:1901/4150 train_time:316357ms step_avg:166.42ms
step:1902/4150 train_time:316586ms step_avg:166.45ms
step:1903/4150 train_time:316806ms step_avg:166.48ms
step:1904/4150 train_time:317036ms step_avg:166.51ms
step:1905/4150 train_time:317262ms step_avg:166.54ms
step:1906/4150 train_time:317490ms step_avg:166.57ms
step:1907/4150 train_time:317713ms step_avg:166.60ms
step:1908/4150 train_time:317940ms step_avg:166.64ms
step:1909/4150 train_time:318162ms step_avg:166.66ms
step:1910/4150 train_time:318392ms step_avg:166.70ms
step:1911/4150 train_time:318617ms step_avg:166.73ms
step:1912/4150 train_time:318845ms step_avg:166.76ms
step:1913/4150 train_time:319068ms step_avg:166.79ms
step:1914/4150 train_time:319298ms step_avg:166.82ms
step:1915/4150 train_time:319520ms step_avg:166.85ms
step:1916/4150 train_time:319746ms step_avg:166.88ms
step:1917/4150 train_time:319968ms step_avg:166.91ms
step:1918/4150 train_time:320198ms step_avg:166.94ms
step:1919/4150 train_time:320420ms step_avg:166.97ms
step:1920/4150 train_time:320649ms step_avg:167.00ms
step:1921/4150 train_time:320872ms step_avg:167.03ms
step:1922/4150 train_time:321101ms step_avg:167.07ms
step:1923/4150 train_time:321324ms step_avg:167.10ms
step:1924/4150 train_time:321554ms step_avg:167.13ms
step:1925/4150 train_time:321775ms step_avg:167.16ms
step:1926/4150 train_time:322004ms step_avg:167.19ms
step:1927/4150 train_time:322229ms step_avg:167.22ms
step:1928/4150 train_time:322456ms step_avg:167.25ms
step:1929/4150 train_time:322678ms step_avg:167.28ms
step:1930/4150 train_time:322909ms step_avg:167.31ms
step:1931/4150 train_time:323134ms step_avg:167.34ms
step:1932/4150 train_time:323364ms step_avg:167.37ms
step:1933/4150 train_time:323583ms step_avg:167.40ms
step:1934/4150 train_time:323815ms step_avg:167.43ms
step:1935/4150 train_time:324039ms step_avg:167.46ms
step:1936/4150 train_time:324272ms step_avg:167.50ms
step:1937/4150 train_time:324493ms step_avg:167.52ms
step:1938/4150 train_time:324721ms step_avg:167.55ms
step:1939/4150 train_time:324946ms step_avg:167.58ms
step:1940/4150 train_time:325175ms step_avg:167.62ms
step:1941/4150 train_time:325397ms step_avg:167.64ms
step:1942/4150 train_time:325623ms step_avg:167.67ms
step:1943/4150 train_time:325848ms step_avg:167.70ms
step:1944/4150 train_time:326076ms step_avg:167.73ms
step:1945/4150 train_time:326298ms step_avg:167.76ms
step:1946/4150 train_time:326525ms step_avg:167.79ms
step:1947/4150 train_time:326751ms step_avg:167.82ms
step:1948/4150 train_time:326981ms step_avg:167.85ms
step:1949/4150 train_time:327205ms step_avg:167.88ms
step:1950/4150 train_time:327432ms step_avg:167.91ms
step:1951/4150 train_time:327656ms step_avg:167.94ms
step:1952/4150 train_time:327887ms step_avg:167.97ms
step:1953/4150 train_time:328112ms step_avg:168.00ms
step:1954/4150 train_time:328343ms step_avg:168.04ms
step:1955/4150 train_time:328564ms step_avg:168.06ms
step:1956/4150 train_time:328793ms step_avg:168.09ms
step:1957/4150 train_time:329018ms step_avg:168.12ms
step:1958/4150 train_time:329244ms step_avg:168.15ms
step:1959/4150 train_time:329467ms step_avg:168.18ms
step:1960/4150 train_time:329694ms step_avg:168.21ms
step:1961/4150 train_time:329917ms step_avg:168.24ms
step:1962/4150 train_time:330147ms step_avg:168.27ms
step:1963/4150 train_time:330369ms step_avg:168.30ms
step:1964/4150 train_time:330598ms step_avg:168.33ms
step:1965/4150 train_time:330822ms step_avg:168.36ms
step:1966/4150 train_time:331050ms step_avg:168.39ms
step:1967/4150 train_time:331275ms step_avg:168.42ms
step:1968/4150 train_time:331501ms step_avg:168.45ms
step:1969/4150 train_time:331724ms step_avg:168.47ms
step:1970/4150 train_time:331952ms step_avg:168.50ms
step:1971/4150 train_time:332176ms step_avg:168.53ms
step:1972/4150 train_time:332408ms step_avg:168.56ms
step:1973/4150 train_time:332627ms step_avg:168.59ms
step:1974/4150 train_time:332856ms step_avg:168.62ms
step:1975/4150 train_time:333076ms step_avg:168.65ms
step:1976/4150 train_time:333307ms step_avg:168.68ms
step:1977/4150 train_time:333527ms step_avg:168.70ms
step:1978/4150 train_time:333757ms step_avg:168.73ms
step:1979/4150 train_time:333977ms step_avg:168.76ms
step:1980/4150 train_time:334209ms step_avg:168.79ms
step:1981/4150 train_time:334434ms step_avg:168.82ms
step:1982/4150 train_time:334663ms step_avg:168.85ms
step:1983/4150 train_time:334885ms step_avg:168.88ms
step:1984/4150 train_time:335113ms step_avg:168.91ms
step:1985/4150 train_time:335339ms step_avg:168.94ms
step:1986/4150 train_time:335569ms step_avg:168.97ms
step:1987/4150 train_time:335790ms step_avg:168.99ms
step:1988/4150 train_time:336019ms step_avg:169.02ms
step:1989/4150 train_time:336244ms step_avg:169.05ms
step:1990/4150 train_time:336472ms step_avg:169.08ms
step:1991/4150 train_time:336694ms step_avg:169.11ms
step:1992/4150 train_time:336923ms step_avg:169.14ms
step:1993/4150 train_time:337145ms step_avg:169.16ms
step:1994/4150 train_time:337374ms step_avg:169.19ms
step:1995/4150 train_time:337596ms step_avg:169.22ms
step:1996/4150 train_time:337826ms step_avg:169.25ms
step:1997/4150 train_time:338051ms step_avg:169.28ms
step:1998/4150 train_time:338277ms step_avg:169.31ms
step:1999/4150 train_time:338502ms step_avg:169.34ms
step:2000/4150 train_time:338730ms step_avg:169.37ms
step:2000/4150 val_loss:3.1794 train_time:338934ms step_avg:169.47ms
step:2001/4150 train_time:338956ms step_avg:169.39ms
step:2002/4150 train_time:339185ms step_avg:169.42ms
step:2003/4150 train_time:339413ms step_avg:169.45ms
step:2004/4150 train_time:339640ms step_avg:169.48ms
step:2005/4150 train_time:339863ms step_avg:169.51ms
step:2006/4150 train_time:340092ms step_avg:169.54ms
step:2007/4150 train_time:340317ms step_avg:169.57ms
step:2008/4150 train_time:340544ms step_avg:169.59ms
step:2009/4150 train_time:340762ms step_avg:169.62ms
step:2010/4150 train_time:340994ms step_avg:169.65ms
step:2011/4150 train_time:341220ms step_avg:169.68ms
step:2012/4150 train_time:341447ms step_avg:169.71ms
step:2013/4150 train_time:341671ms step_avg:169.73ms
step:2014/4150 train_time:341898ms step_avg:169.76ms
step:2015/4150 train_time:342123ms step_avg:169.79ms
step:2016/4150 train_time:342353ms step_avg:169.82ms
step:2017/4150 train_time:342575ms step_avg:169.84ms
step:2018/4150 train_time:342805ms step_avg:169.87ms
step:2019/4150 train_time:343028ms step_avg:169.90ms
step:2020/4150 train_time:343256ms step_avg:169.93ms
step:2021/4150 train_time:343481ms step_avg:169.96ms
step:2022/4150 train_time:343709ms step_avg:169.98ms
step:2023/4150 train_time:343931ms step_avg:170.01ms
step:2024/4150 train_time:344160ms step_avg:170.04ms
step:2025/4150 train_time:344386ms step_avg:170.07ms
step:2026/4150 train_time:344616ms step_avg:170.10ms
step:2027/4150 train_time:344837ms step_avg:170.12ms
step:2028/4150 train_time:345069ms step_avg:170.15ms
step:2029/4150 train_time:345295ms step_avg:170.18ms
step:2030/4150 train_time:345526ms step_avg:170.21ms
step:2031/4150 train_time:345748ms step_avg:170.24ms
step:2032/4150 train_time:345976ms step_avg:170.26ms
step:2033/4150 train_time:346200ms step_avg:170.29ms
step:2034/4150 train_time:346429ms step_avg:170.32ms
step:2035/4150 train_time:346655ms step_avg:170.35ms
step:2036/4150 train_time:346883ms step_avg:170.37ms
step:2037/4150 train_time:347106ms step_avg:170.40ms
step:2038/4150 train_time:347334ms step_avg:170.43ms
step:2039/4150 train_time:347558ms step_avg:170.46ms
step:2040/4150 train_time:347786ms step_avg:170.48ms
step:2041/4150 train_time:348010ms step_avg:170.51ms
step:2042/4150 train_time:348238ms step_avg:170.54ms
step:2043/4150 train_time:348463ms step_avg:170.56ms
step:2044/4150 train_time:348694ms step_avg:170.59ms
step:2045/4150 train_time:348915ms step_avg:170.62ms
step:2046/4150 train_time:349144ms step_avg:170.65ms
step:2047/4150 train_time:349365ms step_avg:170.67ms
step:2048/4150 train_time:349597ms step_avg:170.70ms
step:2049/4150 train_time:349819ms step_avg:170.73ms
step:2050/4150 train_time:350048ms step_avg:170.76ms
step:2051/4150 train_time:350273ms step_avg:170.78ms
step:2052/4150 train_time:350503ms step_avg:170.81ms
step:2053/4150 train_time:350725ms step_avg:170.84ms
step:2054/4150 train_time:350954ms step_avg:170.86ms
step:2055/4150 train_time:351173ms step_avg:170.89ms
step:2056/4150 train_time:351400ms step_avg:170.91ms
step:2057/4150 train_time:351623ms step_avg:170.94ms
step:2058/4150 train_time:351850ms step_avg:170.97ms
step:2059/4150 train_time:352074ms step_avg:170.99ms
step:2060/4150 train_time:352305ms step_avg:171.02ms
step:2061/4150 train_time:352526ms step_avg:171.05ms
step:2062/4150 train_time:352755ms step_avg:171.07ms
step:2063/4150 train_time:352975ms step_avg:171.10ms
step:2064/4150 train_time:353202ms step_avg:171.13ms
step:2065/4150 train_time:353427ms step_avg:171.15ms
step:2066/4150 train_time:353658ms step_avg:171.18ms
step:2067/4150 train_time:353883ms step_avg:171.21ms
step:2068/4150 train_time:354111ms step_avg:171.23ms
step:2069/4150 train_time:354335ms step_avg:171.26ms
step:2070/4150 train_time:354566ms step_avg:171.29ms
step:2071/4150 train_time:354789ms step_avg:171.31ms
step:2072/4150 train_time:355015ms step_avg:171.34ms
step:2073/4150 train_time:355240ms step_avg:171.37ms
step:2074/4150 train_time:355467ms step_avg:171.39ms
step:2075/4150 train_time:355692ms step_avg:171.42ms
step:2076/4150 train_time:355921ms step_avg:171.45ms
step:2077/4150 train_time:356141ms step_avg:171.47ms
step:2078/4150 train_time:356369ms step_avg:171.50ms
step:2079/4150 train_time:356595ms step_avg:171.52ms
step:2080/4150 train_time:356822ms step_avg:171.55ms
step:2081/4150 train_time:357047ms step_avg:171.57ms
step:2082/4150 train_time:357276ms step_avg:171.60ms
step:2083/4150 train_time:357500ms step_avg:171.63ms
step:2084/4150 train_time:357731ms step_avg:171.66ms
step:2085/4150 train_time:357954ms step_avg:171.68ms
step:2086/4150 train_time:358187ms step_avg:171.71ms
step:2087/4150 train_time:358409ms step_avg:171.73ms
step:2088/4150 train_time:358639ms step_avg:171.76ms
step:2089/4150 train_time:358863ms step_avg:171.79ms
step:2090/4150 train_time:359094ms step_avg:171.82ms
step:2091/4150 train_time:359316ms step_avg:171.84ms
step:2092/4150 train_time:359545ms step_avg:171.87ms
step:2093/4150 train_time:359765ms step_avg:171.89ms
step:2094/4150 train_time:359995ms step_avg:171.92ms
step:2095/4150 train_time:360215ms step_avg:171.94ms
step:2096/4150 train_time:360445ms step_avg:171.97ms
step:2097/4150 train_time:360667ms step_avg:171.99ms
step:2098/4150 train_time:360897ms step_avg:172.02ms
step:2099/4150 train_time:361121ms step_avg:172.04ms
step:2100/4150 train_time:361349ms step_avg:172.07ms
step:2101/4150 train_time:361574ms step_avg:172.10ms
step:2102/4150 train_time:361806ms step_avg:172.12ms
step:2103/4150 train_time:362032ms step_avg:172.15ms
step:2104/4150 train_time:362260ms step_avg:172.18ms
step:2105/4150 train_time:362483ms step_avg:172.20ms
step:2106/4150 train_time:362714ms step_avg:172.23ms
step:2107/4150 train_time:362938ms step_avg:172.25ms
step:2108/4150 train_time:363164ms step_avg:172.28ms
step:2109/4150 train_time:363387ms step_avg:172.30ms
step:2110/4150 train_time:363617ms step_avg:172.33ms
step:2111/4150 train_time:363840ms step_avg:172.35ms
step:2112/4150 train_time:364070ms step_avg:172.38ms
step:2113/4150 train_time:364294ms step_avg:172.41ms
step:2114/4150 train_time:364523ms step_avg:172.43ms
step:2115/4150 train_time:364747ms step_avg:172.46ms
step:2116/4150 train_time:364975ms step_avg:172.48ms
step:2117/4150 train_time:365197ms step_avg:172.51ms
step:2118/4150 train_time:365424ms step_avg:172.53ms
step:2119/4150 train_time:365647ms step_avg:172.56ms
step:2120/4150 train_time:365875ms step_avg:172.58ms
step:2121/4150 train_time:366098ms step_avg:172.61ms
step:2122/4150 train_time:366324ms step_avg:172.63ms
step:2123/4150 train_time:366548ms step_avg:172.66ms
step:2124/4150 train_time:366777ms step_avg:172.68ms
step:2125/4150 train_time:367003ms step_avg:172.71ms
step:2126/4150 train_time:367232ms step_avg:172.73ms
step:2127/4150 train_time:367458ms step_avg:172.76ms
step:2128/4150 train_time:367684ms step_avg:172.78ms
step:2129/4150 train_time:367911ms step_avg:172.81ms
step:2130/4150 train_time:368140ms step_avg:172.84ms
step:2131/4150 train_time:368363ms step_avg:172.86ms
step:2132/4150 train_time:368591ms step_avg:172.89ms
step:2133/4150 train_time:368814ms step_avg:172.91ms
step:2134/4150 train_time:369044ms step_avg:172.94ms
step:2135/4150 train_time:369265ms step_avg:172.96ms
step:2136/4150 train_time:369495ms step_avg:172.98ms
step:2137/4150 train_time:369717ms step_avg:173.01ms
step:2138/4150 train_time:369946ms step_avg:173.03ms
step:2139/4150 train_time:370168ms step_avg:173.06ms
step:2140/4150 train_time:370399ms step_avg:173.08ms
step:2141/4150 train_time:370621ms step_avg:173.11ms
step:2142/4150 train_time:370850ms step_avg:173.13ms
step:2143/4150 train_time:371072ms step_avg:173.16ms
step:2144/4150 train_time:371302ms step_avg:173.18ms
step:2145/4150 train_time:371525ms step_avg:173.20ms
step:2146/4150 train_time:371760ms step_avg:173.23ms
step:2147/4150 train_time:371985ms step_avg:173.26ms
step:2148/4150 train_time:372213ms step_avg:173.28ms
step:2149/4150 train_time:372437ms step_avg:173.31ms
step:2150/4150 train_time:372669ms step_avg:173.33ms
step:2151/4150 train_time:372895ms step_avg:173.36ms
step:2152/4150 train_time:373126ms step_avg:173.39ms
step:2153/4150 train_time:373349ms step_avg:173.41ms
step:2154/4150 train_time:373577ms step_avg:173.43ms
step:2155/4150 train_time:373798ms step_avg:173.46ms
step:2156/4150 train_time:374028ms step_avg:173.48ms
step:2157/4150 train_time:374253ms step_avg:173.51ms
step:2158/4150 train_time:374483ms step_avg:173.53ms
step:2159/4150 train_time:374708ms step_avg:173.56ms
step:2160/4150 train_time:374938ms step_avg:173.58ms
step:2161/4150 train_time:375160ms step_avg:173.60ms
step:2162/4150 train_time:375390ms step_avg:173.63ms
step:2163/4150 train_time:375613ms step_avg:173.65ms
step:2164/4150 train_time:375842ms step_avg:173.68ms
step:2165/4150 train_time:376064ms step_avg:173.70ms
step:2166/4150 train_time:376294ms step_avg:173.73ms
step:2167/4150 train_time:376518ms step_avg:173.75ms
step:2168/4150 train_time:376747ms step_avg:173.78ms
step:2169/4150 train_time:376969ms step_avg:173.80ms
step:2170/4150 train_time:377198ms step_avg:173.82ms
step:2171/4150 train_time:377422ms step_avg:173.85ms
step:2172/4150 train_time:377656ms step_avg:173.87ms
step:2173/4150 train_time:377879ms step_avg:173.90ms
step:2174/4150 train_time:378109ms step_avg:173.92ms
step:2175/4150 train_time:378332ms step_avg:173.95ms
step:2176/4150 train_time:378562ms step_avg:173.97ms
step:2177/4150 train_time:378789ms step_avg:174.00ms
step:2178/4150 train_time:379019ms step_avg:174.02ms
step:2179/4150 train_time:379245ms step_avg:174.05ms
step:2180/4150 train_time:379474ms step_avg:174.07ms
step:2181/4150 train_time:379699ms step_avg:174.09ms
step:2182/4150 train_time:379925ms step_avg:174.12ms
step:2183/4150 train_time:380148ms step_avg:174.14ms
step:2184/4150 train_time:380375ms step_avg:174.16ms
step:2185/4150 train_time:380600ms step_avg:174.19ms
step:2186/4150 train_time:380828ms step_avg:174.21ms
step:2187/4150 train_time:381052ms step_avg:174.24ms
step:2188/4150 train_time:381283ms step_avg:174.26ms
step:2189/4150 train_time:381507ms step_avg:174.28ms
step:2190/4150 train_time:381736ms step_avg:174.31ms
step:2191/4150 train_time:381960ms step_avg:174.33ms
step:2192/4150 train_time:382191ms step_avg:174.36ms
step:2193/4150 train_time:382413ms step_avg:174.38ms
step:2194/4150 train_time:382642ms step_avg:174.40ms
step:2195/4150 train_time:382868ms step_avg:174.43ms
step:2196/4150 train_time:383096ms step_avg:174.45ms
step:2197/4150 train_time:383321ms step_avg:174.47ms
step:2198/4150 train_time:383552ms step_avg:174.50ms
step:2199/4150 train_time:383776ms step_avg:174.52ms
step:2200/4150 train_time:384005ms step_avg:174.55ms
step:2201/4150 train_time:384226ms step_avg:174.57ms
step:2202/4150 train_time:384454ms step_avg:174.59ms
step:2203/4150 train_time:384679ms step_avg:174.62ms
step:2204/4150 train_time:384908ms step_avg:174.64ms
step:2205/4150 train_time:385133ms step_avg:174.66ms
step:2206/4150 train_time:385363ms step_avg:174.69ms
step:2207/4150 train_time:385589ms step_avg:174.71ms
step:2208/4150 train_time:385817ms step_avg:174.74ms
step:2209/4150 train_time:386041ms step_avg:174.76ms
step:2210/4150 train_time:386271ms step_avg:174.78ms
step:2211/4150 train_time:386498ms step_avg:174.81ms
step:2212/4150 train_time:386727ms step_avg:174.83ms
step:2213/4150 train_time:386951ms step_avg:174.85ms
step:2214/4150 train_time:387179ms step_avg:174.88ms
step:2215/4150 train_time:387402ms step_avg:174.90ms
step:2216/4150 train_time:387632ms step_avg:174.92ms
step:2217/4150 train_time:387852ms step_avg:174.94ms
step:2218/4150 train_time:388084ms step_avg:174.97ms
step:2219/4150 train_time:388309ms step_avg:174.99ms
step:2220/4150 train_time:388537ms step_avg:175.02ms
step:2221/4150 train_time:388760ms step_avg:175.04ms
step:2222/4150 train_time:388991ms step_avg:175.06ms
step:2223/4150 train_time:389214ms step_avg:175.09ms
step:2224/4150 train_time:389440ms step_avg:175.11ms
step:2225/4150 train_time:389663ms step_avg:175.13ms
step:2226/4150 train_time:389893ms step_avg:175.15ms
step:2227/4150 train_time:390115ms step_avg:175.18ms
step:2228/4150 train_time:390344ms step_avg:175.20ms
step:2229/4150 train_time:390569ms step_avg:175.22ms
step:2230/4150 train_time:390798ms step_avg:175.25ms
step:2231/4150 train_time:391020ms step_avg:175.27ms
step:2232/4150 train_time:391254ms step_avg:175.29ms
step:2233/4150 train_time:391476ms step_avg:175.31ms
step:2234/4150 train_time:391710ms step_avg:175.34ms
step:2235/4150 train_time:391931ms step_avg:175.36ms
step:2236/4150 train_time:392165ms step_avg:175.39ms
step:2237/4150 train_time:392386ms step_avg:175.41ms
step:2238/4150 train_time:392614ms step_avg:175.43ms
step:2239/4150 train_time:392838ms step_avg:175.45ms
step:2240/4150 train_time:393068ms step_avg:175.48ms
step:2241/4150 train_time:393291ms step_avg:175.50ms
step:2242/4150 train_time:393520ms step_avg:175.52ms
step:2243/4150 train_time:393742ms step_avg:175.54ms
step:2244/4150 train_time:393974ms step_avg:175.57ms
step:2245/4150 train_time:394196ms step_avg:175.59ms
step:2246/4150 train_time:394426ms step_avg:175.61ms
step:2247/4150 train_time:394653ms step_avg:175.64ms
step:2248/4150 train_time:394883ms step_avg:175.66ms
step:2249/4150 train_time:395107ms step_avg:175.68ms
step:2250/4150 train_time:395335ms step_avg:175.70ms
step:2250/4150 val_loss:3.1397 train_time:395536ms step_avg:175.79ms
step:2251/4150 train_time:395558ms step_avg:175.73ms
step:2252/4150 train_time:395783ms step_avg:175.75ms
step:2253/4150 train_time:396009ms step_avg:175.77ms
step:2254/4150 train_time:396234ms step_avg:175.79ms
step:2255/4150 train_time:396461ms step_avg:175.81ms
step:2256/4150 train_time:396693ms step_avg:175.84ms
step:2257/4150 train_time:396917ms step_avg:175.86ms
step:2258/4150 train_time:397144ms step_avg:175.88ms
step:2259/4150 train_time:397363ms step_avg:175.90ms
step:2260/4150 train_time:397596ms step_avg:175.93ms
step:2261/4150 train_time:397823ms step_avg:175.95ms
step:2262/4150 train_time:398049ms step_avg:175.97ms
step:2263/4150 train_time:398268ms step_avg:175.99ms
step:2264/4150 train_time:398498ms step_avg:176.02ms
step:2265/4150 train_time:398727ms step_avg:176.04ms
step:2266/4150 train_time:398955ms step_avg:176.06ms
step:2267/4150 train_time:399180ms step_avg:176.08ms
step:2268/4150 train_time:399408ms step_avg:176.11ms
step:2269/4150 train_time:399635ms step_avg:176.13ms
step:2270/4150 train_time:399865ms step_avg:176.15ms
step:2271/4150 train_time:400088ms step_avg:176.17ms
step:2272/4150 train_time:400316ms step_avg:176.20ms
step:2273/4150 train_time:400538ms step_avg:176.22ms
step:2274/4150 train_time:400766ms step_avg:176.24ms
step:2275/4150 train_time:400991ms step_avg:176.26ms
step:2276/4150 train_time:401219ms step_avg:176.28ms
step:2277/4150 train_time:401440ms step_avg:176.30ms
step:2278/4150 train_time:401668ms step_avg:176.32ms
step:2279/4150 train_time:401892ms step_avg:176.35ms
step:2280/4150 train_time:402122ms step_avg:176.37ms
step:2281/4150 train_time:402344ms step_avg:176.39ms
step:2282/4150 train_time:402574ms step_avg:176.41ms
step:2283/4150 train_time:402801ms step_avg:176.44ms
step:2284/4150 train_time:403030ms step_avg:176.46ms
step:2285/4150 train_time:403253ms step_avg:176.48ms
step:2286/4150 train_time:403484ms step_avg:176.50ms
step:2287/4150 train_time:403708ms step_avg:176.52ms
step:2288/4150 train_time:403939ms step_avg:176.55ms
step:2289/4150 train_time:404162ms step_avg:176.57ms
step:2290/4150 train_time:404393ms step_avg:176.59ms
step:2291/4150 train_time:404618ms step_avg:176.61ms
step:2292/4150 train_time:404847ms step_avg:176.63ms
step:2293/4150 train_time:405072ms step_avg:176.66ms
step:2294/4150 train_time:405299ms step_avg:176.68ms
step:2295/4150 train_time:405526ms step_avg:176.70ms
step:2296/4150 train_time:405754ms step_avg:176.72ms
step:2297/4150 train_time:405976ms step_avg:176.74ms
step:2298/4150 train_time:406202ms step_avg:176.76ms
step:2299/4150 train_time:406427ms step_avg:176.78ms
step:2300/4150 train_time:406657ms step_avg:176.81ms
step:2301/4150 train_time:406879ms step_avg:176.83ms
step:2302/4150 train_time:407109ms step_avg:176.85ms
step:2303/4150 train_time:407334ms step_avg:176.87ms
step:2304/4150 train_time:407564ms step_avg:176.89ms
step:2305/4150 train_time:407785ms step_avg:176.91ms
step:2306/4150 train_time:408014ms step_avg:176.94ms
step:2307/4150 train_time:408238ms step_avg:176.96ms
step:2308/4150 train_time:408468ms step_avg:176.98ms
step:2309/4150 train_time:408691ms step_avg:177.00ms
step:2310/4150 train_time:408923ms step_avg:177.02ms
step:2311/4150 train_time:409149ms step_avg:177.04ms
step:2312/4150 train_time:409376ms step_avg:177.07ms
step:2313/4150 train_time:409600ms step_avg:177.09ms
step:2314/4150 train_time:409828ms step_avg:177.11ms
step:2315/4150 train_time:410052ms step_avg:177.13ms
step:2316/4150 train_time:410281ms step_avg:177.15ms
step:2317/4150 train_time:410504ms step_avg:177.17ms
step:2318/4150 train_time:410733ms step_avg:177.19ms
step:2319/4150 train_time:410954ms step_avg:177.21ms
step:2320/4150 train_time:411183ms step_avg:177.23ms
step:2321/4150 train_time:411406ms step_avg:177.25ms
step:2322/4150 train_time:411637ms step_avg:177.28ms
step:2323/4150 train_time:411857ms step_avg:177.30ms
step:2324/4150 train_time:412086ms step_avg:177.32ms
step:2325/4150 train_time:412313ms step_avg:177.34ms
step:2326/4150 train_time:412544ms step_avg:177.36ms
step:2327/4150 train_time:412766ms step_avg:177.38ms
step:2328/4150 train_time:412999ms step_avg:177.41ms
step:2329/4150 train_time:413226ms step_avg:177.43ms
step:2330/4150 train_time:413455ms step_avg:177.45ms
step:2331/4150 train_time:413679ms step_avg:177.47ms
step:2332/4150 train_time:413909ms step_avg:177.49ms
step:2333/4150 train_time:414135ms step_avg:177.51ms
step:2334/4150 train_time:414364ms step_avg:177.53ms
step:2335/4150 train_time:414587ms step_avg:177.55ms
step:2336/4150 train_time:414818ms step_avg:177.58ms
step:2337/4150 train_time:415043ms step_avg:177.60ms
step:2338/4150 train_time:415272ms step_avg:177.62ms
step:2339/4150 train_time:415495ms step_avg:177.64ms
step:2340/4150 train_time:415727ms step_avg:177.66ms
step:2341/4150 train_time:415951ms step_avg:177.68ms
step:2342/4150 train_time:416184ms step_avg:177.70ms
step:2343/4150 train_time:416406ms step_avg:177.72ms
step:2344/4150 train_time:416638ms step_avg:177.75ms
step:2345/4150 train_time:416863ms step_avg:177.77ms
step:2346/4150 train_time:417093ms step_avg:177.79ms
step:2347/4150 train_time:417315ms step_avg:177.81ms
step:2348/4150 train_time:417543ms step_avg:177.83ms
step:2349/4150 train_time:417766ms step_avg:177.85ms
step:2350/4150 train_time:417995ms step_avg:177.87ms
step:2351/4150 train_time:418218ms step_avg:177.89ms
step:2352/4150 train_time:418448ms step_avg:177.91ms
step:2353/4150 train_time:418674ms step_avg:177.93ms
step:2354/4150 train_time:418906ms step_avg:177.95ms
step:2355/4150 train_time:419130ms step_avg:177.97ms
step:2356/4150 train_time:419358ms step_avg:178.00ms
step:2357/4150 train_time:419583ms step_avg:178.02ms
step:2358/4150 train_time:419812ms step_avg:178.04ms
step:2359/4150 train_time:420037ms step_avg:178.06ms
step:2360/4150 train_time:420264ms step_avg:178.08ms
step:2361/4150 train_time:420489ms step_avg:178.10ms
step:2362/4150 train_time:420719ms step_avg:178.12ms
step:2363/4150 train_time:420942ms step_avg:178.14ms
step:2364/4150 train_time:421170ms step_avg:178.16ms
step:2365/4150 train_time:421394ms step_avg:178.18ms
step:2366/4150 train_time:421624ms step_avg:178.20ms
step:2367/4150 train_time:421849ms step_avg:178.22ms
step:2368/4150 train_time:422082ms step_avg:178.24ms
step:2369/4150 train_time:422304ms step_avg:178.26ms
step:2370/4150 train_time:422537ms step_avg:178.29ms
step:2371/4150 train_time:422762ms step_avg:178.31ms
step:2372/4150 train_time:422992ms step_avg:178.33ms
step:2373/4150 train_time:423217ms step_avg:178.35ms
step:2374/4150 train_time:423448ms step_avg:178.37ms
step:2375/4150 train_time:423672ms step_avg:178.39ms
step:2376/4150 train_time:423904ms step_avg:178.41ms
step:2377/4150 train_time:424130ms step_avg:178.43ms
step:2378/4150 train_time:424360ms step_avg:178.45ms
step:2379/4150 train_time:424582ms step_avg:178.47ms
step:2380/4150 train_time:424811ms step_avg:178.49ms
step:2381/4150 train_time:425036ms step_avg:178.51ms
step:2382/4150 train_time:425266ms step_avg:178.53ms
step:2383/4150 train_time:425492ms step_avg:178.55ms
step:2384/4150 train_time:425720ms step_avg:178.57ms
step:2385/4150 train_time:425944ms step_avg:178.59ms
step:2386/4150 train_time:426174ms step_avg:178.61ms
step:2387/4150 train_time:426397ms step_avg:178.63ms
step:2388/4150 train_time:426626ms step_avg:178.65ms
step:2389/4150 train_time:426853ms step_avg:178.67ms
step:2390/4150 train_time:427081ms step_avg:178.69ms
step:2391/4150 train_time:427302ms step_avg:178.71ms
step:2392/4150 train_time:427531ms step_avg:178.73ms
step:2393/4150 train_time:427754ms step_avg:178.75ms
step:2394/4150 train_time:427985ms step_avg:178.77ms
step:2395/4150 train_time:428209ms step_avg:178.79ms
step:2396/4150 train_time:428440ms step_avg:178.81ms
step:2397/4150 train_time:428661ms step_avg:178.83ms
step:2398/4150 train_time:428892ms step_avg:178.85ms
step:2399/4150 train_time:429113ms step_avg:178.87ms
step:2400/4150 train_time:429343ms step_avg:178.89ms
step:2401/4150 train_time:429566ms step_avg:178.91ms
step:2402/4150 train_time:429795ms step_avg:178.93ms
step:2403/4150 train_time:430020ms step_avg:178.95ms
step:2404/4150 train_time:430248ms step_avg:178.97ms
step:2405/4150 train_time:430472ms step_avg:178.99ms
step:2406/4150 train_time:430701ms step_avg:179.01ms
step:2407/4150 train_time:430927ms step_avg:179.03ms
step:2408/4150 train_time:431157ms step_avg:179.05ms
step:2409/4150 train_time:431384ms step_avg:179.07ms
step:2410/4150 train_time:431615ms step_avg:179.09ms
step:2411/4150 train_time:431838ms step_avg:179.11ms
step:2412/4150 train_time:432066ms step_avg:179.13ms
step:2413/4150 train_time:432291ms step_avg:179.15ms
step:2414/4150 train_time:432522ms step_avg:179.17ms
step:2415/4150 train_time:432748ms step_avg:179.19ms
step:2416/4150 train_time:432977ms step_avg:179.21ms
step:2417/4150 train_time:433200ms step_avg:179.23ms
step:2418/4150 train_time:433428ms step_avg:179.25ms
step:2419/4150 train_time:433654ms step_avg:179.27ms
step:2420/4150 train_time:433886ms step_avg:179.29ms
step:2421/4150 train_time:434112ms step_avg:179.31ms
step:2422/4150 train_time:434345ms step_avg:179.33ms
step:2423/4150 train_time:434568ms step_avg:179.35ms
step:2424/4150 train_time:434800ms step_avg:179.37ms
step:2425/4150 train_time:435026ms step_avg:179.39ms
step:2426/4150 train_time:435253ms step_avg:179.41ms
step:2427/4150 train_time:435479ms step_avg:179.43ms
step:2428/4150 train_time:435707ms step_avg:179.45ms
step:2429/4150 train_time:435932ms step_avg:179.47ms
step:2430/4150 train_time:436164ms step_avg:179.49ms
step:2431/4150 train_time:436388ms step_avg:179.51ms
step:2432/4150 train_time:436618ms step_avg:179.53ms
step:2433/4150 train_time:436845ms step_avg:179.55ms
step:2434/4150 train_time:437074ms step_avg:179.57ms
step:2435/4150 train_time:437298ms step_avg:179.59ms
step:2436/4150 train_time:437529ms step_avg:179.61ms
step:2437/4150 train_time:437753ms step_avg:179.63ms
step:2438/4150 train_time:437985ms step_avg:179.65ms
step:2439/4150 train_time:438209ms step_avg:179.67ms
step:2440/4150 train_time:438440ms step_avg:179.69ms
step:2441/4150 train_time:438663ms step_avg:179.71ms
step:2442/4150 train_time:438891ms step_avg:179.73ms
step:2443/4150 train_time:439119ms step_avg:179.75ms
step:2444/4150 train_time:439349ms step_avg:179.77ms
step:2445/4150 train_time:439572ms step_avg:179.78ms
step:2446/4150 train_time:439803ms step_avg:179.80ms
step:2447/4150 train_time:440026ms step_avg:179.82ms
step:2448/4150 train_time:440255ms step_avg:179.84ms
step:2449/4150 train_time:440481ms step_avg:179.86ms
step:2450/4150 train_time:440710ms step_avg:179.88ms
step:2451/4150 train_time:440935ms step_avg:179.90ms
step:2452/4150 train_time:441167ms step_avg:179.92ms
step:2453/4150 train_time:441393ms step_avg:179.94ms
step:2454/4150 train_time:441621ms step_avg:179.96ms
step:2455/4150 train_time:441845ms step_avg:179.98ms
step:2456/4150 train_time:442076ms step_avg:180.00ms
step:2457/4150 train_time:442302ms step_avg:180.02ms
step:2458/4150 train_time:442529ms step_avg:180.04ms
step:2459/4150 train_time:442754ms step_avg:180.05ms
step:2460/4150 train_time:442984ms step_avg:180.07ms
step:2461/4150 train_time:443211ms step_avg:180.09ms
step:2462/4150 train_time:443441ms step_avg:180.11ms
step:2463/4150 train_time:443666ms step_avg:180.13ms
step:2464/4150 train_time:443897ms step_avg:180.15ms
step:2465/4150 train_time:444126ms step_avg:180.17ms
step:2466/4150 train_time:444354ms step_avg:180.19ms
step:2467/4150 train_time:444578ms step_avg:180.21ms
step:2468/4150 train_time:444807ms step_avg:180.23ms
step:2469/4150 train_time:445032ms step_avg:180.25ms
step:2470/4150 train_time:445265ms step_avg:180.27ms
step:2471/4150 train_time:445488ms step_avg:180.29ms
step:2472/4150 train_time:445716ms step_avg:180.31ms
step:2473/4150 train_time:445941ms step_avg:180.32ms
step:2474/4150 train_time:446171ms step_avg:180.34ms
step:2475/4150 train_time:446396ms step_avg:180.36ms
step:2476/4150 train_time:446625ms step_avg:180.38ms
step:2477/4150 train_time:446848ms step_avg:180.40ms
step:2478/4150 train_time:447078ms step_avg:180.42ms
step:2479/4150 train_time:447304ms step_avg:180.44ms
step:2480/4150 train_time:447535ms step_avg:180.46ms
step:2481/4150 train_time:447756ms step_avg:180.47ms
step:2482/4150 train_time:447984ms step_avg:180.49ms
step:2483/4150 train_time:448209ms step_avg:180.51ms
step:2484/4150 train_time:448437ms step_avg:180.53ms
step:2485/4150 train_time:448664ms step_avg:180.55ms
step:2486/4150 train_time:448894ms step_avg:180.57ms
step:2487/4150 train_time:449120ms step_avg:180.59ms
step:2488/4150 train_time:449352ms step_avg:180.61ms
step:2489/4150 train_time:449574ms step_avg:180.62ms
step:2490/4150 train_time:449803ms step_avg:180.64ms
step:2491/4150 train_time:450028ms step_avg:180.66ms
step:2492/4150 train_time:450256ms step_avg:180.68ms
step:2493/4150 train_time:450479ms step_avg:180.70ms
step:2494/4150 train_time:450711ms step_avg:180.72ms
step:2495/4150 train_time:450935ms step_avg:180.74ms
step:2496/4150 train_time:451166ms step_avg:180.76ms
step:2497/4150 train_time:451391ms step_avg:180.77ms
step:2498/4150 train_time:451623ms step_avg:180.79ms
step:2499/4150 train_time:451849ms step_avg:180.81ms
step:2500/4150 train_time:452079ms step_avg:180.83ms
step:2500/4150 val_loss:3.1027 train_time:452283ms step_avg:180.91ms
step:2501/4150 train_time:452306ms step_avg:180.85ms
step:2502/4150 train_time:452537ms step_avg:180.87ms
step:2503/4150 train_time:452768ms step_avg:180.89ms
step:2504/4150 train_time:452994ms step_avg:180.91ms
step:2505/4150 train_time:453222ms step_avg:180.93ms
step:2506/4150 train_time:453453ms step_avg:180.95ms
step:2507/4150 train_time:453677ms step_avg:180.96ms
step:2508/4150 train_time:453907ms step_avg:180.98ms
step:2509/4150 train_time:454129ms step_avg:181.00ms
step:2510/4150 train_time:454362ms step_avg:181.02ms
step:2511/4150 train_time:454589ms step_avg:181.04ms
step:2512/4150 train_time:454818ms step_avg:181.06ms
step:2513/4150 train_time:455043ms step_avg:181.08ms
step:2514/4150 train_time:455276ms step_avg:181.10ms
step:2515/4150 train_time:455502ms step_avg:181.11ms
step:2516/4150 train_time:455732ms step_avg:181.13ms
step:2517/4150 train_time:455959ms step_avg:181.15ms
step:2518/4150 train_time:456186ms step_avg:181.17ms
step:2519/4150 train_time:456412ms step_avg:181.19ms
step:2520/4150 train_time:456639ms step_avg:181.21ms
step:2521/4150 train_time:456864ms step_avg:181.22ms
step:2522/4150 train_time:457093ms step_avg:181.24ms
step:2523/4150 train_time:457318ms step_avg:181.26ms
step:2524/4150 train_time:457549ms step_avg:181.28ms
step:2525/4150 train_time:457773ms step_avg:181.30ms
step:2526/4150 train_time:458005ms step_avg:181.32ms
step:2527/4150 train_time:458231ms step_avg:181.33ms
step:2528/4150 train_time:458463ms step_avg:181.35ms
step:2529/4150 train_time:458687ms step_avg:181.37ms
step:2530/4150 train_time:458916ms step_avg:181.39ms
step:2531/4150 train_time:459141ms step_avg:181.41ms
step:2532/4150 train_time:459371ms step_avg:181.43ms
step:2533/4150 train_time:459596ms step_avg:181.44ms
step:2534/4150 train_time:459828ms step_avg:181.46ms
step:2535/4150 train_time:460054ms step_avg:181.48ms
step:2536/4150 train_time:460283ms step_avg:181.50ms
step:2537/4150 train_time:460506ms step_avg:181.52ms
step:2538/4150 train_time:460737ms step_avg:181.54ms
step:2539/4150 train_time:460965ms step_avg:181.55ms
step:2540/4150 train_time:461195ms step_avg:181.57ms
step:2541/4150 train_time:461420ms step_avg:181.59ms
step:2542/4150 train_time:461651ms step_avg:181.61ms
step:2543/4150 train_time:461875ms step_avg:181.63ms
step:2544/4150 train_time:462104ms step_avg:181.64ms
step:2545/4150 train_time:462329ms step_avg:181.66ms
step:2546/4150 train_time:462561ms step_avg:181.68ms
step:2547/4150 train_time:462786ms step_avg:181.70ms
step:2548/4150 train_time:463019ms step_avg:181.72ms
step:2549/4150 train_time:463244ms step_avg:181.74ms
step:2550/4150 train_time:463472ms step_avg:181.75ms
step:2551/4150 train_time:463695ms step_avg:181.77ms
step:2552/4150 train_time:463925ms step_avg:181.79ms
step:2553/4150 train_time:464150ms step_avg:181.81ms
step:2554/4150 train_time:464378ms step_avg:181.82ms
step:2555/4150 train_time:464604ms step_avg:181.84ms
step:2556/4150 train_time:464834ms step_avg:181.86ms
step:2557/4150 train_time:465062ms step_avg:181.88ms
step:2558/4150 train_time:465290ms step_avg:181.90ms
step:2559/4150 train_time:465513ms step_avg:181.91ms
step:2560/4150 train_time:465743ms step_avg:181.93ms
step:2561/4150 train_time:465966ms step_avg:181.95ms
step:2562/4150 train_time:466196ms step_avg:181.97ms
step:2563/4150 train_time:466425ms step_avg:181.98ms
step:2564/4150 train_time:466659ms step_avg:182.00ms
step:2565/4150 train_time:466880ms step_avg:182.02ms
step:2566/4150 train_time:467110ms step_avg:182.04ms
step:2567/4150 train_time:467333ms step_avg:182.05ms
step:2568/4150 train_time:467566ms step_avg:182.07ms
step:2569/4150 train_time:467789ms step_avg:182.09ms
step:2570/4150 train_time:468018ms step_avg:182.11ms
step:2571/4150 train_time:468244ms step_avg:182.13ms
step:2572/4150 train_time:468471ms step_avg:182.14ms
step:2573/4150 train_time:468695ms step_avg:182.16ms
step:2574/4150 train_time:468927ms step_avg:182.18ms
step:2575/4150 train_time:469151ms step_avg:182.19ms
step:2576/4150 train_time:469381ms step_avg:182.21ms
step:2577/4150 train_time:469604ms step_avg:182.23ms
step:2578/4150 train_time:469839ms step_avg:182.25ms
step:2579/4150 train_time:470063ms step_avg:182.27ms
step:2580/4150 train_time:470291ms step_avg:182.28ms
step:2581/4150 train_time:470519ms step_avg:182.30ms
step:2582/4150 train_time:470751ms step_avg:182.32ms
step:2583/4150 train_time:470973ms step_avg:182.34ms
step:2584/4150 train_time:471204ms step_avg:182.35ms
step:2585/4150 train_time:471431ms step_avg:182.37ms
step:2586/4150 train_time:471663ms step_avg:182.39ms
step:2587/4150 train_time:471889ms step_avg:182.41ms
step:2588/4150 train_time:472120ms step_avg:182.43ms
step:2589/4150 train_time:472346ms step_avg:182.44ms
step:2590/4150 train_time:472575ms step_avg:182.46ms
step:2591/4150 train_time:472805ms step_avg:182.48ms
step:2592/4150 train_time:473036ms step_avg:182.50ms
step:2593/4150 train_time:473261ms step_avg:182.51ms
step:2594/4150 train_time:473490ms step_avg:182.53ms
step:2595/4150 train_time:473715ms step_avg:182.55ms
step:2596/4150 train_time:473945ms step_avg:182.57ms
step:2597/4150 train_time:474169ms step_avg:182.58ms
step:2598/4150 train_time:474402ms step_avg:182.60ms
step:2599/4150 train_time:474625ms step_avg:182.62ms
step:2600/4150 train_time:474858ms step_avg:182.64ms
step:2601/4150 train_time:475081ms step_avg:182.65ms
step:2602/4150 train_time:475311ms step_avg:182.67ms
step:2603/4150 train_time:475537ms step_avg:182.69ms
step:2604/4150 train_time:475768ms step_avg:182.71ms
step:2605/4150 train_time:475993ms step_avg:182.72ms
step:2606/4150 train_time:476222ms step_avg:182.74ms
step:2607/4150 train_time:476448ms step_avg:182.76ms
step:2608/4150 train_time:476679ms step_avg:182.78ms
step:2609/4150 train_time:476905ms step_avg:182.79ms
step:2610/4150 train_time:477133ms step_avg:182.81ms
step:2611/4150 train_time:477357ms step_avg:182.83ms
step:2612/4150 train_time:477586ms step_avg:182.84ms
step:2613/4150 train_time:477813ms step_avg:182.86ms
step:2614/4150 train_time:478040ms step_avg:182.88ms
step:2615/4150 train_time:478268ms step_avg:182.89ms
step:2616/4150 train_time:478499ms step_avg:182.91ms
step:2617/4150 train_time:478723ms step_avg:182.93ms
step:2618/4150 train_time:478955ms step_avg:182.95ms
step:2619/4150 train_time:479179ms step_avg:182.96ms
step:2620/4150 train_time:479406ms step_avg:182.98ms
step:2621/4150 train_time:479631ms step_avg:183.00ms
step:2622/4150 train_time:479862ms step_avg:183.01ms
step:2623/4150 train_time:480085ms step_avg:183.03ms
step:2624/4150 train_time:480316ms step_avg:183.05ms
step:2625/4150 train_time:480540ms step_avg:183.06ms
step:2626/4150 train_time:480772ms step_avg:183.08ms
step:2627/4150 train_time:480996ms step_avg:183.10ms
step:2628/4150 train_time:481226ms step_avg:183.12ms
step:2629/4150 train_time:481450ms step_avg:183.13ms
step:2630/4150 train_time:481680ms step_avg:183.15ms
step:2631/4150 train_time:481904ms step_avg:183.16ms
step:2632/4150 train_time:482132ms step_avg:183.18ms
step:2633/4150 train_time:482357ms step_avg:183.20ms
step:2634/4150 train_time:482591ms step_avg:183.22ms
step:2635/4150 train_time:482816ms step_avg:183.23ms
step:2636/4150 train_time:483048ms step_avg:183.25ms
step:2637/4150 train_time:483273ms step_avg:183.27ms
step:2638/4150 train_time:483503ms step_avg:183.28ms
step:2639/4150 train_time:483728ms step_avg:183.30ms
step:2640/4150 train_time:483957ms step_avg:183.32ms
step:2641/4150 train_time:484181ms step_avg:183.33ms
step:2642/4150 train_time:484413ms step_avg:183.35ms
step:2643/4150 train_time:484636ms step_avg:183.37ms
step:2644/4150 train_time:484868ms step_avg:183.38ms
step:2645/4150 train_time:485097ms step_avg:183.40ms
step:2646/4150 train_time:485327ms step_avg:183.42ms
step:2647/4150 train_time:485552ms step_avg:183.43ms
step:2648/4150 train_time:485781ms step_avg:183.45ms
step:2649/4150 train_time:486007ms step_avg:183.47ms
step:2650/4150 train_time:486235ms step_avg:183.48ms
step:2651/4150 train_time:486461ms step_avg:183.50ms
step:2652/4150 train_time:486690ms step_avg:183.52ms
step:2653/4150 train_time:486916ms step_avg:183.53ms
step:2654/4150 train_time:487146ms step_avg:183.55ms
step:2655/4150 train_time:487370ms step_avg:183.57ms
step:2656/4150 train_time:487602ms step_avg:183.59ms
step:2657/4150 train_time:487828ms step_avg:183.60ms
step:2658/4150 train_time:488061ms step_avg:183.62ms
step:2659/4150 train_time:488287ms step_avg:183.64ms
step:2660/4150 train_time:488519ms step_avg:183.65ms
step:2661/4150 train_time:488746ms step_avg:183.67ms
step:2662/4150 train_time:488977ms step_avg:183.69ms
step:2663/4150 train_time:489199ms step_avg:183.70ms
step:2664/4150 train_time:489428ms step_avg:183.72ms
step:2665/4150 train_time:489651ms step_avg:183.73ms
step:2666/4150 train_time:489883ms step_avg:183.75ms
step:2667/4150 train_time:490107ms step_avg:183.77ms
step:2668/4150 train_time:490336ms step_avg:183.78ms
step:2669/4150 train_time:490562ms step_avg:183.80ms
step:2670/4150 train_time:490791ms step_avg:183.82ms
step:2671/4150 train_time:491015ms step_avg:183.83ms
step:2672/4150 train_time:491247ms step_avg:183.85ms
step:2673/4150 train_time:491473ms step_avg:183.87ms
step:2674/4150 train_time:491702ms step_avg:183.88ms
step:2675/4150 train_time:491927ms step_avg:183.90ms
step:2676/4150 train_time:492159ms step_avg:183.92ms
step:2677/4150 train_time:492381ms step_avg:183.93ms
step:2678/4150 train_time:492612ms step_avg:183.95ms
step:2679/4150 train_time:492834ms step_avg:183.96ms
step:2680/4150 train_time:493065ms step_avg:183.98ms
step:2681/4150 train_time:493289ms step_avg:183.99ms
step:2682/4150 train_time:493517ms step_avg:184.01ms
step:2683/4150 train_time:493743ms step_avg:184.03ms
step:2684/4150 train_time:493974ms step_avg:184.04ms
step:2685/4150 train_time:494201ms step_avg:184.06ms
step:2686/4150 train_time:494431ms step_avg:184.08ms
step:2687/4150 train_time:494655ms step_avg:184.09ms
step:2688/4150 train_time:494885ms step_avg:184.11ms
step:2689/4150 train_time:495110ms step_avg:184.12ms
step:2690/4150 train_time:495340ms step_avg:184.14ms
step:2691/4150 train_time:495569ms step_avg:184.16ms
step:2692/4150 train_time:495800ms step_avg:184.18ms
step:2693/4150 train_time:496024ms step_avg:184.19ms
step:2694/4150 train_time:496254ms step_avg:184.21ms
step:2695/4150 train_time:496478ms step_avg:184.22ms
step:2696/4150 train_time:496711ms step_avg:184.24ms
step:2697/4150 train_time:496939ms step_avg:184.26ms
step:2698/4150 train_time:497171ms step_avg:184.27ms
step:2699/4150 train_time:497393ms step_avg:184.29ms
step:2700/4150 train_time:497621ms step_avg:184.30ms
step:2701/4150 train_time:497846ms step_avg:184.32ms
step:2702/4150 train_time:498077ms step_avg:184.34ms
step:2703/4150 train_time:498303ms step_avg:184.35ms
step:2704/4150 train_time:498533ms step_avg:184.37ms
step:2705/4150 train_time:498764ms step_avg:184.39ms
step:2706/4150 train_time:498993ms step_avg:184.40ms
step:2707/4150 train_time:499217ms step_avg:184.42ms
step:2708/4150 train_time:499444ms step_avg:184.43ms
step:2709/4150 train_time:499669ms step_avg:184.45ms
step:2710/4150 train_time:499899ms step_avg:184.46ms
step:2711/4150 train_time:500125ms step_avg:184.48ms
step:2712/4150 train_time:500356ms step_avg:184.50ms
step:2713/4150 train_time:500581ms step_avg:184.51ms
step:2714/4150 train_time:500810ms step_avg:184.53ms
step:2715/4150 train_time:501033ms step_avg:184.54ms
step:2716/4150 train_time:501266ms step_avg:184.56ms
step:2717/4150 train_time:501491ms step_avg:184.58ms
step:2718/4150 train_time:501719ms step_avg:184.59ms
step:2719/4150 train_time:501945ms step_avg:184.61ms
step:2720/4150 train_time:502176ms step_avg:184.62ms
step:2721/4150 train_time:502404ms step_avg:184.64ms
step:2722/4150 train_time:502631ms step_avg:184.66ms
step:2723/4150 train_time:502856ms step_avg:184.67ms
step:2724/4150 train_time:503085ms step_avg:184.69ms
step:2725/4150 train_time:503309ms step_avg:184.70ms
step:2726/4150 train_time:503540ms step_avg:184.72ms
step:2727/4150 train_time:503766ms step_avg:184.73ms
step:2728/4150 train_time:503997ms step_avg:184.75ms
step:2729/4150 train_time:504221ms step_avg:184.76ms
step:2730/4150 train_time:504452ms step_avg:184.78ms
step:2731/4150 train_time:504675ms step_avg:184.80ms
step:2732/4150 train_time:504906ms step_avg:184.81ms
step:2733/4150 train_time:505129ms step_avg:184.83ms
step:2734/4150 train_time:505361ms step_avg:184.84ms
step:2735/4150 train_time:505584ms step_avg:184.86ms
step:2736/4150 train_time:505816ms step_avg:184.87ms
step:2737/4150 train_time:506042ms step_avg:184.89ms
step:2738/4150 train_time:506274ms step_avg:184.91ms
step:2739/4150 train_time:506500ms step_avg:184.92ms
step:2740/4150 train_time:506731ms step_avg:184.94ms
step:2741/4150 train_time:506953ms step_avg:184.95ms
step:2742/4150 train_time:507182ms step_avg:184.97ms
step:2743/4150 train_time:507410ms step_avg:184.98ms
step:2744/4150 train_time:507641ms step_avg:185.00ms
step:2745/4150 train_time:507864ms step_avg:185.01ms
step:2746/4150 train_time:508092ms step_avg:185.03ms
step:2747/4150 train_time:508319ms step_avg:185.04ms
step:2748/4150 train_time:508548ms step_avg:185.06ms
step:2749/4150 train_time:508771ms step_avg:185.08ms
step:2750/4150 train_time:509004ms step_avg:185.09ms
step:2750/4150 val_loss:3.0707 train_time:509210ms step_avg:185.17ms
step:2751/4150 train_time:509235ms step_avg:185.11ms
step:2752/4150 train_time:509465ms step_avg:185.13ms
step:2753/4150 train_time:509694ms step_avg:185.14ms
step:2754/4150 train_time:509919ms step_avg:185.16ms
step:2755/4150 train_time:510143ms step_avg:185.17ms
step:2756/4150 train_time:510378ms step_avg:185.19ms
step:2757/4150 train_time:510606ms step_avg:185.20ms
step:2758/4150 train_time:510840ms step_avg:185.22ms
step:2759/4150 train_time:511059ms step_avg:185.23ms
step:2760/4150 train_time:511298ms step_avg:185.25ms
step:2761/4150 train_time:511522ms step_avg:185.27ms
step:2762/4150 train_time:511751ms step_avg:185.28ms
step:2763/4150 train_time:511975ms step_avg:185.30ms
step:2764/4150 train_time:512206ms step_avg:185.31ms
step:2765/4150 train_time:512433ms step_avg:185.33ms
step:2766/4150 train_time:512664ms step_avg:185.34ms
step:2767/4150 train_time:512889ms step_avg:185.36ms
step:2768/4150 train_time:513118ms step_avg:185.37ms
step:2769/4150 train_time:513347ms step_avg:185.39ms
step:2770/4150 train_time:513578ms step_avg:185.41ms
step:2771/4150 train_time:513803ms step_avg:185.42ms
step:2772/4150 train_time:514032ms step_avg:185.44ms
step:2773/4150 train_time:514256ms step_avg:185.45ms
step:2774/4150 train_time:514489ms step_avg:185.47ms
step:2775/4150 train_time:514715ms step_avg:185.48ms
step:2776/4150 train_time:514942ms step_avg:185.50ms
step:2777/4150 train_time:515166ms step_avg:185.51ms
step:2778/4150 train_time:515398ms step_avg:185.53ms
step:2779/4150 train_time:515622ms step_avg:185.54ms
step:2780/4150 train_time:515856ms step_avg:185.56ms
step:2781/4150 train_time:516080ms step_avg:185.57ms
step:2782/4150 train_time:516310ms step_avg:185.59ms
step:2783/4150 train_time:516538ms step_avg:185.60ms
step:2784/4150 train_time:516769ms step_avg:185.62ms
step:2785/4150 train_time:516994ms step_avg:185.64ms
step:2786/4150 train_time:517227ms step_avg:185.65ms
step:2787/4150 train_time:517454ms step_avg:185.67ms
step:2788/4150 train_time:517684ms step_avg:185.68ms
step:2789/4150 train_time:517909ms step_avg:185.70ms
step:2790/4150 train_time:518142ms step_avg:185.71ms
step:2791/4150 train_time:518368ms step_avg:185.73ms
step:2792/4150 train_time:518596ms step_avg:185.74ms
step:2793/4150 train_time:518821ms step_avg:185.76ms
step:2794/4150 train_time:519055ms step_avg:185.78ms
step:2795/4150 train_time:519278ms step_avg:185.79ms
step:2796/4150 train_time:519505ms step_avg:185.80ms
step:2797/4150 train_time:519730ms step_avg:185.82ms
step:2798/4150 train_time:519960ms step_avg:185.83ms
step:2799/4150 train_time:520188ms step_avg:185.85ms
step:2800/4150 train_time:520421ms step_avg:185.86ms
step:2801/4150 train_time:520649ms step_avg:185.88ms
step:2802/4150 train_time:520884ms step_avg:185.90ms
step:2803/4150 train_time:521107ms step_avg:185.91ms
step:2804/4150 train_time:521335ms step_avg:185.93ms
step:2805/4150 train_time:521559ms step_avg:185.94ms
step:2806/4150 train_time:521787ms step_avg:185.95ms
step:2807/4150 train_time:522011ms step_avg:185.97ms
step:2808/4150 train_time:522241ms step_avg:185.98ms
step:2809/4150 train_time:522469ms step_avg:186.00ms
step:2810/4150 train_time:522698ms step_avg:186.01ms
step:2811/4150 train_time:522921ms step_avg:186.03ms
step:2812/4150 train_time:523151ms step_avg:186.04ms
step:2813/4150 train_time:523377ms step_avg:186.06ms
step:2814/4150 train_time:523605ms step_avg:186.07ms
step:2815/4150 train_time:523830ms step_avg:186.09ms
step:2816/4150 train_time:524059ms step_avg:186.10ms
step:2817/4150 train_time:524285ms step_avg:186.11ms
step:2818/4150 train_time:524515ms step_avg:186.13ms
step:2819/4150 train_time:524737ms step_avg:186.14ms
step:2820/4150 train_time:524969ms step_avg:186.16ms
step:2821/4150 train_time:525192ms step_avg:186.17ms
step:2822/4150 train_time:525423ms step_avg:186.19ms
step:2823/4150 train_time:525646ms step_avg:186.20ms
step:2824/4150 train_time:525879ms step_avg:186.22ms
step:2825/4150 train_time:526104ms step_avg:186.23ms
step:2826/4150 train_time:526333ms step_avg:186.25ms
step:2827/4150 train_time:526557ms step_avg:186.26ms
step:2828/4150 train_time:526788ms step_avg:186.28ms
step:2829/4150 train_time:527011ms step_avg:186.29ms
step:2830/4150 train_time:527244ms step_avg:186.31ms
step:2831/4150 train_time:527469ms step_avg:186.32ms
step:2832/4150 train_time:527697ms step_avg:186.33ms
step:2833/4150 train_time:527924ms step_avg:186.35ms
step:2834/4150 train_time:528153ms step_avg:186.36ms
step:2835/4150 train_time:528378ms step_avg:186.38ms
step:2836/4150 train_time:528610ms step_avg:186.39ms
step:2837/4150 train_time:528831ms step_avg:186.41ms
step:2838/4150 train_time:529064ms step_avg:186.42ms
step:2839/4150 train_time:529288ms step_avg:186.43ms
step:2840/4150 train_time:529519ms step_avg:186.45ms
step:2841/4150 train_time:529741ms step_avg:186.46ms
step:2842/4150 train_time:529972ms step_avg:186.48ms
step:2843/4150 train_time:530199ms step_avg:186.49ms
step:2844/4150 train_time:530428ms step_avg:186.51ms
step:2845/4150 train_time:530650ms step_avg:186.52ms
step:2846/4150 train_time:530880ms step_avg:186.54ms
step:2847/4150 train_time:531106ms step_avg:186.55ms
step:2848/4150 train_time:531341ms step_avg:186.57ms
step:2849/4150 train_time:531563ms step_avg:186.58ms
step:2850/4150 train_time:531793ms step_avg:186.59ms
step:2851/4150 train_time:532016ms step_avg:186.61ms
step:2852/4150 train_time:532247ms step_avg:186.62ms
step:2853/4150 train_time:532472ms step_avg:186.64ms
step:2854/4150 train_time:532700ms step_avg:186.65ms
step:2855/4150 train_time:532925ms step_avg:186.66ms
step:2856/4150 train_time:533156ms step_avg:186.68ms
step:2857/4150 train_time:533383ms step_avg:186.69ms
step:2858/4150 train_time:533615ms step_avg:186.71ms
step:2859/4150 train_time:533839ms step_avg:186.72ms
step:2860/4150 train_time:534068ms step_avg:186.74ms
step:2861/4150 train_time:534293ms step_avg:186.75ms
step:2862/4150 train_time:534524ms step_avg:186.77ms
step:2863/4150 train_time:534746ms step_avg:186.78ms
step:2864/4150 train_time:534977ms step_avg:186.79ms
step:2865/4150 train_time:535200ms step_avg:186.81ms
step:2866/4150 train_time:535431ms step_avg:186.82ms
step:2867/4150 train_time:535656ms step_avg:186.84ms
step:2868/4150 train_time:535886ms step_avg:186.85ms
step:2869/4150 train_time:536112ms step_avg:186.86ms
step:2870/4150 train_time:536342ms step_avg:186.88ms
step:2871/4150 train_time:536569ms step_avg:186.89ms
step:2872/4150 train_time:536799ms step_avg:186.91ms
step:2873/4150 train_time:537022ms step_avg:186.92ms
step:2874/4150 train_time:537254ms step_avg:186.94ms
step:2875/4150 train_time:537477ms step_avg:186.95ms
step:2876/4150 train_time:537708ms step_avg:186.96ms
step:2877/4150 train_time:537936ms step_avg:186.98ms
step:2878/4150 train_time:538166ms step_avg:186.99ms
step:2879/4150 train_time:538390ms step_avg:187.01ms
step:2880/4150 train_time:538620ms step_avg:187.02ms
step:2881/4150 train_time:538845ms step_avg:187.03ms
step:2882/4150 train_time:539075ms step_avg:187.05ms
step:2883/4150 train_time:539300ms step_avg:187.06ms
step:2884/4150 train_time:539528ms step_avg:187.08ms
step:2885/4150 train_time:539749ms step_avg:187.09ms
step:2886/4150 train_time:539982ms step_avg:187.10ms
step:2887/4150 train_time:540204ms step_avg:187.12ms
step:2888/4150 train_time:540434ms step_avg:187.13ms
step:2889/4150 train_time:540658ms step_avg:187.14ms
step:2890/4150 train_time:540886ms step_avg:187.16ms
step:2891/4150 train_time:541110ms step_avg:187.17ms
step:2892/4150 train_time:541344ms step_avg:187.19ms
step:2893/4150 train_time:541568ms step_avg:187.20ms
step:2894/4150 train_time:541796ms step_avg:187.21ms
step:2895/4150 train_time:542019ms step_avg:187.23ms
step:2896/4150 train_time:542250ms step_avg:187.24ms
step:2897/4150 train_time:542475ms step_avg:187.25ms
step:2898/4150 train_time:542704ms step_avg:187.27ms
step:2899/4150 train_time:542929ms step_avg:187.28ms
step:2900/4150 train_time:543159ms step_avg:187.30ms
step:2901/4150 train_time:543383ms step_avg:187.31ms
step:2902/4150 train_time:543617ms step_avg:187.33ms
step:2903/4150 train_time:543837ms step_avg:187.34ms
step:2904/4150 train_time:544067ms step_avg:187.35ms
step:2905/4150 train_time:544292ms step_avg:187.36ms
step:2906/4150 train_time:544524ms step_avg:187.38ms
step:2907/4150 train_time:544750ms step_avg:187.39ms
step:2908/4150 train_time:544979ms step_avg:187.41ms
step:2909/4150 train_time:545203ms step_avg:187.42ms
step:2910/4150 train_time:545436ms step_avg:187.43ms
step:2911/4150 train_time:545661ms step_avg:187.45ms
step:2912/4150 train_time:545894ms step_avg:187.46ms
step:2913/4150 train_time:546118ms step_avg:187.48ms
step:2914/4150 train_time:546348ms step_avg:187.49ms
step:2915/4150 train_time:546574ms step_avg:187.50ms
step:2916/4150 train_time:546804ms step_avg:187.52ms
step:2917/4150 train_time:547028ms step_avg:187.53ms
step:2918/4150 train_time:547258ms step_avg:187.55ms
step:2919/4150 train_time:547484ms step_avg:187.56ms
step:2920/4150 train_time:547715ms step_avg:187.57ms
step:2921/4150 train_time:547939ms step_avg:187.59ms
step:2922/4150 train_time:548167ms step_avg:187.60ms
step:2923/4150 train_time:548392ms step_avg:187.61ms
step:2924/4150 train_time:548622ms step_avg:187.63ms
step:2925/4150 train_time:548845ms step_avg:187.64ms
step:2926/4150 train_time:549073ms step_avg:187.65ms
step:2927/4150 train_time:549297ms step_avg:187.67ms
step:2928/4150 train_time:549523ms step_avg:187.68ms
step:2929/4150 train_time:549747ms step_avg:187.69ms
step:2930/4150 train_time:549976ms step_avg:187.71ms
step:2931/4150 train_time:550199ms step_avg:187.72ms
step:2932/4150 train_time:550431ms step_avg:187.73ms
step:2933/4150 train_time:550655ms step_avg:187.74ms
step:2934/4150 train_time:550886ms step_avg:187.76ms
step:2935/4150 train_time:551110ms step_avg:187.77ms
step:2936/4150 train_time:551342ms step_avg:187.79ms
step:2937/4150 train_time:551570ms step_avg:187.80ms
step:2938/4150 train_time:551804ms step_avg:187.82ms
step:2939/4150 train_time:552026ms step_avg:187.83ms
step:2940/4150 train_time:552256ms step_avg:187.84ms
step:2941/4150 train_time:552478ms step_avg:187.85ms
step:2942/4150 train_time:552711ms step_avg:187.87ms
step:2943/4150 train_time:552934ms step_avg:187.88ms
step:2944/4150 train_time:553165ms step_avg:187.90ms
step:2945/4150 train_time:553389ms step_avg:187.91ms
step:2946/4150 train_time:553620ms step_avg:187.92ms
step:2947/4150 train_time:553846ms step_avg:187.94ms
step:2948/4150 train_time:554077ms step_avg:187.95ms
step:2949/4150 train_time:554300ms step_avg:187.96ms
step:2950/4150 train_time:554528ms step_avg:187.98ms
step:2951/4150 train_time:554757ms step_avg:187.99ms
step:2952/4150 train_time:554989ms step_avg:188.00ms
step:2953/4150 train_time:555213ms step_avg:188.02ms
step:2954/4150 train_time:555447ms step_avg:188.03ms
step:2955/4150 train_time:555673ms step_avg:188.05ms
step:2956/4150 train_time:555903ms step_avg:188.06ms
step:2957/4150 train_time:556128ms step_avg:188.07ms
step:2958/4150 train_time:556358ms step_avg:188.09ms
step:2959/4150 train_time:556583ms step_avg:188.10ms
step:2960/4150 train_time:556813ms step_avg:188.11ms
step:2961/4150 train_time:557039ms step_avg:188.13ms
step:2962/4150 train_time:557267ms step_avg:188.14ms
step:2963/4150 train_time:557493ms step_avg:188.15ms
step:2964/4150 train_time:557723ms step_avg:188.17ms
step:2965/4150 train_time:557950ms step_avg:188.18ms
step:2966/4150 train_time:558182ms step_avg:188.19ms
step:2967/4150 train_time:558406ms step_avg:188.21ms
step:2968/4150 train_time:558637ms step_avg:188.22ms
step:2969/4150 train_time:558866ms step_avg:188.23ms
step:2970/4150 train_time:559095ms step_avg:188.25ms
step:2971/4150 train_time:559317ms step_avg:188.26ms
step:2972/4150 train_time:559548ms step_avg:188.27ms
step:2973/4150 train_time:559774ms step_avg:188.29ms
step:2974/4150 train_time:560005ms step_avg:188.30ms
step:2975/4150 train_time:560231ms step_avg:188.31ms
step:2976/4150 train_time:560459ms step_avg:188.33ms
step:2977/4150 train_time:560684ms step_avg:188.34ms
step:2978/4150 train_time:560918ms step_avg:188.35ms
step:2979/4150 train_time:561141ms step_avg:188.37ms
step:2980/4150 train_time:561373ms step_avg:188.38ms
step:2981/4150 train_time:561595ms step_avg:188.39ms
step:2982/4150 train_time:561825ms step_avg:188.41ms
step:2983/4150 train_time:562049ms step_avg:188.42ms
step:2984/4150 train_time:562283ms step_avg:188.43ms
step:2985/4150 train_time:562509ms step_avg:188.45ms
step:2986/4150 train_time:562738ms step_avg:188.46ms
step:2987/4150 train_time:562961ms step_avg:188.47ms
step:2988/4150 train_time:563191ms step_avg:188.48ms
step:2989/4150 train_time:563415ms step_avg:188.50ms
step:2990/4150 train_time:563642ms step_avg:188.51ms
step:2991/4150 train_time:563869ms step_avg:188.52ms
step:2992/4150 train_time:564098ms step_avg:188.54ms
step:2993/4150 train_time:564324ms step_avg:188.55ms
step:2994/4150 train_time:564554ms step_avg:188.56ms
step:2995/4150 train_time:564779ms step_avg:188.57ms
step:2996/4150 train_time:565008ms step_avg:188.59ms
step:2997/4150 train_time:565232ms step_avg:188.60ms
step:2998/4150 train_time:565465ms step_avg:188.61ms
step:2999/4150 train_time:565689ms step_avg:188.63ms
step:3000/4150 train_time:565920ms step_avg:188.64ms
step:3000/4150 val_loss:3.0387 train_time:566126ms step_avg:188.71ms
step:3001/4150 train_time:566148ms step_avg:188.65ms
step:3002/4150 train_time:566375ms step_avg:188.67ms
step:3003/4150 train_time:566606ms step_avg:188.68ms
step:3004/4150 train_time:566835ms step_avg:188.69ms
step:3005/4150 train_time:567058ms step_avg:188.70ms
step:3006/4150 train_time:567291ms step_avg:188.72ms
step:3007/4150 train_time:567519ms step_avg:188.73ms
step:3008/4150 train_time:567748ms step_avg:188.75ms
step:3009/4150 train_time:567970ms step_avg:188.76ms
step:3010/4150 train_time:568203ms step_avg:188.77ms
step:3011/4150 train_time:568430ms step_avg:188.78ms
step:3012/4150 train_time:568658ms step_avg:188.80ms
step:3013/4150 train_time:568882ms step_avg:188.81ms
step:3014/4150 train_time:569112ms step_avg:188.82ms
step:3015/4150 train_time:569334ms step_avg:188.83ms
step:3016/4150 train_time:569565ms step_avg:188.85ms
step:3017/4150 train_time:569789ms step_avg:188.86ms
step:3018/4150 train_time:570019ms step_avg:188.87ms
step:3019/4150 train_time:570242ms step_avg:188.88ms
step:3020/4150 train_time:570475ms step_avg:188.90ms
step:3021/4150 train_time:570700ms step_avg:188.91ms
step:3022/4150 train_time:570928ms step_avg:188.92ms
step:3023/4150 train_time:571151ms step_avg:188.94ms
step:3024/4150 train_time:571382ms step_avg:188.95ms
step:3025/4150 train_time:571609ms step_avg:188.96ms
step:3026/4150 train_time:571838ms step_avg:188.97ms
step:3027/4150 train_time:572062ms step_avg:188.99ms
step:3028/4150 train_time:572293ms step_avg:189.00ms
step:3029/4150 train_time:572523ms step_avg:189.01ms
step:3030/4150 train_time:572752ms step_avg:189.03ms
step:3031/4150 train_time:572979ms step_avg:189.04ms
step:3032/4150 train_time:573208ms step_avg:189.05ms
step:3033/4150 train_time:573436ms step_avg:189.07ms
step:3034/4150 train_time:573669ms step_avg:189.08ms
step:3035/4150 train_time:573896ms step_avg:189.09ms
step:3036/4150 train_time:574125ms step_avg:189.11ms
step:3037/4150 train_time:574352ms step_avg:189.12ms
step:3038/4150 train_time:574585ms step_avg:189.13ms
step:3039/4150 train_time:574812ms step_avg:189.15ms
step:3040/4150 train_time:575041ms step_avg:189.16ms
step:3041/4150 train_time:575264ms step_avg:189.17ms
step:3042/4150 train_time:575493ms step_avg:189.18ms
step:3043/4150 train_time:575719ms step_avg:189.19ms
step:3044/4150 train_time:575949ms step_avg:189.21ms
step:3045/4150 train_time:576174ms step_avg:189.22ms
step:3046/4150 train_time:576404ms step_avg:189.23ms
step:3047/4150 train_time:576631ms step_avg:189.25ms
step:3048/4150 train_time:576859ms step_avg:189.26ms
step:3049/4150 train_time:577081ms step_avg:189.27ms
step:3050/4150 train_time:577313ms step_avg:189.28ms
step:3051/4150 train_time:577540ms step_avg:189.30ms
step:3052/4150 train_time:577769ms step_avg:189.31ms
step:3053/4150 train_time:577994ms step_avg:189.32ms
step:3054/4150 train_time:578227ms step_avg:189.33ms
step:3055/4150 train_time:578451ms step_avg:189.35ms
step:3056/4150 train_time:578682ms step_avg:189.36ms
step:3057/4150 train_time:578911ms step_avg:189.37ms
step:3058/4150 train_time:579138ms step_avg:189.38ms
step:3059/4150 train_time:579365ms step_avg:189.40ms
step:3060/4150 train_time:579599ms step_avg:189.41ms
step:3061/4150 train_time:579822ms step_avg:189.42ms
step:3062/4150 train_time:580051ms step_avg:189.44ms
step:3063/4150 train_time:580276ms step_avg:189.45ms
step:3064/4150 train_time:580508ms step_avg:189.46ms
step:3065/4150 train_time:580731ms step_avg:189.47ms
step:3066/4150 train_time:580960ms step_avg:189.48ms
step:3067/4150 train_time:581191ms step_avg:189.50ms
step:3068/4150 train_time:581420ms step_avg:189.51ms
step:3069/4150 train_time:581650ms step_avg:189.52ms
step:3070/4150 train_time:581879ms step_avg:189.54ms
step:3071/4150 train_time:582105ms step_avg:189.55ms
step:3072/4150 train_time:582334ms step_avg:189.56ms
step:3073/4150 train_time:582558ms step_avg:189.57ms
step:3074/4150 train_time:582791ms step_avg:189.59ms
step:3075/4150 train_time:583018ms step_avg:189.60ms
step:3076/4150 train_time:583245ms step_avg:189.61ms
step:3077/4150 train_time:583475ms step_avg:189.62ms
step:3078/4150 train_time:583701ms step_avg:189.64ms
step:3079/4150 train_time:583931ms step_avg:189.65ms
step:3080/4150 train_time:584159ms step_avg:189.66ms
step:3081/4150 train_time:584387ms step_avg:189.67ms
step:3082/4150 train_time:584619ms step_avg:189.69ms
step:3083/4150 train_time:584843ms step_avg:189.70ms
step:3084/4150 train_time:585076ms step_avg:189.71ms
step:3085/4150 train_time:585298ms step_avg:189.72ms
step:3086/4150 train_time:585528ms step_avg:189.74ms
step:3087/4150 train_time:585752ms step_avg:189.75ms
step:3088/4150 train_time:585984ms step_avg:189.76ms
step:3089/4150 train_time:586208ms step_avg:189.77ms
step:3090/4150 train_time:586440ms step_avg:189.79ms
step:3091/4150 train_time:586665ms step_avg:189.80ms
step:3092/4150 train_time:586893ms step_avg:189.81ms
step:3093/4150 train_time:587119ms step_avg:189.82ms
step:3094/4150 train_time:587350ms step_avg:189.84ms
step:3095/4150 train_time:587576ms step_avg:189.85ms
step:3096/4150 train_time:587806ms step_avg:189.86ms
step:3097/4150 train_time:588033ms step_avg:189.87ms
step:3098/4150 train_time:588260ms step_avg:189.88ms
step:3099/4150 train_time:588488ms step_avg:189.90ms
step:3100/4150 train_time:588719ms step_avg:189.91ms
step:3101/4150 train_time:588943ms step_avg:189.92ms
step:3102/4150 train_time:589174ms step_avg:189.93ms
step:3103/4150 train_time:589398ms step_avg:189.94ms
step:3104/4150 train_time:589629ms step_avg:189.96ms
step:3105/4150 train_time:589853ms step_avg:189.97ms
step:3106/4150 train_time:590084ms step_avg:189.98ms
step:3107/4150 train_time:590312ms step_avg:189.99ms
step:3108/4150 train_time:590543ms step_avg:190.01ms
step:3109/4150 train_time:590770ms step_avg:190.02ms
step:3110/4150 train_time:591000ms step_avg:190.03ms
step:3111/4150 train_time:591226ms step_avg:190.04ms
step:3112/4150 train_time:591458ms step_avg:190.06ms
step:3113/4150 train_time:591683ms step_avg:190.07ms
step:3114/4150 train_time:591913ms step_avg:190.08ms
step:3115/4150 train_time:592138ms step_avg:190.09ms
step:3116/4150 train_time:592370ms step_avg:190.11ms
step:3117/4150 train_time:592598ms step_avg:190.12ms
step:3118/4150 train_time:592829ms step_avg:190.13ms
step:3119/4150 train_time:593054ms step_avg:190.14ms
step:3120/4150 train_time:593285ms step_avg:190.16ms
step:3121/4150 train_time:593508ms step_avg:190.17ms
step:3122/4150 train_time:593736ms step_avg:190.18ms
step:3123/4150 train_time:593961ms step_avg:190.19ms
step:3124/4150 train_time:594193ms step_avg:190.20ms
step:3125/4150 train_time:594420ms step_avg:190.21ms
step:3126/4150 train_time:594648ms step_avg:190.23ms
step:3127/4150 train_time:594873ms step_avg:190.24ms
step:3128/4150 train_time:595104ms step_avg:190.25ms
step:3129/4150 train_time:595329ms step_avg:190.26ms
step:3130/4150 train_time:595564ms step_avg:190.28ms
step:3131/4150 train_time:595788ms step_avg:190.29ms
step:3132/4150 train_time:596020ms step_avg:190.30ms
step:3133/4150 train_time:596244ms step_avg:190.31ms
step:3134/4150 train_time:596477ms step_avg:190.32ms
step:3135/4150 train_time:596702ms step_avg:190.34ms
step:3136/4150 train_time:596933ms step_avg:190.35ms
step:3137/4150 train_time:597157ms step_avg:190.36ms
step:3138/4150 train_time:597387ms step_avg:190.37ms
step:3139/4150 train_time:597613ms step_avg:190.38ms
step:3140/4150 train_time:597842ms step_avg:190.40ms
step:3141/4150 train_time:598071ms step_avg:190.41ms
step:3142/4150 train_time:598301ms step_avg:190.42ms
step:3143/4150 train_time:598527ms step_avg:190.43ms
step:3144/4150 train_time:598759ms step_avg:190.45ms
step:3145/4150 train_time:598982ms step_avg:190.46ms
step:3146/4150 train_time:599214ms step_avg:190.47ms
step:3147/4150 train_time:599439ms step_avg:190.48ms
step:3148/4150 train_time:599669ms step_avg:190.49ms
step:3149/4150 train_time:599896ms step_avg:190.50ms
step:3150/4150 train_time:600125ms step_avg:190.52ms
step:3151/4150 train_time:600351ms step_avg:190.53ms
step:3152/4150 train_time:600582ms step_avg:190.54ms
step:3153/4150 train_time:600810ms step_avg:190.55ms
step:3154/4150 train_time:601041ms step_avg:190.56ms
step:3155/4150 train_time:601266ms step_avg:190.58ms
step:3156/4150 train_time:601499ms step_avg:190.59ms
step:3157/4150 train_time:601724ms step_avg:190.60ms
step:3158/4150 train_time:601956ms step_avg:190.61ms
step:3159/4150 train_time:602179ms step_avg:190.62ms
step:3160/4150 train_time:602411ms step_avg:190.64ms
step:3161/4150 train_time:602636ms step_avg:190.65ms
step:3162/4150 train_time:602869ms step_avg:190.66ms
step:3163/4150 train_time:603092ms step_avg:190.67ms
step:3164/4150 train_time:603325ms step_avg:190.68ms
step:3165/4150 train_time:603551ms step_avg:190.70ms
step:3166/4150 train_time:603783ms step_avg:190.71ms
step:3167/4150 train_time:604009ms step_avg:190.72ms
step:3168/4150 train_time:604240ms step_avg:190.73ms
step:3169/4150 train_time:604468ms step_avg:190.74ms
step:3170/4150 train_time:604700ms step_avg:190.76ms
step:3171/4150 train_time:604926ms step_avg:190.77ms
step:3172/4150 train_time:605156ms step_avg:190.78ms
step:3173/4150 train_time:605379ms step_avg:190.79ms
step:3174/4150 train_time:605610ms step_avg:190.80ms
step:3175/4150 train_time:605833ms step_avg:190.81ms
step:3176/4150 train_time:606063ms step_avg:190.83ms
step:3177/4150 train_time:606291ms step_avg:190.84ms
step:3178/4150 train_time:606519ms step_avg:190.85ms
step:3179/4150 train_time:606745ms step_avg:190.86ms
step:3180/4150 train_time:606980ms step_avg:190.87ms
step:3181/4150 train_time:607205ms step_avg:190.88ms
step:3182/4150 train_time:607438ms step_avg:190.90ms
step:3183/4150 train_time:607661ms step_avg:190.91ms
step:3184/4150 train_time:607894ms step_avg:190.92ms
step:3185/4150 train_time:608120ms step_avg:190.93ms
step:3186/4150 train_time:608352ms step_avg:190.95ms
step:3187/4150 train_time:608580ms step_avg:190.96ms
step:3188/4150 train_time:608811ms step_avg:190.97ms
step:3189/4150 train_time:609035ms step_avg:190.98ms
step:3190/4150 train_time:609265ms step_avg:190.99ms
step:3191/4150 train_time:609491ms step_avg:191.00ms
step:3192/4150 train_time:609719ms step_avg:191.01ms
step:3193/4150 train_time:609947ms step_avg:191.03ms
step:3194/4150 train_time:610178ms step_avg:191.04ms
step:3195/4150 train_time:610405ms step_avg:191.05ms
step:3196/4150 train_time:610633ms step_avg:191.06ms
step:3197/4150 train_time:610857ms step_avg:191.07ms
step:3198/4150 train_time:611086ms step_avg:191.08ms
step:3199/4150 train_time:611316ms step_avg:191.10ms
step:3200/4150 train_time:611545ms step_avg:191.11ms
step:3201/4150 train_time:611768ms step_avg:191.12ms
step:3202/4150 train_time:611998ms step_avg:191.13ms
step:3203/4150 train_time:612223ms step_avg:191.14ms
step:3204/4150 train_time:612454ms step_avg:191.15ms
step:3205/4150 train_time:612680ms step_avg:191.16ms
step:3206/4150 train_time:612911ms step_avg:191.18ms
step:3207/4150 train_time:613133ms step_avg:191.19ms
step:3208/4150 train_time:613363ms step_avg:191.20ms
step:3209/4150 train_time:613587ms step_avg:191.21ms
step:3210/4150 train_time:613817ms step_avg:191.22ms
step:3211/4150 train_time:614042ms step_avg:191.23ms
step:3212/4150 train_time:614274ms step_avg:191.24ms
step:3213/4150 train_time:614501ms step_avg:191.25ms
step:3214/4150 train_time:614730ms step_avg:191.27ms
step:3215/4150 train_time:614953ms step_avg:191.28ms
step:3216/4150 train_time:615184ms step_avg:191.29ms
step:3217/4150 train_time:615408ms step_avg:191.30ms
step:3218/4150 train_time:615640ms step_avg:191.31ms
step:3219/4150 train_time:615865ms step_avg:191.32ms
step:3220/4150 train_time:616100ms step_avg:191.34ms
step:3221/4150 train_time:616320ms step_avg:191.34ms
step:3222/4150 train_time:616551ms step_avg:191.36ms
step:3223/4150 train_time:616776ms step_avg:191.37ms
step:3224/4150 train_time:617007ms step_avg:191.38ms
step:3225/4150 train_time:617233ms step_avg:191.39ms
step:3226/4150 train_time:617461ms step_avg:191.40ms
step:3227/4150 train_time:617690ms step_avg:191.41ms
step:3228/4150 train_time:617920ms step_avg:191.42ms
step:3229/4150 train_time:618144ms step_avg:191.44ms
step:3230/4150 train_time:618371ms step_avg:191.45ms
step:3231/4150 train_time:618599ms step_avg:191.46ms
step:3232/4150 train_time:618828ms step_avg:191.47ms
step:3233/4150 train_time:619050ms step_avg:191.48ms
step:3234/4150 train_time:619281ms step_avg:191.49ms
step:3235/4150 train_time:619507ms step_avg:191.50ms
step:3236/4150 train_time:619739ms step_avg:191.51ms
step:3237/4150 train_time:619963ms step_avg:191.52ms
step:3238/4150 train_time:620195ms step_avg:191.54ms
step:3239/4150 train_time:620419ms step_avg:191.55ms
step:3240/4150 train_time:620649ms step_avg:191.56ms
step:3241/4150 train_time:620874ms step_avg:191.57ms
step:3242/4150 train_time:621104ms step_avg:191.58ms
step:3243/4150 train_time:621328ms step_avg:191.59ms
step:3244/4150 train_time:621563ms step_avg:191.60ms
step:3245/4150 train_time:621790ms step_avg:191.61ms
step:3246/4150 train_time:622021ms step_avg:191.63ms
step:3247/4150 train_time:622247ms step_avg:191.64ms
step:3248/4150 train_time:622478ms step_avg:191.65ms
step:3249/4150 train_time:622705ms step_avg:191.66ms
step:3250/4150 train_time:622935ms step_avg:191.67ms
step:3250/4150 val_loss:3.0068 train_time:623141ms step_avg:191.74ms
step:3251/4150 train_time:623163ms step_avg:191.68ms
step:3252/4150 train_time:623393ms step_avg:191.70ms
step:3253/4150 train_time:623620ms step_avg:191.71ms
step:3254/4150 train_time:623849ms step_avg:191.72ms
step:3255/4150 train_time:624072ms step_avg:191.73ms
step:3256/4150 train_time:624307ms step_avg:191.74ms
step:3257/4150 train_time:624535ms step_avg:191.75ms
step:3258/4150 train_time:624762ms step_avg:191.76ms
step:3259/4150 train_time:624983ms step_avg:191.77ms
step:3260/4150 train_time:625218ms step_avg:191.78ms
step:3261/4150 train_time:625443ms step_avg:191.79ms
step:3262/4150 train_time:625673ms step_avg:191.81ms
step:3263/4150 train_time:625895ms step_avg:191.82ms
step:3264/4150 train_time:626128ms step_avg:191.83ms
step:3265/4150 train_time:626356ms step_avg:191.84ms
step:3266/4150 train_time:626583ms step_avg:191.85ms
step:3267/4150 train_time:626806ms step_avg:191.86ms
step:3268/4150 train_time:627035ms step_avg:191.87ms
step:3269/4150 train_time:627261ms step_avg:191.88ms
step:3270/4150 train_time:627494ms step_avg:191.89ms
step:3271/4150 train_time:627718ms step_avg:191.90ms
step:3272/4150 train_time:627945ms step_avg:191.91ms
step:3273/4150 train_time:628170ms step_avg:191.92ms
step:3274/4150 train_time:628400ms step_avg:191.94ms
step:3275/4150 train_time:628627ms step_avg:191.95ms
step:3276/4150 train_time:628861ms step_avg:191.96ms
step:3277/4150 train_time:629086ms step_avg:191.97ms
step:3278/4150 train_time:629316ms step_avg:191.98ms
step:3279/4150 train_time:629543ms step_avg:191.99ms
step:3280/4150 train_time:629773ms step_avg:192.00ms
step:3281/4150 train_time:629997ms step_avg:192.01ms
step:3282/4150 train_time:630228ms step_avg:192.03ms
step:3283/4150 train_time:630453ms step_avg:192.04ms
step:3284/4150 train_time:630686ms step_avg:192.05ms
step:3285/4150 train_time:630910ms step_avg:192.06ms
step:3286/4150 train_time:631146ms step_avg:192.07ms
step:3287/4150 train_time:631371ms step_avg:192.08ms
step:3288/4150 train_time:631602ms step_avg:192.09ms
step:3289/4150 train_time:631830ms step_avg:192.10ms
step:3290/4150 train_time:632058ms step_avg:192.11ms
step:3291/4150 train_time:632284ms step_avg:192.13ms
step:3292/4150 train_time:632515ms step_avg:192.14ms
step:3293/4150 train_time:632739ms step_avg:192.15ms
step:3294/4150 train_time:632970ms step_avg:192.16ms
step:3295/4150 train_time:633192ms step_avg:192.17ms
step:3296/4150 train_time:633424ms step_avg:192.18ms
step:3297/4150 train_time:633652ms step_avg:192.19ms
step:3298/4150 train_time:633883ms step_avg:192.20ms
step:3299/4150 train_time:634111ms step_avg:192.21ms
step:3300/4150 train_time:634342ms step_avg:192.22ms
step:3301/4150 train_time:634568ms step_avg:192.23ms
step:3302/4150 train_time:634799ms step_avg:192.25ms
step:3303/4150 train_time:635026ms step_avg:192.26ms
step:3304/4150 train_time:635255ms step_avg:192.27ms
step:3305/4150 train_time:635482ms step_avg:192.28ms
step:3306/4150 train_time:635710ms step_avg:192.29ms
step:3307/4150 train_time:635933ms step_avg:192.30ms
step:3308/4150 train_time:636163ms step_avg:192.31ms
step:3309/4150 train_time:636390ms step_avg:192.32ms
step:3310/4150 train_time:636619ms step_avg:192.33ms
step:3311/4150 train_time:636848ms step_avg:192.34ms
step:3312/4150 train_time:637079ms step_avg:192.35ms
step:3313/4150 train_time:637306ms step_avg:192.37ms
step:3314/4150 train_time:637536ms step_avg:192.38ms
step:3315/4150 train_time:637765ms step_avg:192.39ms
step:3316/4150 train_time:637997ms step_avg:192.40ms
step:3317/4150 train_time:638223ms step_avg:192.41ms
step:3318/4150 train_time:638458ms step_avg:192.42ms
step:3319/4150 train_time:638683ms step_avg:192.43ms
step:3320/4150 train_time:638913ms step_avg:192.44ms
step:3321/4150 train_time:639135ms step_avg:192.45ms
step:3322/4150 train_time:639363ms step_avg:192.46ms
step:3323/4150 train_time:639588ms step_avg:192.47ms
step:3324/4150 train_time:639821ms step_avg:192.49ms
step:3325/4150 train_time:640045ms step_avg:192.49ms
step:3326/4150 train_time:640276ms step_avg:192.51ms
step:3327/4150 train_time:640499ms step_avg:192.52ms
step:3328/4150 train_time:640728ms step_avg:192.53ms
step:3329/4150 train_time:640954ms step_avg:192.54ms
step:3330/4150 train_time:641183ms step_avg:192.55ms
step:3331/4150 train_time:641411ms step_avg:192.56ms
step:3332/4150 train_time:641641ms step_avg:192.57ms
step:3333/4150 train_time:641866ms step_avg:192.58ms
step:3334/4150 train_time:642095ms step_avg:192.59ms
step:3335/4150 train_time:642318ms step_avg:192.60ms
step:3336/4150 train_time:642551ms step_avg:192.61ms
step:3337/4150 train_time:642778ms step_avg:192.62ms
step:3338/4150 train_time:643010ms step_avg:192.63ms
step:3339/4150 train_time:643233ms step_avg:192.64ms
step:3340/4150 train_time:643464ms step_avg:192.65ms
step:3341/4150 train_time:643691ms step_avg:192.66ms
step:3342/4150 train_time:643924ms step_avg:192.68ms
step:3343/4150 train_time:644148ms step_avg:192.69ms
step:3344/4150 train_time:644377ms step_avg:192.70ms
step:3345/4150 train_time:644603ms step_avg:192.71ms
step:3346/4150 train_time:644836ms step_avg:192.72ms
step:3347/4150 train_time:645058ms step_avg:192.73ms
step:3348/4150 train_time:645288ms step_avg:192.74ms
step:3349/4150 train_time:645513ms step_avg:192.75ms
step:3350/4150 train_time:645746ms step_avg:192.76ms
step:3351/4150 train_time:645971ms step_avg:192.77ms
step:3352/4150 train_time:646207ms step_avg:192.78ms
step:3353/4150 train_time:646433ms step_avg:192.79ms
step:3354/4150 train_time:646662ms step_avg:192.80ms
step:3355/4150 train_time:646887ms step_avg:192.81ms
step:3356/4150 train_time:647117ms step_avg:192.82ms
step:3357/4150 train_time:647342ms step_avg:192.83ms
step:3358/4150 train_time:647575ms step_avg:192.85ms
step:3359/4150 train_time:647798ms step_avg:192.85ms
step:3360/4150 train_time:648030ms step_avg:192.87ms
step:3361/4150 train_time:648253ms step_avg:192.88ms
step:3362/4150 train_time:648483ms step_avg:192.89ms
step:3363/4150 train_time:648710ms step_avg:192.90ms
step:3364/4150 train_time:648943ms step_avg:192.91ms
step:3365/4150 train_time:649168ms step_avg:192.92ms
step:3366/4150 train_time:649397ms step_avg:192.93ms
step:3367/4150 train_time:649621ms step_avg:192.94ms
step:3368/4150 train_time:649854ms step_avg:192.95ms
step:3369/4150 train_time:650079ms step_avg:192.96ms
step:3370/4150 train_time:650307ms step_avg:192.97ms
step:3371/4150 train_time:650535ms step_avg:192.98ms
step:3372/4150 train_time:650765ms step_avg:192.99ms
step:3373/4150 train_time:650989ms step_avg:193.00ms
step:3374/4150 train_time:651223ms step_avg:193.01ms
step:3375/4150 train_time:651446ms step_avg:193.02ms
step:3376/4150 train_time:651674ms step_avg:193.03ms
step:3377/4150 train_time:651901ms step_avg:193.04ms
step:3378/4150 train_time:652131ms step_avg:193.05ms
step:3379/4150 train_time:652358ms step_avg:193.06ms
step:3380/4150 train_time:652589ms step_avg:193.07ms
step:3381/4150 train_time:652817ms step_avg:193.08ms
step:3382/4150 train_time:653045ms step_avg:193.09ms
step:3383/4150 train_time:653273ms step_avg:193.10ms
step:3384/4150 train_time:653502ms step_avg:193.12ms
step:3385/4150 train_time:653728ms step_avg:193.12ms
step:3386/4150 train_time:653956ms step_avg:193.14ms
step:3387/4150 train_time:654179ms step_avg:193.14ms
step:3388/4150 train_time:654413ms step_avg:193.16ms
step:3389/4150 train_time:654642ms step_avg:193.17ms
step:3390/4150 train_time:654874ms step_avg:193.18ms
step:3391/4150 train_time:655098ms step_avg:193.19ms
step:3392/4150 train_time:655328ms step_avg:193.20ms
step:3393/4150 train_time:655556ms step_avg:193.21ms
step:3394/4150 train_time:655789ms step_avg:193.22ms
step:3395/4150 train_time:656015ms step_avg:193.23ms
step:3396/4150 train_time:656248ms step_avg:193.24ms
step:3397/4150 train_time:656471ms step_avg:193.25ms
step:3398/4150 train_time:656706ms step_avg:193.26ms
step:3399/4150 train_time:656927ms step_avg:193.27ms
step:3400/4150 train_time:657159ms step_avg:193.28ms
step:3401/4150 train_time:657383ms step_avg:193.29ms
step:3402/4150 train_time:657617ms step_avg:193.30ms
step:3403/4150 train_time:657842ms step_avg:193.31ms
step:3404/4150 train_time:658072ms step_avg:193.32ms
step:3405/4150 train_time:658295ms step_avg:193.33ms
step:3406/4150 train_time:658527ms step_avg:193.34ms
step:3407/4150 train_time:658751ms step_avg:193.35ms
step:3408/4150 train_time:658981ms step_avg:193.36ms
step:3409/4150 train_time:659205ms step_avg:193.37ms
step:3410/4150 train_time:659434ms step_avg:193.38ms
step:3411/4150 train_time:659663ms step_avg:193.39ms
step:3412/4150 train_time:659896ms step_avg:193.40ms
step:3413/4150 train_time:660123ms step_avg:193.41ms
step:3414/4150 train_time:660353ms step_avg:193.42ms
step:3415/4150 train_time:660579ms step_avg:193.43ms
step:3416/4150 train_time:660812ms step_avg:193.45ms
step:3417/4150 train_time:661038ms step_avg:193.46ms
step:3418/4150 train_time:661269ms step_avg:193.47ms
step:3419/4150 train_time:661493ms step_avg:193.48ms
step:3420/4150 train_time:661725ms step_avg:193.49ms
step:3421/4150 train_time:661949ms step_avg:193.50ms
step:3422/4150 train_time:662180ms step_avg:193.51ms
step:3423/4150 train_time:662407ms step_avg:193.52ms
step:3424/4150 train_time:662638ms step_avg:193.53ms
step:3425/4150 train_time:662862ms step_avg:193.54ms
step:3426/4150 train_time:663090ms step_avg:193.55ms
step:3427/4150 train_time:663317ms step_avg:193.56ms
step:3428/4150 train_time:663545ms step_avg:193.57ms
step:3429/4150 train_time:663775ms step_avg:193.58ms
step:3430/4150 train_time:664008ms step_avg:193.59ms
step:3431/4150 train_time:664231ms step_avg:193.60ms
step:3432/4150 train_time:664462ms step_avg:193.61ms
step:3433/4150 train_time:664688ms step_avg:193.62ms
step:3434/4150 train_time:664918ms step_avg:193.63ms
step:3435/4150 train_time:665144ms step_avg:193.64ms
step:3436/4150 train_time:665372ms step_avg:193.65ms
step:3437/4150 train_time:665597ms step_avg:193.66ms
step:3438/4150 train_time:665827ms step_avg:193.67ms
step:3439/4150 train_time:666059ms step_avg:193.68ms
step:3440/4150 train_time:666287ms step_avg:193.69ms
step:3441/4150 train_time:666514ms step_avg:193.70ms
step:3442/4150 train_time:666743ms step_avg:193.71ms
step:3443/4150 train_time:666969ms step_avg:193.72ms
step:3444/4150 train_time:667200ms step_avg:193.73ms
step:3445/4150 train_time:667422ms step_avg:193.74ms
step:3446/4150 train_time:667653ms step_avg:193.75ms
step:3447/4150 train_time:667876ms step_avg:193.76ms
step:3448/4150 train_time:668110ms step_avg:193.77ms
step:3449/4150 train_time:668336ms step_avg:193.78ms
step:3450/4150 train_time:668565ms step_avg:193.79ms
step:3451/4150 train_time:668790ms step_avg:193.80ms
step:3452/4150 train_time:669022ms step_avg:193.81ms
step:3453/4150 train_time:669247ms step_avg:193.82ms
step:3454/4150 train_time:669476ms step_avg:193.83ms
step:3455/4150 train_time:669702ms step_avg:193.84ms
step:3456/4150 train_time:669937ms step_avg:193.85ms
step:3457/4150 train_time:670163ms step_avg:193.86ms
step:3458/4150 train_time:670395ms step_avg:193.87ms
step:3459/4150 train_time:670619ms step_avg:193.88ms
step:3460/4150 train_time:670846ms step_avg:193.89ms
step:3461/4150 train_time:671072ms step_avg:193.90ms
step:3462/4150 train_time:671302ms step_avg:193.91ms
step:3463/4150 train_time:671529ms step_avg:193.92ms
step:3464/4150 train_time:671756ms step_avg:193.92ms
step:3465/4150 train_time:671983ms step_avg:193.93ms
step:3466/4150 train_time:672215ms step_avg:193.95ms
step:3467/4150 train_time:672439ms step_avg:193.95ms
step:3468/4150 train_time:672669ms step_avg:193.96ms
step:3469/4150 train_time:672895ms step_avg:193.97ms
step:3470/4150 train_time:673129ms step_avg:193.99ms
step:3471/4150 train_time:673355ms step_avg:193.99ms
step:3472/4150 train_time:673583ms step_avg:194.00ms
step:3473/4150 train_time:673808ms step_avg:194.01ms
step:3474/4150 train_time:674042ms step_avg:194.02ms
step:3475/4150 train_time:674263ms step_avg:194.03ms
step:3476/4150 train_time:674495ms step_avg:194.04ms
step:3477/4150 train_time:674721ms step_avg:194.05ms
step:3478/4150 train_time:674955ms step_avg:194.06ms
step:3479/4150 train_time:675177ms step_avg:194.07ms
step:3480/4150 train_time:675410ms step_avg:194.08ms
step:3481/4150 train_time:675632ms step_avg:194.09ms
step:3482/4150 train_time:675860ms step_avg:194.10ms
step:3483/4150 train_time:676084ms step_avg:194.11ms
step:3484/4150 train_time:676317ms step_avg:194.12ms
step:3485/4150 train_time:676544ms step_avg:194.13ms
step:3486/4150 train_time:676773ms step_avg:194.14ms
step:3487/4150 train_time:676998ms step_avg:194.15ms
step:3488/4150 train_time:677227ms step_avg:194.16ms
step:3489/4150 train_time:677453ms step_avg:194.17ms
step:3490/4150 train_time:677686ms step_avg:194.18ms
step:3491/4150 train_time:677911ms step_avg:194.19ms
step:3492/4150 train_time:678139ms step_avg:194.20ms
step:3493/4150 train_time:678363ms step_avg:194.21ms
step:3494/4150 train_time:678593ms step_avg:194.22ms
step:3495/4150 train_time:678817ms step_avg:194.23ms
step:3496/4150 train_time:679044ms step_avg:194.23ms
step:3497/4150 train_time:679269ms step_avg:194.24ms
step:3498/4150 train_time:679504ms step_avg:194.26ms
step:3499/4150 train_time:679725ms step_avg:194.26ms
step:3500/4150 train_time:679954ms step_avg:194.27ms
step:3500/4150 val_loss:2.9757 train_time:680159ms step_avg:194.33ms
step:3501/4150 train_time:680181ms step_avg:194.28ms
step:3502/4150 train_time:680408ms step_avg:194.29ms
step:3503/4150 train_time:680642ms step_avg:194.30ms
step:3504/4150 train_time:680866ms step_avg:194.31ms
step:3505/4150 train_time:681089ms step_avg:194.32ms
step:3506/4150 train_time:681325ms step_avg:194.33ms
step:3507/4150 train_time:681552ms step_avg:194.34ms
step:3508/4150 train_time:681782ms step_avg:194.35ms
step:3509/4150 train_time:682004ms step_avg:194.36ms
step:3510/4150 train_time:682232ms step_avg:194.37ms
step:3511/4150 train_time:682459ms step_avg:194.38ms
step:3512/4150 train_time:682693ms step_avg:194.39ms
step:3513/4150 train_time:682915ms step_avg:194.40ms
step:3514/4150 train_time:683145ms step_avg:194.41ms
step:3515/4150 train_time:683372ms step_avg:194.42ms
step:3516/4150 train_time:683601ms step_avg:194.43ms
step:3517/4150 train_time:683826ms step_avg:194.43ms
step:3518/4150 train_time:684053ms step_avg:194.44ms
step:3519/4150 train_time:684279ms step_avg:194.45ms
step:3520/4150 train_time:684512ms step_avg:194.46ms
step:3521/4150 train_time:684739ms step_avg:194.47ms
step:3522/4150 train_time:684970ms step_avg:194.48ms
step:3523/4150 train_time:685191ms step_avg:194.49ms
step:3524/4150 train_time:685422ms step_avg:194.50ms
step:3525/4150 train_time:685646ms step_avg:194.51ms
step:3526/4150 train_time:685873ms step_avg:194.52ms
step:3527/4150 train_time:686096ms step_avg:194.53ms
step:3528/4150 train_time:686325ms step_avg:194.54ms
step:3529/4150 train_time:686552ms step_avg:194.55ms
step:3530/4150 train_time:686782ms step_avg:194.56ms
step:3531/4150 train_time:687003ms step_avg:194.56ms
step:3532/4150 train_time:687233ms step_avg:194.57ms
step:3533/4150 train_time:687459ms step_avg:194.58ms
step:3534/4150 train_time:687687ms step_avg:194.59ms
step:3535/4150 train_time:687914ms step_avg:194.60ms
step:3536/4150 train_time:688143ms step_avg:194.61ms
step:3537/4150 train_time:688367ms step_avg:194.62ms
step:3538/4150 train_time:688595ms step_avg:194.63ms
step:3539/4150 train_time:688820ms step_avg:194.64ms
step:3540/4150 train_time:689049ms step_avg:194.65ms
step:3541/4150 train_time:689275ms step_avg:194.66ms
step:3542/4150 train_time:689504ms step_avg:194.67ms
step:3543/4150 train_time:689728ms step_avg:194.67ms
step:3544/4150 train_time:689959ms step_avg:194.68ms
step:3545/4150 train_time:690182ms step_avg:194.69ms
step:3546/4150 train_time:690416ms step_avg:194.70ms
step:3547/4150 train_time:690642ms step_avg:194.71ms
step:3548/4150 train_time:690871ms step_avg:194.72ms
step:3549/4150 train_time:691095ms step_avg:194.73ms
step:3550/4150 train_time:691323ms step_avg:194.74ms
step:3551/4150 train_time:691550ms step_avg:194.75ms
step:3552/4150 train_time:691781ms step_avg:194.76ms
step:3553/4150 train_time:692008ms step_avg:194.77ms
step:3554/4150 train_time:692243ms step_avg:194.78ms
step:3555/4150 train_time:692464ms step_avg:194.79ms
step:3556/4150 train_time:692692ms step_avg:194.80ms
step:3557/4150 train_time:692918ms step_avg:194.80ms
step:3558/4150 train_time:693151ms step_avg:194.81ms
step:3559/4150 train_time:693375ms step_avg:194.82ms
step:3560/4150 train_time:693604ms step_avg:194.83ms
step:3561/4150 train_time:693826ms step_avg:194.84ms
step:3562/4150 train_time:694057ms step_avg:194.85ms
step:3563/4150 train_time:694281ms step_avg:194.86ms
step:3564/4150 train_time:694510ms step_avg:194.87ms
step:3565/4150 train_time:694733ms step_avg:194.88ms
step:3566/4150 train_time:694963ms step_avg:194.89ms
step:3567/4150 train_time:695191ms step_avg:194.90ms
step:3568/4150 train_time:695420ms step_avg:194.90ms
step:3569/4150 train_time:695646ms step_avg:194.91ms
step:3570/4150 train_time:695874ms step_avg:194.92ms
step:3571/4150 train_time:696097ms step_avg:194.93ms
step:3572/4150 train_time:696328ms step_avg:194.94ms
step:3573/4150 train_time:696556ms step_avg:194.95ms
step:3574/4150 train_time:696788ms step_avg:194.96ms
step:3575/4150 train_time:697013ms step_avg:194.97ms
step:3576/4150 train_time:697246ms step_avg:194.98ms
step:3577/4150 train_time:697473ms step_avg:194.99ms
step:3578/4150 train_time:697702ms step_avg:195.00ms
step:3579/4150 train_time:697927ms step_avg:195.01ms
step:3580/4150 train_time:698160ms step_avg:195.02ms
step:3581/4150 train_time:698384ms step_avg:195.02ms
step:3582/4150 train_time:698614ms step_avg:195.03ms
step:3583/4150 train_time:698841ms step_avg:195.04ms
step:3584/4150 train_time:699071ms step_avg:195.05ms
step:3585/4150 train_time:699295ms step_avg:195.06ms
step:3586/4150 train_time:699524ms step_avg:195.07ms
step:3587/4150 train_time:699749ms step_avg:195.08ms
step:3588/4150 train_time:699981ms step_avg:195.09ms
step:3589/4150 train_time:700204ms step_avg:195.10ms
step:3590/4150 train_time:700438ms step_avg:195.11ms
step:3591/4150 train_time:700662ms step_avg:195.12ms
step:3592/4150 train_time:700893ms step_avg:195.13ms
step:3593/4150 train_time:701117ms step_avg:195.13ms
step:3594/4150 train_time:701350ms step_avg:195.14ms
step:3595/4150 train_time:701574ms step_avg:195.15ms
step:3596/4150 train_time:701807ms step_avg:195.16ms
step:3597/4150 train_time:702032ms step_avg:195.17ms
step:3598/4150 train_time:702264ms step_avg:195.18ms
step:3599/4150 train_time:702487ms step_avg:195.19ms
step:3600/4150 train_time:702717ms step_avg:195.20ms
step:3601/4150 train_time:702943ms step_avg:195.21ms
step:3602/4150 train_time:703173ms step_avg:195.22ms
step:3603/4150 train_time:703396ms step_avg:195.23ms
step:3604/4150 train_time:703627ms step_avg:195.23ms
step:3605/4150 train_time:703851ms step_avg:195.24ms
step:3606/4150 train_time:704080ms step_avg:195.25ms
step:3607/4150 train_time:704309ms step_avg:195.26ms
step:3608/4150 train_time:704541ms step_avg:195.27ms
step:3609/4150 train_time:704765ms step_avg:195.28ms
step:3610/4150 train_time:704994ms step_avg:195.29ms
step:3611/4150 train_time:705218ms step_avg:195.30ms
step:3612/4150 train_time:705451ms step_avg:195.31ms
step:3613/4150 train_time:705673ms step_avg:195.32ms
step:3614/4150 train_time:705901ms step_avg:195.32ms
step:3615/4150 train_time:706125ms step_avg:195.33ms
step:3616/4150 train_time:706356ms step_avg:195.34ms
step:3617/4150 train_time:706582ms step_avg:195.35ms
step:3618/4150 train_time:706814ms step_avg:195.36ms
step:3619/4150 train_time:707038ms step_avg:195.37ms
step:3620/4150 train_time:707269ms step_avg:195.38ms
step:3621/4150 train_time:707496ms step_avg:195.39ms
step:3622/4150 train_time:707727ms step_avg:195.40ms
step:3623/4150 train_time:707954ms step_avg:195.41ms
step:3624/4150 train_time:708184ms step_avg:195.42ms
step:3625/4150 train_time:708408ms step_avg:195.42ms
step:3626/4150 train_time:708638ms step_avg:195.43ms
step:3627/4150 train_time:708862ms step_avg:195.44ms
step:3628/4150 train_time:709089ms step_avg:195.45ms
step:3629/4150 train_time:709312ms step_avg:195.46ms
step:3630/4150 train_time:709543ms step_avg:195.47ms
step:3631/4150 train_time:709769ms step_avg:195.47ms
step:3632/4150 train_time:710000ms step_avg:195.48ms
step:3633/4150 train_time:710224ms step_avg:195.49ms
step:3634/4150 train_time:710455ms step_avg:195.50ms
step:3635/4150 train_time:710680ms step_avg:195.51ms
step:3636/4150 train_time:710911ms step_avg:195.52ms
step:3637/4150 train_time:711137ms step_avg:195.53ms
step:3638/4150 train_time:711366ms step_avg:195.54ms
step:3639/4150 train_time:711593ms step_avg:195.55ms
step:3640/4150 train_time:711822ms step_avg:195.56ms
step:3641/4150 train_time:712046ms step_avg:195.56ms
step:3642/4150 train_time:712276ms step_avg:195.57ms
step:3643/4150 train_time:712501ms step_avg:195.58ms
step:3644/4150 train_time:712733ms step_avg:195.59ms
step:3645/4150 train_time:712963ms step_avg:195.60ms
step:3646/4150 train_time:713195ms step_avg:195.61ms
step:3647/4150 train_time:713417ms step_avg:195.62ms
step:3648/4150 train_time:713647ms step_avg:195.63ms
step:3649/4150 train_time:713870ms step_avg:195.63ms
step:3650/4150 train_time:714101ms step_avg:195.64ms
step:3651/4150 train_time:714324ms step_avg:195.65ms
step:3652/4150 train_time:714555ms step_avg:195.66ms
step:3653/4150 train_time:714784ms step_avg:195.67ms
step:3654/4150 train_time:715017ms step_avg:195.68ms
step:3655/4150 train_time:715242ms step_avg:195.69ms
step:3656/4150 train_time:715471ms step_avg:195.70ms
step:3657/4150 train_time:715697ms step_avg:195.71ms
step:3658/4150 train_time:715924ms step_avg:195.71ms
step:3659/4150 train_time:716149ms step_avg:195.72ms
step:3660/4150 train_time:716379ms step_avg:195.73ms
step:3661/4150 train_time:716605ms step_avg:195.74ms
step:3662/4150 train_time:716835ms step_avg:195.75ms
step:3663/4150 train_time:717063ms step_avg:195.76ms
step:3664/4150 train_time:717293ms step_avg:195.77ms
step:3665/4150 train_time:717518ms step_avg:195.78ms
step:3666/4150 train_time:717747ms step_avg:195.78ms
step:3667/4150 train_time:717970ms step_avg:195.79ms
step:3668/4150 train_time:718202ms step_avg:195.80ms
step:3669/4150 train_time:718426ms step_avg:195.81ms
step:3670/4150 train_time:718656ms step_avg:195.82ms
step:3671/4150 train_time:718881ms step_avg:195.83ms
step:3672/4150 train_time:719114ms step_avg:195.84ms
step:3673/4150 train_time:719340ms step_avg:195.85ms
step:3674/4150 train_time:719571ms step_avg:195.85ms
step:3675/4150 train_time:719799ms step_avg:195.86ms
step:3676/4150 train_time:720034ms step_avg:195.87ms
step:3677/4150 train_time:720256ms step_avg:195.88ms
step:3678/4150 train_time:720488ms step_avg:195.89ms
step:3679/4150 train_time:720712ms step_avg:195.90ms
step:3680/4150 train_time:720941ms step_avg:195.91ms
step:3681/4150 train_time:721165ms step_avg:195.92ms
step:3682/4150 train_time:721396ms step_avg:195.93ms
step:3683/4150 train_time:721621ms step_avg:195.93ms
step:3684/4150 train_time:721859ms step_avg:195.94ms
step:3685/4150 train_time:722085ms step_avg:195.95ms
step:3686/4150 train_time:722316ms step_avg:195.96ms
step:3687/4150 train_time:722541ms step_avg:195.97ms
step:3688/4150 train_time:722772ms step_avg:195.98ms
step:3689/4150 train_time:723000ms step_avg:195.99ms
step:3690/4150 train_time:723230ms step_avg:196.00ms
step:3691/4150 train_time:723456ms step_avg:196.01ms
step:3692/4150 train_time:723686ms step_avg:196.01ms
step:3693/4150 train_time:723908ms step_avg:196.02ms
step:3694/4150 train_time:724137ms step_avg:196.03ms
step:3695/4150 train_time:724360ms step_avg:196.04ms
step:3696/4150 train_time:724593ms step_avg:196.05ms
step:3697/4150 train_time:724815ms step_avg:196.05ms
step:3698/4150 train_time:725044ms step_avg:196.06ms
step:3699/4150 train_time:725269ms step_avg:196.07ms
step:3700/4150 train_time:725502ms step_avg:196.08ms
step:3701/4150 train_time:725725ms step_avg:196.09ms
step:3702/4150 train_time:725956ms step_avg:196.10ms
step:3703/4150 train_time:726182ms step_avg:196.11ms
step:3704/4150 train_time:726412ms step_avg:196.12ms
step:3705/4150 train_time:726640ms step_avg:196.12ms
step:3706/4150 train_time:726871ms step_avg:196.13ms
step:3707/4150 train_time:727095ms step_avg:196.14ms
step:3708/4150 train_time:727324ms step_avg:196.15ms
step:3709/4150 train_time:727549ms step_avg:196.16ms
step:3710/4150 train_time:727776ms step_avg:196.17ms
step:3711/4150 train_time:728003ms step_avg:196.17ms
step:3712/4150 train_time:728235ms step_avg:196.18ms
step:3713/4150 train_time:728460ms step_avg:196.19ms
step:3714/4150 train_time:728688ms step_avg:196.20ms
step:3715/4150 train_time:728918ms step_avg:196.21ms
step:3716/4150 train_time:729151ms step_avg:196.22ms
step:3717/4150 train_time:729375ms step_avg:196.23ms
step:3718/4150 train_time:729608ms step_avg:196.24ms
step:3719/4150 train_time:729834ms step_avg:196.24ms
step:3720/4150 train_time:730065ms step_avg:196.25ms
step:3721/4150 train_time:730288ms step_avg:196.26ms
step:3722/4150 train_time:730519ms step_avg:196.27ms
step:3723/4150 train_time:730743ms step_avg:196.28ms
step:3724/4150 train_time:730974ms step_avg:196.29ms
step:3725/4150 train_time:731196ms step_avg:196.29ms
step:3726/4150 train_time:731427ms step_avg:196.30ms
step:3727/4150 train_time:731651ms step_avg:196.31ms
step:3728/4150 train_time:731881ms step_avg:196.32ms
step:3729/4150 train_time:732106ms step_avg:196.33ms
step:3730/4150 train_time:732336ms step_avg:196.34ms
step:3731/4150 train_time:732557ms step_avg:196.34ms
step:3732/4150 train_time:732785ms step_avg:196.35ms
step:3733/4150 train_time:733012ms step_avg:196.36ms
step:3734/4150 train_time:733245ms step_avg:196.37ms
step:3735/4150 train_time:733470ms step_avg:196.38ms
step:3736/4150 train_time:733703ms step_avg:196.39ms
step:3737/4150 train_time:733927ms step_avg:196.39ms
step:3738/4150 train_time:734157ms step_avg:196.40ms
step:3739/4150 train_time:734388ms step_avg:196.41ms
step:3740/4150 train_time:734617ms step_avg:196.42ms
step:3741/4150 train_time:734842ms step_avg:196.43ms
step:3742/4150 train_time:735070ms step_avg:196.44ms
step:3743/4150 train_time:735296ms step_avg:196.45ms
step:3744/4150 train_time:735526ms step_avg:196.45ms
step:3745/4150 train_time:735754ms step_avg:196.46ms
step:3746/4150 train_time:735985ms step_avg:196.47ms
step:3747/4150 train_time:736213ms step_avg:196.48ms
step:3748/4150 train_time:736446ms step_avg:196.49ms
step:3749/4150 train_time:736669ms step_avg:196.50ms
step:3750/4150 train_time:736904ms step_avg:196.51ms
step:3750/4150 val_loss:2.9485 train_time:737107ms step_avg:196.56ms
step:3751/4150 train_time:737129ms step_avg:196.52ms
step:3752/4150 train_time:737361ms step_avg:196.52ms
step:3753/4150 train_time:737588ms step_avg:196.53ms
step:3754/4150 train_time:737814ms step_avg:196.54ms
step:3755/4150 train_time:738044ms step_avg:196.55ms
step:3756/4150 train_time:738280ms step_avg:196.56ms
step:3757/4150 train_time:738508ms step_avg:196.57ms
step:3758/4150 train_time:738740ms step_avg:196.58ms
step:3759/4150 train_time:738961ms step_avg:196.58ms
step:3760/4150 train_time:739193ms step_avg:196.59ms
step:3761/4150 train_time:739422ms step_avg:196.60ms
step:3762/4150 train_time:739649ms step_avg:196.61ms
step:3763/4150 train_time:739874ms step_avg:196.62ms
step:3764/4150 train_time:740101ms step_avg:196.63ms
step:3765/4150 train_time:740328ms step_avg:196.63ms
step:3766/4150 train_time:740560ms step_avg:196.64ms
step:3767/4150 train_time:740785ms step_avg:196.65ms
step:3768/4150 train_time:741014ms step_avg:196.66ms
step:3769/4150 train_time:741242ms step_avg:196.67ms
step:3770/4150 train_time:741471ms step_avg:196.68ms
step:3771/4150 train_time:741694ms step_avg:196.68ms
step:3772/4150 train_time:741924ms step_avg:196.69ms
step:3773/4150 train_time:742148ms step_avg:196.70ms
step:3774/4150 train_time:742385ms step_avg:196.71ms
step:3775/4150 train_time:742607ms step_avg:196.72ms
step:3776/4150 train_time:742838ms step_avg:196.73ms
step:3777/4150 train_time:743062ms step_avg:196.73ms
step:3778/4150 train_time:743292ms step_avg:196.74ms
step:3779/4150 train_time:743515ms step_avg:196.75ms
step:3780/4150 train_time:743746ms step_avg:196.76ms
step:3781/4150 train_time:743971ms step_avg:196.77ms
step:3782/4150 train_time:744201ms step_avg:196.77ms
step:3783/4150 train_time:744428ms step_avg:196.78ms
step:3784/4150 train_time:744659ms step_avg:196.79ms
step:3785/4150 train_time:744883ms step_avg:196.80ms
step:3786/4150 train_time:745109ms step_avg:196.81ms
step:3787/4150 train_time:745336ms step_avg:196.81ms
step:3788/4150 train_time:745568ms step_avg:196.82ms
step:3789/4150 train_time:745791ms step_avg:196.83ms
step:3790/4150 train_time:746023ms step_avg:196.84ms
step:3791/4150 train_time:746248ms step_avg:196.85ms
step:3792/4150 train_time:746481ms step_avg:196.86ms
step:3793/4150 train_time:746709ms step_avg:196.86ms
step:3794/4150 train_time:746938ms step_avg:196.87ms
step:3795/4150 train_time:747167ms step_avg:196.88ms
step:3796/4150 train_time:747397ms step_avg:196.89ms
step:3797/4150 train_time:747621ms step_avg:196.90ms
step:3798/4150 train_time:747848ms step_avg:196.91ms
step:3799/4150 train_time:748075ms step_avg:196.91ms
step:3800/4150 train_time:748304ms step_avg:196.92ms
step:3801/4150 train_time:748532ms step_avg:196.93ms
step:3802/4150 train_time:748763ms step_avg:196.94ms
step:3803/4150 train_time:748992ms step_avg:196.95ms
step:3804/4150 train_time:749223ms step_avg:196.96ms
step:3805/4150 train_time:749449ms step_avg:196.96ms
step:3806/4150 train_time:749680ms step_avg:196.97ms
step:3807/4150 train_time:749904ms step_avg:196.98ms
step:3808/4150 train_time:750130ms step_avg:196.99ms
step:3809/4150 train_time:750355ms step_avg:197.00ms
step:3810/4150 train_time:750586ms step_avg:197.00ms
step:3811/4150 train_time:750811ms step_avg:197.01ms
step:3812/4150 train_time:751046ms step_avg:197.02ms
step:3813/4150 train_time:751272ms step_avg:197.03ms
step:3814/4150 train_time:751504ms step_avg:197.04ms
step:3815/4150 train_time:751728ms step_avg:197.05ms
step:3816/4150 train_time:751959ms step_avg:197.05ms
step:3817/4150 train_time:752186ms step_avg:197.06ms
step:3818/4150 train_time:752416ms step_avg:197.07ms
step:3819/4150 train_time:752641ms step_avg:197.08ms
step:3820/4150 train_time:752870ms step_avg:197.09ms
step:3821/4150 train_time:753099ms step_avg:197.09ms
step:3822/4150 train_time:753330ms step_avg:197.10ms
step:3823/4150 train_time:753557ms step_avg:197.11ms
step:3824/4150 train_time:753787ms step_avg:197.12ms
step:3825/4150 train_time:754013ms step_avg:197.13ms
step:3826/4150 train_time:754245ms step_avg:197.14ms
step:3827/4150 train_time:754472ms step_avg:197.14ms
step:3828/4150 train_time:754703ms step_avg:197.15ms
step:3829/4150 train_time:754930ms step_avg:197.16ms
step:3830/4150 train_time:755163ms step_avg:197.17ms
step:3831/4150 train_time:755391ms step_avg:197.18ms
step:3832/4150 train_time:755622ms step_avg:197.19ms
step:3833/4150 train_time:755844ms step_avg:197.19ms
step:3834/4150 train_time:756074ms step_avg:197.20ms
step:3835/4150 train_time:756300ms step_avg:197.21ms
step:3836/4150 train_time:756533ms step_avg:197.22ms
step:3837/4150 train_time:756758ms step_avg:197.23ms
step:3838/4150 train_time:756986ms step_avg:197.23ms
step:3839/4150 train_time:757212ms step_avg:197.24ms
step:3840/4150 train_time:757442ms step_avg:197.25ms
step:3841/4150 train_time:757666ms step_avg:197.26ms
step:3842/4150 train_time:757893ms step_avg:197.27ms
step:3843/4150 train_time:758117ms step_avg:197.27ms
step:3844/4150 train_time:758350ms step_avg:197.28ms
step:3845/4150 train_time:758576ms step_avg:197.29ms
step:3846/4150 train_time:758807ms step_avg:197.30ms
step:3847/4150 train_time:759036ms step_avg:197.31ms
step:3848/4150 train_time:759267ms step_avg:197.31ms
step:3849/4150 train_time:759490ms step_avg:197.32ms
step:3850/4150 train_time:759721ms step_avg:197.33ms
step:3851/4150 train_time:759944ms step_avg:197.34ms
step:3852/4150 train_time:760176ms step_avg:197.35ms
step:3853/4150 train_time:760405ms step_avg:197.35ms
step:3854/4150 train_time:760635ms step_avg:197.36ms
step:3855/4150 train_time:760861ms step_avg:197.37ms
step:3856/4150 train_time:761089ms step_avg:197.38ms
step:3857/4150 train_time:761314ms step_avg:197.38ms
step:3858/4150 train_time:761546ms step_avg:197.39ms
step:3859/4150 train_time:761771ms step_avg:197.40ms
step:3860/4150 train_time:762000ms step_avg:197.41ms
step:3861/4150 train_time:762228ms step_avg:197.42ms
step:3862/4150 train_time:762460ms step_avg:197.43ms
step:3863/4150 train_time:762686ms step_avg:197.43ms
step:3864/4150 train_time:762916ms step_avg:197.44ms
step:3865/4150 train_time:763142ms step_avg:197.45ms
step:3866/4150 train_time:763375ms step_avg:197.46ms
step:3867/4150 train_time:763602ms step_avg:197.47ms
step:3868/4150 train_time:763832ms step_avg:197.47ms
step:3869/4150 train_time:764055ms step_avg:197.48ms
step:3870/4150 train_time:764290ms step_avg:197.49ms
step:3871/4150 train_time:764514ms step_avg:197.50ms
step:3872/4150 train_time:764747ms step_avg:197.51ms
step:3873/4150 train_time:764971ms step_avg:197.51ms
step:3874/4150 train_time:765202ms step_avg:197.52ms
step:3875/4150 train_time:765428ms step_avg:197.53ms
step:3876/4150 train_time:765661ms step_avg:197.54ms
step:3877/4150 train_time:765887ms step_avg:197.55ms
step:3878/4150 train_time:766120ms step_avg:197.56ms
step:3879/4150 train_time:766345ms step_avg:197.56ms
step:3880/4150 train_time:766578ms step_avg:197.57ms
step:3881/4150 train_time:766803ms step_avg:197.58ms
step:3882/4150 train_time:767032ms step_avg:197.59ms
step:3883/4150 train_time:767259ms step_avg:197.59ms
step:3884/4150 train_time:767489ms step_avg:197.60ms
step:3885/4150 train_time:767714ms step_avg:197.61ms
step:3886/4150 train_time:767945ms step_avg:197.62ms
step:3887/4150 train_time:768170ms step_avg:197.63ms
step:3888/4150 train_time:768403ms step_avg:197.63ms
step:3889/4150 train_time:768633ms step_avg:197.64ms
step:3890/4150 train_time:768864ms step_avg:197.65ms
step:3891/4150 train_time:769091ms step_avg:197.66ms
step:3892/4150 train_time:769320ms step_avg:197.67ms
step:3893/4150 train_time:769546ms step_avg:197.67ms
step:3894/4150 train_time:769780ms step_avg:197.68ms
step:3895/4150 train_time:770003ms step_avg:197.69ms
step:3896/4150 train_time:770231ms step_avg:197.70ms
step:3897/4150 train_time:770456ms step_avg:197.70ms
step:3898/4150 train_time:770686ms step_avg:197.71ms
step:3899/4150 train_time:770910ms step_avg:197.72ms
step:3900/4150 train_time:771141ms step_avg:197.73ms
step:3901/4150 train_time:771367ms step_avg:197.74ms
step:3902/4150 train_time:771595ms step_avg:197.74ms
step:3903/4150 train_time:771820ms step_avg:197.75ms
step:3904/4150 train_time:772050ms step_avg:197.76ms
step:3905/4150 train_time:772276ms step_avg:197.77ms
step:3906/4150 train_time:772505ms step_avg:197.77ms
step:3907/4150 train_time:772728ms step_avg:197.78ms
step:3908/4150 train_time:772957ms step_avg:197.79ms
step:3909/4150 train_time:773181ms step_avg:197.79ms
step:3910/4150 train_time:773413ms step_avg:197.80ms
step:3911/4150 train_time:773640ms step_avg:197.81ms
step:3912/4150 train_time:773866ms step_avg:197.82ms
step:3913/4150 train_time:774090ms step_avg:197.83ms
step:3914/4150 train_time:774322ms step_avg:197.83ms
step:3915/4150 train_time:774546ms step_avg:197.84ms
step:3916/4150 train_time:774778ms step_avg:197.85ms
step:3917/4150 train_time:775004ms step_avg:197.86ms
step:3918/4150 train_time:775236ms step_avg:197.87ms
step:3919/4150 train_time:775461ms step_avg:197.87ms
step:3920/4150 train_time:775693ms step_avg:197.88ms
step:3921/4150 train_time:775917ms step_avg:197.89ms
step:3922/4150 train_time:776148ms step_avg:197.90ms
step:3923/4150 train_time:776372ms step_avg:197.90ms
step:3924/4150 train_time:776603ms step_avg:197.91ms
step:3925/4150 train_time:776828ms step_avg:197.92ms
step:3926/4150 train_time:777057ms step_avg:197.93ms
step:3927/4150 train_time:777284ms step_avg:197.93ms
step:3928/4150 train_time:777517ms step_avg:197.94ms
step:3929/4150 train_time:777741ms step_avg:197.95ms
step:3930/4150 train_time:777970ms step_avg:197.96ms
step:3931/4150 train_time:778195ms step_avg:197.96ms
step:3932/4150 train_time:778423ms step_avg:197.97ms
step:3933/4150 train_time:778644ms step_avg:197.98ms
step:3934/4150 train_time:778874ms step_avg:197.99ms
step:3935/4150 train_time:779099ms step_avg:197.99ms
step:3936/4150 train_time:779329ms step_avg:198.00ms
step:3937/4150 train_time:779555ms step_avg:198.01ms
step:3938/4150 train_time:779784ms step_avg:198.02ms
step:3939/4150 train_time:780009ms step_avg:198.02ms
step:3940/4150 train_time:780239ms step_avg:198.03ms
step:3941/4150 train_time:780466ms step_avg:198.04ms
step:3942/4150 train_time:780695ms step_avg:198.05ms
step:3943/4150 train_time:780922ms step_avg:198.05ms
step:3944/4150 train_time:781156ms step_avg:198.06ms
step:3945/4150 train_time:781381ms step_avg:198.07ms
step:3946/4150 train_time:781609ms step_avg:198.08ms
step:3947/4150 train_time:781834ms step_avg:198.08ms
step:3948/4150 train_time:782066ms step_avg:198.09ms
step:3949/4150 train_time:782290ms step_avg:198.10ms
step:3950/4150 train_time:782522ms step_avg:198.11ms
step:3951/4150 train_time:782745ms step_avg:198.11ms
step:3952/4150 train_time:782977ms step_avg:198.12ms
step:3953/4150 train_time:783202ms step_avg:198.13ms
step:3954/4150 train_time:783433ms step_avg:198.14ms
step:3955/4150 train_time:783657ms step_avg:198.14ms
step:3956/4150 train_time:783890ms step_avg:198.15ms
step:3957/4150 train_time:784115ms step_avg:198.16ms
step:3958/4150 train_time:784345ms step_avg:198.17ms
step:3959/4150 train_time:784570ms step_avg:198.17ms
step:3960/4150 train_time:784800ms step_avg:198.18ms
step:3961/4150 train_time:785026ms step_avg:198.19ms
step:3962/4150 train_time:785261ms step_avg:198.20ms
step:3963/4150 train_time:785486ms step_avg:198.20ms
step:3964/4150 train_time:785720ms step_avg:198.21ms
step:3965/4150 train_time:785946ms step_avg:198.22ms
step:3966/4150 train_time:786177ms step_avg:198.23ms
step:3967/4150 train_time:786399ms step_avg:198.24ms
step:3968/4150 train_time:786632ms step_avg:198.24ms
step:3969/4150 train_time:786861ms step_avg:198.25ms
step:3970/4150 train_time:787090ms step_avg:198.26ms
step:3971/4150 train_time:787313ms step_avg:198.27ms
step:3972/4150 train_time:787547ms step_avg:198.27ms
step:3973/4150 train_time:787771ms step_avg:198.28ms
step:3974/4150 train_time:787999ms step_avg:198.29ms
step:3975/4150 train_time:788223ms step_avg:198.30ms
step:3976/4150 train_time:788453ms step_avg:198.30ms
step:3977/4150 train_time:788678ms step_avg:198.31ms
step:3978/4150 train_time:788909ms step_avg:198.32ms
step:3979/4150 train_time:789133ms step_avg:198.32ms
step:3980/4150 train_time:789360ms step_avg:198.33ms
step:3981/4150 train_time:789583ms step_avg:198.34ms
step:3982/4150 train_time:789812ms step_avg:198.35ms
step:3983/4150 train_time:790039ms step_avg:198.35ms
step:3984/4150 train_time:790267ms step_avg:198.36ms
step:3985/4150 train_time:790492ms step_avg:198.37ms
step:3986/4150 train_time:790723ms step_avg:198.38ms
step:3987/4150 train_time:790947ms step_avg:198.38ms
step:3988/4150 train_time:791179ms step_avg:198.39ms
step:3989/4150 train_time:791402ms step_avg:198.40ms
step:3990/4150 train_time:791630ms step_avg:198.40ms
step:3991/4150 train_time:791855ms step_avg:198.41ms
step:3992/4150 train_time:792086ms step_avg:198.42ms
step:3993/4150 train_time:792308ms step_avg:198.42ms
step:3994/4150 train_time:792539ms step_avg:198.43ms
step:3995/4150 train_time:792766ms step_avg:198.44ms
step:3996/4150 train_time:792996ms step_avg:198.45ms
step:3997/4150 train_time:793218ms step_avg:198.45ms
step:3998/4150 train_time:793451ms step_avg:198.46ms
step:3999/4150 train_time:793677ms step_avg:198.47ms
step:4000/4150 train_time:793905ms step_avg:198.48ms
step:4000/4150 val_loss:2.9257 train_time:794113ms step_avg:198.53ms
step:4001/4150 train_time:794135ms step_avg:198.48ms
step:4002/4150 train_time:794365ms step_avg:198.49ms
step:4003/4150 train_time:794592ms step_avg:198.50ms
step:4004/4150 train_time:794823ms step_avg:198.51ms
step:4005/4150 train_time:795047ms step_avg:198.51ms
step:4006/4150 train_time:795279ms step_avg:198.52ms
step:4007/4150 train_time:795508ms step_avg:198.53ms
step:4008/4150 train_time:795737ms step_avg:198.54ms
step:4009/4150 train_time:795957ms step_avg:198.54ms
step:4010/4150 train_time:796193ms step_avg:198.55ms
step:4011/4150 train_time:796420ms step_avg:198.56ms
step:4012/4150 train_time:796650ms step_avg:198.57ms
step:4013/4150 train_time:796873ms step_avg:198.57ms
step:4014/4150 train_time:797102ms step_avg:198.58ms
step:4015/4150 train_time:797328ms step_avg:198.59ms
step:4016/4150 train_time:797559ms step_avg:198.60ms
step:4017/4150 train_time:797786ms step_avg:198.60ms
step:4018/4150 train_time:798019ms step_avg:198.61ms
step:4019/4150 train_time:798242ms step_avg:198.62ms
step:4020/4150 train_time:798472ms step_avg:198.62ms
step:4021/4150 train_time:798696ms step_avg:198.63ms
step:4022/4150 train_time:798927ms step_avg:198.64ms
step:4023/4150 train_time:799152ms step_avg:198.65ms
step:4024/4150 train_time:799385ms step_avg:198.65ms
step:4025/4150 train_time:799612ms step_avg:198.66ms
step:4026/4150 train_time:799839ms step_avg:198.67ms
step:4027/4150 train_time:800064ms step_avg:198.67ms
step:4028/4150 train_time:800293ms step_avg:198.68ms
step:4029/4150 train_time:800520ms step_avg:198.69ms
step:4030/4150 train_time:800751ms step_avg:198.70ms
step:4031/4150 train_time:800974ms step_avg:198.70ms
step:4032/4150 train_time:801208ms step_avg:198.71ms
step:4033/4150 train_time:801432ms step_avg:198.72ms
step:4034/4150 train_time:801662ms step_avg:198.73ms
step:4035/4150 train_time:801885ms step_avg:198.73ms
step:4036/4150 train_time:802113ms step_avg:198.74ms
step:4037/4150 train_time:802339ms step_avg:198.75ms
step:4038/4150 train_time:802572ms step_avg:198.75ms
step:4039/4150 train_time:802800ms step_avg:198.76ms
step:4040/4150 train_time:803027ms step_avg:198.77ms
step:4041/4150 train_time:803256ms step_avg:198.78ms
step:4042/4150 train_time:803486ms step_avg:198.78ms
step:4043/4150 train_time:803712ms step_avg:198.79ms
step:4044/4150 train_time:803942ms step_avg:198.80ms
step:4045/4150 train_time:804169ms step_avg:198.81ms
step:4046/4150 train_time:804399ms step_avg:198.81ms
step:4047/4150 train_time:804628ms step_avg:198.82ms
step:4048/4150 train_time:804856ms step_avg:198.83ms
step:4049/4150 train_time:805079ms step_avg:198.83ms
step:4050/4150 train_time:805312ms step_avg:198.84ms
step:4051/4150 train_time:805538ms step_avg:198.85ms
step:4052/4150 train_time:805769ms step_avg:198.86ms
step:4053/4150 train_time:805993ms step_avg:198.86ms
step:4054/4150 train_time:806219ms step_avg:198.87ms
step:4055/4150 train_time:806446ms step_avg:198.88ms
step:4056/4150 train_time:806678ms step_avg:198.88ms
step:4057/4150 train_time:806900ms step_avg:198.89ms
step:4058/4150 train_time:807134ms step_avg:198.90ms
step:4059/4150 train_time:807355ms step_avg:198.90ms
step:4060/4150 train_time:807587ms step_avg:198.91ms
step:4061/4150 train_time:807810ms step_avg:198.92ms
step:4062/4150 train_time:808042ms step_avg:198.93ms
step:4063/4150 train_time:808268ms step_avg:198.93ms
step:4064/4150 train_time:808500ms step_avg:198.94ms
step:4065/4150 train_time:808726ms step_avg:198.95ms
step:4066/4150 train_time:808956ms step_avg:198.96ms
step:4067/4150 train_time:809185ms step_avg:198.96ms
step:4068/4150 train_time:809416ms step_avg:198.97ms
step:4069/4150 train_time:809640ms step_avg:198.98ms
step:4070/4150 train_time:809871ms step_avg:198.99ms
step:4071/4150 train_time:810095ms step_avg:198.99ms
step:4072/4150 train_time:810324ms step_avg:199.00ms
step:4073/4150 train_time:810552ms step_avg:199.01ms
step:4074/4150 train_time:810782ms step_avg:199.01ms
step:4075/4150 train_time:811008ms step_avg:199.02ms
step:4076/4150 train_time:811237ms step_avg:199.03ms
step:4077/4150 train_time:811462ms step_avg:199.03ms
step:4078/4150 train_time:811692ms step_avg:199.04ms
step:4079/4150 train_time:811915ms step_avg:199.05ms
step:4080/4150 train_time:812145ms step_avg:199.06ms
step:4081/4150 train_time:812372ms step_avg:199.06ms
step:4082/4150 train_time:812602ms step_avg:199.07ms
step:4083/4150 train_time:812829ms step_avg:199.08ms
step:4084/4150 train_time:813060ms step_avg:199.08ms
step:4085/4150 train_time:813285ms step_avg:199.09ms
step:4086/4150 train_time:813517ms step_avg:199.10ms
step:4087/4150 train_time:813741ms step_avg:199.10ms
step:4088/4150 train_time:813971ms step_avg:199.11ms
step:4089/4150 train_time:814197ms step_avg:199.12ms
step:4090/4150 train_time:814428ms step_avg:199.13ms
step:4091/4150 train_time:814650ms step_avg:199.13ms
step:4092/4150 train_time:814885ms step_avg:199.14ms
step:4093/4150 train_time:815112ms step_avg:199.15ms
step:4094/4150 train_time:815345ms step_avg:199.16ms
step:4095/4150 train_time:815571ms step_avg:199.16ms
step:4096/4150 train_time:815800ms step_avg:199.17ms
step:4097/4150 train_time:816028ms step_avg:199.18ms
step:4098/4150 train_time:816255ms step_avg:199.18ms
step:4099/4150 train_time:816479ms step_avg:199.19ms
step:4100/4150 train_time:816711ms step_avg:199.20ms
step:4101/4150 train_time:816936ms step_avg:199.20ms
step:4102/4150 train_time:817169ms step_avg:199.21ms
step:4103/4150 train_time:817395ms step_avg:199.22ms
step:4104/4150 train_time:817626ms step_avg:199.23ms
step:4105/4150 train_time:817852ms step_avg:199.23ms
step:4106/4150 train_time:818081ms step_avg:199.24ms
step:4107/4150 train_time:818308ms step_avg:199.25ms
step:4108/4150 train_time:818537ms step_avg:199.25ms
step:4109/4150 train_time:818764ms step_avg:199.26ms
step:4110/4150 train_time:818995ms step_avg:199.27ms
step:4111/4150 train_time:819221ms step_avg:199.28ms
step:4112/4150 train_time:819456ms step_avg:199.28ms
step:4113/4150 train_time:819681ms step_avg:199.29ms
step:4114/4150 train_time:819912ms step_avg:199.30ms
step:4115/4150 train_time:820140ms step_avg:199.31ms
step:4116/4150 train_time:820371ms step_avg:199.31ms
step:4117/4150 train_time:820597ms step_avg:199.32ms
step:4118/4150 train_time:820825ms step_avg:199.33ms
step:4119/4150 train_time:821051ms step_avg:199.33ms
step:4120/4150 train_time:821280ms step_avg:199.34ms
step:4121/4150 train_time:821505ms step_avg:199.35ms
step:4122/4150 train_time:821737ms step_avg:199.35ms
step:4123/4150 train_time:821965ms step_avg:199.36ms
step:4124/4150 train_time:822193ms step_avg:199.37ms
step:4125/4150 train_time:822417ms step_avg:199.37ms
step:4126/4150 train_time:822646ms step_avg:199.38ms
step:4127/4150 train_time:822872ms step_avg:199.39ms
step:4128/4150 train_time:823106ms step_avg:199.40ms
step:4129/4150 train_time:823331ms step_avg:199.40ms
step:4130/4150 train_time:823560ms step_avg:199.41ms
step:4131/4150 train_time:823784ms step_avg:199.42ms
step:4132/4150 train_time:824015ms step_avg:199.42ms
step:4133/4150 train_time:824237ms step_avg:199.43ms
Exception in thread Thread-27 (_load):
Exception in thread Exception in thread Thread-27 (_load):
Traceback (most recent call last):
  File "/usr/lib/python3.10/threading.py", line 1016, in _bootstrap_inner
Exception in thread Thread-27 (_load):
Traceback (most recent call last):
Exception in thread Thread-27 (_load):
Traceback (most recent call last):
  File "/usr/lib/python3.10/threading.py", line 1016, in _bootstrap_inner
Exception in thread Thread-27 (_load)Traceback (most recent call last):
  File "/usr/lib/python3.10/threading.py", line 1016, in _bootstrap_inner
Thread-27 (_load):
Traceback (most recent call last):
  File "/usr/lib/python3.10/threading.py", line 1016, in _bootstrap_inner
    self.run()
  File "/usr/lib/python3.10/threading.py", line 953, in run
Exception in thread Exception in thread Thread-27 (_load):
Thread-27 (_load):
Traceback (most recent call last):
  File "/usr/lib/python3.10/threading.py", line 1016, in _bootstrap_inner
    self._target(*self._args, **self._kwargs)
  File "/root/modded-nanogpt-private/train_gpt_medium.py", line 1648, in _load
    self.run()
  File "/usr/lib/python3.10/threading.py", line 953, in run
  File "/usr/lib/python3.10/threading.py", line 1016, in _bootstrap_inner
    self._target(*self._args, **self._kwargs)
  File "/root/modded-nanogpt-private/train_gpt_medium.py", line 1648, in _load
:
Traceback (most recent call last):
  File "/usr/lib/python3.10/threading.py", line 1016, in _bootstrap_inner
    self.run()
  File "/usr/lib/python3.10/threading.py", line 953, in run
            self.run()self.run()

  File "/usr/lib/python3.10/threading.py", line 953, in run
  File "/usr/lib/python3.10/threading.py", line 953, in run
tokens = _load_data_shard(next(self.file_iter))
StopIteration    
self._target(*self._args, **self._kwargs)
  File "/root/modded-nanogpt-private/train_gpt_medium.py", line 1648, in _load
        tokens = _load_data_shard(next(self.file_iter))
    self._target(*self._args, **self._kwargs)
StopIterationself._target(*self._args, **self._kwargs)  File "/root/modded-nanogpt-private/train_gpt_medium.py", line 1648, in _load

  File "/root/modded-nanogpt-private/train_gpt_medium.py", line 1648, in _load
    self.run()

  File "/usr/lib/python3.10/threading.py", line 953, in run
    tokens = _load_data_shard(next(self.file_iter))
StopIteration
    Traceback (most recent call last):
self._target(*self._args, **self._kwargs)    
  File "/usr/lib/python3.10/threading.py", line 1016, in _bootstrap_inner
    tokens = _load_data_shard(next(self.file_iter))
StopIteration  File "/root/modded-nanogpt-private/train_gpt_medium.py", line 1648, in _load

tokens = _load_data_shard(next(self.file_iter))
StopIteration
    self.run()
  File "/usr/lib/python3.10/threading.py", line 953, in run
    self.run()
  File "/usr/lib/python3.10/threading.py", line 953, in run
    tokens = _load_data_shard(next(self.file_iter))
StopIteration
    self._target(*self._args, **self._kwargs)
  File "/root/modded-nanogpt-private/train_gpt_medium.py", line 1648, in _load
    self._target(*self._args, **self._kwargs)
  File "/root/modded-nanogpt-private/train_gpt_medium.py", line 1648, in _load
    tokens = _load_data_shard(next(self.file_iter))
    StopIteration
tokens = _load_data_shard(next(self.file_iter))
StopIteration
step:4134/4150 train_time:824466ms step_avg:199.44ms
step:4135/4150 train_time:824689ms step_avg:199.44ms
step:4136/4150 train_time:824918ms step_avg:199.45ms
step:4137/4150 train_time:825145ms step_avg:199.45ms
step:4138/4150 train_time:825376ms step_avg:199.46ms
step:4139/4150 train_time:825602ms step_avg:199.47ms
step:4140/4150 train_time:825833ms step_avg:199.48ms
step:4141/4150 train_time:826056ms step_avg:199.48ms
step:4142/4150 train_time:826285ms step_avg:199.49ms
step:4143/4150 train_time:826511ms step_avg:199.50ms
step:4144/4150 train_time:826739ms step_avg:199.50ms
step:4145/4150 train_time:826964ms step_avg:199.51ms
step:4146/4150 train_time:827194ms step_avg:199.52ms
step:4147/4150 train_time:827417ms step_avg:199.52ms
step:4148/4150 train_time:827649ms step_avg:199.53ms
step:4149/4150 train_time:827871ms step_avg:199.54ms
step:4150/4150 train_time:828102ms step_avg:199.54ms
step:4150/4150 val_loss:2.9146 train_time:828306ms step_avg:199.59ms
peak memory allocated: 60002 MiB reserved: 61022 MiB
